/*M!999999\- enable the sandbox mode */ 
-- MariaDB dump 10.19  Distrib 10.6.23-MariaDB, for debian-linux-gnu (x86_64)
--
-- Host: localhost    Database: kings_sacco
-- ------------------------------------------------------
-- Server version	10.6.23-MariaDB-0ubuntu0.22.04.1

/*!40101 SET @OLD_CHARACTER_SET_CLIENT=@@CHARACTER_SET_CLIENT */;
/*!40101 SET @OLD_CHARACTER_SET_RESULTS=@@CHARACTER_SET_RESULTS */;
/*!40101 SET @OLD_COLLATION_CONNECTION=@@COLLATION_CONNECTION */;
/*!40101 SET NAMES utf8mb4 */;
/*!40103 SET @OLD_TIME_ZONE=@@TIME_ZONE */;
/*!40103 SET TIME_ZONE='+00:00' */;
/*!40014 SET @OLD_UNIQUE_CHECKS=@@UNIQUE_CHECKS, UNIQUE_CHECKS=0 */;
/*!40014 SET @OLD_FOREIGN_KEY_CHECKS=@@FOREIGN_KEY_CHECKS, FOREIGN_KEY_CHECKS=0 */;
/*!40101 SET @OLD_SQL_MODE=@@SQL_MODE, SQL_MODE='NO_AUTO_VALUE_ON_ZERO' */;
/*!40111 SET @OLD_SQL_NOTES=@@SQL_NOTES, SQL_NOTES=0 */;

--
-- Table structure for table `admin_charge_payments`
--

DROP TABLE IF EXISTS `admin_charge_payments`;
/*!40101 SET @saved_cs_client     = @@character_set_client */;
/*!40101 SET character_set_client = utf8mb4 */;
CREATE TABLE `admin_charge_payments` (
  `id` int(11) NOT NULL AUTO_INCREMENT,
  `charge_id` int(11) NOT NULL,
  `amount_paid` decimal(10,2) NOT NULL,
  `payment_date` date NOT NULL,
  `payment_method` enum('cash','bank','mpesa','cheque') NOT NULL,
  `reference_no` varchar(50) DEFAULT NULL,
  `receipt_no` varchar(50) DEFAULT NULL,
  `notes` text DEFAULT NULL,
  `created_by` int(11) DEFAULT NULL,
  `created_at` timestamp NOT NULL DEFAULT current_timestamp(),
  PRIMARY KEY (`id`),
  UNIQUE KEY `receipt_no` (`receipt_no`),
  KEY `charge_id` (`charge_id`),
  KEY `created_by` (`created_by`),
  CONSTRAINT `admin_charge_payments_ibfk_1` FOREIGN KEY (`charge_id`) REFERENCES `admin_charges` (`id`) ON DELETE CASCADE,
  CONSTRAINT `admin_charge_payments_ibfk_2` FOREIGN KEY (`created_by`) REFERENCES `users` (`id`)
) ENGINE=InnoDB DEFAULT CHARSET=utf8mb4 COLLATE=utf8mb4_general_ci;
/*!40101 SET character_set_client = @saved_cs_client */;

--
-- Dumping data for table `admin_charge_payments`
--

LOCK TABLES `admin_charge_payments` WRITE;
/*!40000 ALTER TABLE `admin_charge_payments` DISABLE KEYS */;
/*!40000 ALTER TABLE `admin_charge_payments` ENABLE KEYS */;
UNLOCK TABLES;
/*!50003 SET @saved_cs_client      = @@character_set_client */ ;
/*!50003 SET @saved_cs_results     = @@character_set_results */ ;
/*!50003 SET @saved_col_connection = @@collation_connection */ ;
/*!50003 SET character_set_client  = utf8mb3 */ ;
/*!50003 SET character_set_results = utf8mb3 */ ;
/*!50003 SET collation_connection  = utf8mb3_general_ci */ ;
/*!50003 SET @saved_sql_mode       = @@sql_mode */ ;
/*!50003 SET sql_mode              = '' */ ;
DELIMITER ;;
/*!50003 CREATE*/ /*!50017 DEFINER=`pos`@`%`*/ /*!50003 TRIGGER after_admin_charge_payment
AFTER INSERT ON admin_charge_payments
FOR EACH ROW
BEGIN
    UPDATE member_charge_summary 
    SET total_paid = total_paid + NEW.amount_paid,
        last_payment_date = NEW.payment_date
    WHERE member_id = (SELECT member_id FROM admin_charges WHERE id = NEW.charge_id);
    
    UPDATE admin_charges 
    SET status = CASE 
        WHEN (SELECT SUM(amount_paid) FROM admin_charge_payments WHERE charge_id = NEW.charge_id) >= amount 
        THEN 'paid' ELSE 'pending' END,
        paid_date = CASE 
            WHEN (SELECT SUM(amount_paid) FROM admin_charge_payments WHERE charge_id = NEW.charge_id) >= amount 
            THEN NEW.payment_date ELSE NULL END
    WHERE id = NEW.charge_id;
END */;;
DELIMITER ;
/*!50003 SET sql_mode              = @saved_sql_mode */ ;
/*!50003 SET character_set_client  = @saved_cs_client */ ;
/*!50003 SET character_set_results = @saved_cs_results */ ;
/*!50003 SET collation_connection  = @saved_col_connection */ ;

--
-- Table structure for table `admin_charge_rates`
--

DROP TABLE IF EXISTS `admin_charge_rates`;
/*!40101 SET @saved_cs_client     = @@character_set_client */;
/*!40101 SET character_set_client = utf8mb4 */;
CREATE TABLE `admin_charge_rates` (
  `id` int(11) NOT NULL AUTO_INCREMENT,
  `charge_type` enum('registration','monthly_fee','annual_fee','statement_fee','sms_charge','ledger_fee','loan_processing','loan_insurance','guarantor_fee','dividend_processing','withdrawal_fee','transfer_fee','other') NOT NULL,
  `charge_name` varchar(100) NOT NULL,
  `calculation_method` enum('fixed','percentage','tiered') NOT NULL,
  `rate_value` decimal(10,2) NOT NULL,
  `min_amount` decimal(10,2) DEFAULT 0.00,
  `max_amount` decimal(10,2) DEFAULT NULL,
  `applies_to` enum('all','new_members','active_members','loan_applications','withdrawals') DEFAULT 'all',
  `frequency` enum('one_time','monthly','quarterly','annual') DEFAULT 'one_time',
  `description` text DEFAULT NULL,
  `is_active` tinyint(1) DEFAULT 1,
  `effective_from` date NOT NULL,
  `effective_to` date DEFAULT NULL,
  `created_by` int(11) DEFAULT NULL,
  `created_at` timestamp NOT NULL DEFAULT current_timestamp(),
  `updated_at` timestamp NULL DEFAULT NULL ON UPDATE current_timestamp(),
  PRIMARY KEY (`id`),
  KEY `created_by` (`created_by`),
  CONSTRAINT `admin_charge_rates_ibfk_1` FOREIGN KEY (`created_by`) REFERENCES `users` (`id`)
) ENGINE=InnoDB AUTO_INCREMENT=13 DEFAULT CHARSET=utf8mb4 COLLATE=utf8mb4_general_ci;
/*!40101 SET character_set_client = @saved_cs_client */;

--
-- Dumping data for table `admin_charge_rates`
--

LOCK TABLES `admin_charge_rates` WRITE;
/*!40000 ALTER TABLE `admin_charge_rates` DISABLE KEYS */;
INSERT INTO `admin_charge_rates` VALUES (1,'registration','Registration Fee','fixed',2000.00,2000.00,NULL,'new_members','one_time','One-time membership registration fee',1,'2026-03-14',NULL,1,'2026-03-14 00:31:46',NULL),(2,'monthly_fee','Monthly Maintenance Fee','fixed',100.00,100.00,NULL,'active_members','monthly','Monthly account maintenance fee',1,'2026-03-14',NULL,1,'2026-03-14 00:31:46',NULL),(3,'annual_fee','Annual Subscription Fee','fixed',500.00,500.00,NULL,'active_members','annual','Annual subscription for SACCO services',1,'2026-03-14',NULL,1,'2026-03-14 00:31:46',NULL),(4,'statement_fee','Statement Request Fee','fixed',50.00,50.00,NULL,'all','one_time','Fee for printed/emailed statements',1,'2026-03-14',NULL,1,'2026-03-14 00:31:46',NULL),(5,'sms_charge','SMS Notification Charge','fixed',5.00,5.00,NULL,'all','monthly','Per SMS notification charge',1,'2026-03-14',NULL,1,'2026-03-14 00:31:46',NULL),(6,'ledger_fee','Ledger Fee','fixed',20.00,20.00,NULL,'all','monthly','Monthly ledger maintenance fee',1,'2026-03-14',NULL,1,'2026-03-14 00:31:46',NULL),(7,'loan_processing','Loan Processing Fee','percentage',1.00,500.00,NULL,'loan_applications','one_time','1% of loan amount (min KES 500)',1,'2026-03-14',NULL,1,'2026-03-14 00:31:46',NULL),(8,'loan_insurance','Loan Insurance Fee','percentage',0.50,200.00,NULL,'loan_applications','one_time','0.5% loan insurance premium',1,'2026-03-14',NULL,1,'2026-03-14 00:31:46',NULL),(9,'guarantor_fee','Guarantor Processing Fee','fixed',200.00,200.00,NULL,'loan_applications','one_time','Fee per guarantor verification',1,'2026-03-14',NULL,1,'2026-03-14 00:31:46',NULL),(10,'dividend_processing','Dividend Processing Fee','percentage',1.00,100.00,NULL,'all','annual','1% of dividend amount',1,'2026-03-14',NULL,1,'2026-03-14 00:31:46',NULL),(11,'withdrawal_fee','Withdrawal Fee','percentage',0.50,50.00,NULL,'withdrawals','one_time','0.5% of withdrawal amount',1,'2026-03-14',NULL,1,'2026-03-14 00:31:46',NULL),(12,'transfer_fee','Transfer Fee','fixed',100.00,100.00,NULL,'all','one_time','Fee for inter-member transfers',1,'2026-03-14',NULL,1,'2026-03-14 00:31:46',NULL);
/*!40000 ALTER TABLE `admin_charge_rates` ENABLE KEYS */;
UNLOCK TABLES;

--
-- Table structure for table `admin_charge_waivers`
--

DROP TABLE IF EXISTS `admin_charge_waivers`;
/*!40101 SET @saved_cs_client     = @@character_set_client */;
/*!40101 SET character_set_client = utf8mb4 */;
CREATE TABLE `admin_charge_waivers` (
  `id` int(11) NOT NULL AUTO_INCREMENT,
  `charge_id` int(11) NOT NULL,
  `waiver_date` date NOT NULL,
  `amount_waived` decimal(10,2) NOT NULL,
  `reason` text NOT NULL,
  `approved_by` int(11) DEFAULT NULL,
  `approved_at` datetime DEFAULT NULL,
  `notes` text DEFAULT NULL,
  `created_by` int(11) DEFAULT NULL,
  `created_at` timestamp NOT NULL DEFAULT current_timestamp(),
  PRIMARY KEY (`id`),
  KEY `charge_id` (`charge_id`),
  KEY `approved_by` (`approved_by`),
  KEY `created_by` (`created_by`),
  CONSTRAINT `admin_charge_waivers_ibfk_1` FOREIGN KEY (`charge_id`) REFERENCES `admin_charges` (`id`) ON DELETE CASCADE,
  CONSTRAINT `admin_charge_waivers_ibfk_2` FOREIGN KEY (`approved_by`) REFERENCES `users` (`id`),
  CONSTRAINT `admin_charge_waivers_ibfk_3` FOREIGN KEY (`created_by`) REFERENCES `users` (`id`)
) ENGINE=InnoDB DEFAULT CHARSET=utf8mb4 COLLATE=utf8mb4_general_ci;
/*!40101 SET character_set_client = @saved_cs_client */;

--
-- Dumping data for table `admin_charge_waivers`
--

LOCK TABLES `admin_charge_waivers` WRITE;
/*!40000 ALTER TABLE `admin_charge_waivers` DISABLE KEYS */;
/*!40000 ALTER TABLE `admin_charge_waivers` ENABLE KEYS */;
UNLOCK TABLES;
/*!50003 SET @saved_cs_client      = @@character_set_client */ ;
/*!50003 SET @saved_cs_results     = @@character_set_results */ ;
/*!50003 SET @saved_col_connection = @@collation_connection */ ;
/*!50003 SET character_set_client  = utf8mb3 */ ;
/*!50003 SET character_set_results = utf8mb3 */ ;
/*!50003 SET collation_connection  = utf8mb3_general_ci */ ;
/*!50003 SET @saved_sql_mode       = @@sql_mode */ ;
/*!50003 SET sql_mode              = '' */ ;
DELIMITER ;;
/*!50003 CREATE*/ /*!50017 DEFINER=`pos`@`%`*/ /*!50003 TRIGGER after_admin_charge_waiver
AFTER INSERT ON admin_charge_waivers
FOR EACH ROW
BEGIN
    UPDATE member_charge_summary 
    SET total_waived = total_waived + NEW.amount_waived
    WHERE member_id = (SELECT member_id FROM admin_charges WHERE id = NEW.charge_id);
    
    UPDATE admin_charges 
    SET status = 'waived',
        waived_at = NOW()
    WHERE id = NEW.charge_id;
END */;;
DELIMITER ;
/*!50003 SET sql_mode              = @saved_sql_mode */ ;
/*!50003 SET character_set_client  = @saved_cs_client */ ;
/*!50003 SET character_set_results = @saved_cs_results */ ;
/*!50003 SET collation_connection  = @saved_col_connection */ ;

--
-- Table structure for table `admin_charges`
--

DROP TABLE IF EXISTS `admin_charges`;
/*!40101 SET @saved_cs_client     = @@character_set_client */;
/*!40101 SET character_set_client = utf8mb4 */;
CREATE TABLE `admin_charges` (
  `id` int(11) NOT NULL AUTO_INCREMENT,
  `member_id` int(11) NOT NULL,
  `charge_type` enum('registration','monthly_fee','annual_fee','statement_fee','sms_charge','ledger_fee','loan_processing','loan_insurance','guarantor_fee','dividend_processing','withdrawal_fee','transfer_fee','other') NOT NULL,
  `amount` decimal(10,2) NOT NULL,
  `charge_date` date NOT NULL,
  `due_date` date DEFAULT NULL,
  `paid_date` date DEFAULT NULL,
  `reference_no` varchar(50) DEFAULT NULL,
  `description` text DEFAULT NULL,
  `loan_id` int(11) DEFAULT NULL,
  `status` enum('pending','paid','waived','overdue') DEFAULT 'pending',
  `waived_by` int(11) DEFAULT NULL,
  `waived_at` datetime DEFAULT NULL,
  `waiver_reason` text DEFAULT NULL,
  `created_by` int(11) DEFAULT NULL,
  `created_at` timestamp NOT NULL DEFAULT current_timestamp(),
  `updated_at` timestamp NULL DEFAULT NULL ON UPDATE current_timestamp(),
  PRIMARY KEY (`id`),
  UNIQUE KEY `reference_no` (`reference_no`),
  KEY `loan_id` (`loan_id`),
  KEY `created_by` (`created_by`),
  KEY `waived_by` (`waived_by`),
  KEY `idx_member` (`member_id`),
  KEY `idx_status` (`status`),
  KEY `idx_date` (`charge_date`),
  KEY `idx_type` (`charge_type`),
  CONSTRAINT `admin_charges_ibfk_1` FOREIGN KEY (`member_id`) REFERENCES `members` (`id`),
  CONSTRAINT `admin_charges_ibfk_2` FOREIGN KEY (`loan_id`) REFERENCES `loans` (`id`),
  CONSTRAINT `admin_charges_ibfk_3` FOREIGN KEY (`created_by`) REFERENCES `users` (`id`),
  CONSTRAINT `admin_charges_ibfk_4` FOREIGN KEY (`waived_by`) REFERENCES `users` (`id`)
) ENGINE=InnoDB AUTO_INCREMENT=221 DEFAULT CHARSET=utf8mb4 COLLATE=utf8mb4_general_ci;
/*!40101 SET character_set_client = @saved_cs_client */;

--
-- Dumping data for table `admin_charges`
--

LOCK TABLES `admin_charges` WRITE;
/*!40000 ALTER TABLE `admin_charges` DISABLE KEYS */;
INSERT INTO `admin_charges` VALUES (105,1,'annual_fee',1000.00,'2025-12-31','2026-01-30',NULL,'ADM20251380','Annual administrative charge for year 2025',NULL,'pending',NULL,NULL,NULL,1,'2026-03-27 00:04:06',NULL),(106,2,'annual_fee',1000.00,'2025-12-31','2026-01-30',NULL,'ADM20252642','Annual administrative charge for year 2025',NULL,'pending',NULL,NULL,NULL,1,'2026-03-27 00:04:06',NULL),(107,3,'annual_fee',1000.00,'2025-12-31','2026-01-30',NULL,'ADM20253490','Annual administrative charge for year 2025',NULL,'pending',NULL,NULL,NULL,1,'2026-03-27 00:04:06',NULL),(108,4,'annual_fee',1000.00,'2025-12-31','2026-01-30',NULL,'ADM20254184','Annual administrative charge for year 2025',NULL,'pending',NULL,NULL,NULL,1,'2026-03-27 00:04:06',NULL),(109,5,'annual_fee',1000.00,'2025-12-31','2026-01-30',NULL,'ADM20255275','Annual administrative charge for year 2025',NULL,'pending',NULL,NULL,NULL,1,'2026-03-27 00:04:06',NULL),(110,6,'annual_fee',1000.00,'2025-12-31','2026-01-30',NULL,'ADM20256927','Annual administrative charge for year 2025',NULL,'pending',NULL,NULL,NULL,1,'2026-03-27 00:04:06',NULL),(111,6,'',1000.00,'2025-12-31','2026-01-30',NULL,'SHR20256565','Share capital shortfall charge for year 2025 (no full share)',NULL,'pending',NULL,NULL,NULL,1,'2026-03-27 00:04:06',NULL),(112,8,'annual_fee',1000.00,'2025-12-31','2026-01-30',NULL,'ADM20258213','Annual administrative charge for year 2025',NULL,'pending',NULL,NULL,NULL,1,'2026-03-27 00:04:06',NULL),(113,9,'annual_fee',1000.00,'2025-12-31','2026-01-30',NULL,'ADM20259481','Annual administrative charge for year 2025',NULL,'pending',NULL,NULL,NULL,1,'2026-03-27 00:04:06',NULL),(114,10,'annual_fee',1000.00,'2025-12-31','2026-01-30',NULL,'ADM202510356','Annual administrative charge for year 2025',NULL,'pending',NULL,NULL,NULL,1,'2026-03-27 00:04:06',NULL),(115,11,'annual_fee',1000.00,'2025-12-31','2026-01-30',NULL,'ADM202511188','Annual administrative charge for year 2025',NULL,'pending',NULL,NULL,NULL,1,'2026-03-27 00:04:06',NULL),(116,12,'annual_fee',1000.00,'2025-12-31','2026-01-30',NULL,'ADM202512953','Annual administrative charge for year 2025',NULL,'pending',NULL,NULL,NULL,1,'2026-03-27 00:04:06',NULL),(117,12,'',1000.00,'2025-12-31','2026-01-30',NULL,'SHR202512378','Share capital shortfall charge for year 2025 (no full share)',NULL,'pending',NULL,NULL,NULL,1,'2026-03-27 00:04:06',NULL),(118,14,'annual_fee',1000.00,'2025-12-31','2026-01-30',NULL,'ADM202514787','Annual administrative charge for year 2025',NULL,'pending',NULL,NULL,NULL,1,'2026-03-27 00:04:06',NULL),(119,15,'annual_fee',1000.00,'2025-12-31','2026-01-30',NULL,'ADM202515913','Annual administrative charge for year 2025',NULL,'pending',NULL,NULL,NULL,1,'2026-03-27 00:04:06',NULL),(120,15,'',1000.00,'2025-12-31','2026-01-30',NULL,'SHR202515991','Share capital shortfall charge for year 2025 (no full share)',NULL,'pending',NULL,NULL,NULL,1,'2026-03-27 00:04:06',NULL),(121,16,'annual_fee',1000.00,'2025-12-31','2026-01-30',NULL,'ADM202516228','Annual administrative charge for year 2025',NULL,'pending',NULL,NULL,NULL,1,'2026-03-27 00:04:06',NULL),(122,17,'annual_fee',1000.00,'2025-12-31','2026-01-30',NULL,'ADM202517853','Annual administrative charge for year 2025',NULL,'pending',NULL,NULL,NULL,1,'2026-03-27 00:04:06',NULL),(123,17,'',1000.00,'2025-12-31','2026-01-30',NULL,'SHR202517719','Share capital shortfall charge for year 2025 (no full share)',NULL,'pending',NULL,NULL,NULL,1,'2026-03-27 00:04:06',NULL),(124,18,'annual_fee',1000.00,'2025-12-31','2026-01-30',NULL,'ADM202518458','Annual administrative charge for year 2025',NULL,'pending',NULL,NULL,NULL,1,'2026-03-27 00:04:06',NULL),(125,19,'annual_fee',1000.00,'2025-12-31','2026-01-30',NULL,'ADM202519687','Annual administrative charge for year 2025',NULL,'pending',NULL,NULL,NULL,1,'2026-03-27 00:04:06',NULL),(126,19,'',1000.00,'2025-12-31','2026-01-30',NULL,'SHR202519114','Share capital shortfall charge for year 2025 (no full share)',NULL,'pending',NULL,NULL,NULL,1,'2026-03-27 00:04:06',NULL),(127,20,'annual_fee',1000.00,'2025-12-31','2026-01-30',NULL,'ADM202520362','Annual administrative charge for year 2025',NULL,'pending',NULL,NULL,NULL,1,'2026-03-27 00:04:06',NULL),(128,21,'annual_fee',1000.00,'2025-12-31','2026-01-30',NULL,'ADM202521245','Annual administrative charge for year 2025',NULL,'pending',NULL,NULL,NULL,1,'2026-03-27 00:04:06',NULL),(129,22,'annual_fee',1000.00,'2025-12-31','2026-01-30',NULL,'ADM202522466','Annual administrative charge for year 2025',NULL,'pending',NULL,NULL,NULL,1,'2026-03-27 00:04:06',NULL),(130,23,'annual_fee',1000.00,'2025-12-31','2026-01-30',NULL,'ADM202523934','Annual administrative charge for year 2025',NULL,'pending',NULL,NULL,NULL,1,'2026-03-27 00:04:06',NULL),(131,23,'',1000.00,'2025-12-31','2026-01-30',NULL,'SHR202523244','Share capital shortfall charge for year 2025 (no full share)',NULL,'pending',NULL,NULL,NULL,1,'2026-03-27 00:04:06',NULL),(132,24,'annual_fee',1000.00,'2025-12-31','2026-01-30',NULL,'ADM202524714','Annual administrative charge for year 2025',NULL,'pending',NULL,NULL,NULL,1,'2026-03-27 00:04:06',NULL),(133,25,'annual_fee',1000.00,'2025-12-31','2026-01-30',NULL,'ADM202525508','Annual administrative charge for year 2025',NULL,'pending',NULL,NULL,NULL,1,'2026-03-27 00:04:06',NULL),(134,26,'annual_fee',1000.00,'2025-12-31','2026-01-30',NULL,'ADM202526845','Annual administrative charge for year 2025',NULL,'pending',NULL,NULL,NULL,1,'2026-03-27 00:04:06',NULL),(135,26,'',1000.00,'2025-12-31','2026-01-30',NULL,'SHR202526542','Share capital shortfall charge for year 2025 (no full share)',NULL,'pending',NULL,NULL,NULL,1,'2026-03-27 00:04:06',NULL),(136,27,'annual_fee',1000.00,'2025-12-31','2026-01-30',NULL,'ADM202527177','Annual administrative charge for year 2025',NULL,'pending',NULL,NULL,NULL,1,'2026-03-27 00:04:06',NULL),(137,27,'',1000.00,'2025-12-31','2026-01-30',NULL,'SHR202527618','Share capital shortfall charge for year 2025 (no full share)',NULL,'pending',NULL,NULL,NULL,1,'2026-03-27 00:04:06',NULL),(138,28,'annual_fee',1000.00,'2025-12-31','2026-01-30',NULL,'ADM202528339','Annual administrative charge for year 2025',NULL,'pending',NULL,NULL,NULL,1,'2026-03-27 00:04:06',NULL),(139,29,'annual_fee',1000.00,'2025-12-31','2026-01-30',NULL,'ADM202529411','Annual administrative charge for year 2025',NULL,'pending',NULL,NULL,NULL,1,'2026-03-27 00:04:06',NULL),(140,30,'annual_fee',1000.00,'2025-12-31','2026-01-30',NULL,'ADM202530925','Annual administrative charge for year 2025',NULL,'pending',NULL,NULL,NULL,1,'2026-03-27 00:04:06',NULL),(141,31,'annual_fee',1000.00,'2025-12-31','2026-01-30',NULL,'ADM202531132','Annual administrative charge for year 2025',NULL,'pending',NULL,NULL,NULL,1,'2026-03-27 00:04:06',NULL),(142,33,'annual_fee',1000.00,'2025-12-31','2026-01-30',NULL,'ADM202533502','Annual administrative charge for year 2025',NULL,'pending',NULL,NULL,NULL,1,'2026-03-27 00:04:06',NULL),(143,33,'',1000.00,'2025-12-31','2026-01-30',NULL,'SHR202533234','Share capital shortfall charge for year 2025 (no full share)',NULL,'pending',NULL,NULL,NULL,1,'2026-03-27 00:04:06',NULL),(144,35,'annual_fee',1000.00,'2025-12-31','2026-01-30',NULL,'ADM202535870','Annual administrative charge for year 2025',NULL,'pending',NULL,NULL,NULL,1,'2026-03-27 00:04:06',NULL),(145,37,'annual_fee',1000.00,'2025-12-31','2026-01-30',NULL,'ADM202537494','Annual administrative charge for year 2025',NULL,'pending',NULL,NULL,NULL,1,'2026-03-27 00:04:06',NULL),(146,39,'annual_fee',1000.00,'2025-12-31','2026-01-30',NULL,'ADM202539279','Annual administrative charge for year 2025',NULL,'pending',NULL,NULL,NULL,1,'2026-03-27 00:04:06',NULL),(147,40,'annual_fee',1000.00,'2025-12-31','2026-01-30',NULL,'ADM202540562','Annual administrative charge for year 2025',NULL,'pending',NULL,NULL,NULL,1,'2026-03-27 00:04:06',NULL),(148,41,'annual_fee',1000.00,'2025-12-31','2026-01-30',NULL,'ADM202541183','Annual administrative charge for year 2025',NULL,'pending',NULL,NULL,NULL,1,'2026-03-27 00:04:06',NULL),(149,42,'annual_fee',1000.00,'2025-12-31','2026-01-30',NULL,'ADM202542679','Annual administrative charge for year 2025',NULL,'pending',NULL,NULL,NULL,1,'2026-03-27 00:04:06',NULL),(150,44,'annual_fee',1000.00,'2025-12-31','2026-01-30',NULL,'ADM202544318','Annual administrative charge for year 2025',NULL,'pending',NULL,NULL,NULL,1,'2026-03-27 00:04:06',NULL),(151,45,'annual_fee',1000.00,'2025-12-31','2026-01-30',NULL,'ADM202545600','Annual administrative charge for year 2025',NULL,'pending',NULL,NULL,NULL,1,'2026-03-27 00:04:06',NULL),(152,46,'annual_fee',1000.00,'2025-12-31','2026-01-30',NULL,'ADM202546899','Annual administrative charge for year 2025',NULL,'pending',NULL,NULL,NULL,1,'2026-03-27 00:04:06',NULL),(153,47,'annual_fee',1000.00,'2025-12-31','2026-01-30',NULL,'ADM202547505','Annual administrative charge for year 2025',NULL,'pending',NULL,NULL,NULL,1,'2026-03-27 00:04:06',NULL),(154,48,'annual_fee',1000.00,'2025-12-31','2026-01-30',NULL,'ADM202548790','Annual administrative charge for year 2025',NULL,'pending',NULL,NULL,NULL,1,'2026-03-27 00:04:06',NULL),(155,50,'annual_fee',1000.00,'2025-12-31','2026-01-30',NULL,'ADM202550715','Annual administrative charge for year 2025',NULL,'pending',NULL,NULL,NULL,1,'2026-03-27 00:04:06',NULL),(156,51,'annual_fee',1000.00,'2025-12-31','2026-01-30',NULL,'ADM202551874','Annual administrative charge for year 2025',NULL,'pending',NULL,NULL,NULL,1,'2026-03-27 00:04:06',NULL),(157,52,'annual_fee',1000.00,'2025-12-31','2026-01-30',NULL,'ADM202552476','Annual administrative charge for year 2025',NULL,'pending',NULL,NULL,NULL,1,'2026-03-27 00:04:06',NULL),(158,53,'annual_fee',1000.00,'2025-12-31','2026-01-30',NULL,'ADM202553766','Annual administrative charge for year 2025',NULL,'pending',NULL,NULL,NULL,1,'2026-03-27 00:04:06',NULL),(159,54,'annual_fee',1000.00,'2025-12-31','2026-01-30',NULL,'ADM202554660','Annual administrative charge for year 2025',NULL,'pending',NULL,NULL,NULL,1,'2026-03-27 00:04:06',NULL),(160,55,'annual_fee',1000.00,'2025-12-31','2026-01-30',NULL,'ADM202555141','Annual administrative charge for year 2025',NULL,'pending',NULL,NULL,NULL,1,'2026-03-27 00:04:06',NULL),(161,56,'annual_fee',1000.00,'2025-12-31','2026-01-30',NULL,'ADM202556488','Annual administrative charge for year 2025',NULL,'pending',NULL,NULL,NULL,1,'2026-03-27 00:04:06',NULL),(162,57,'annual_fee',1000.00,'2025-12-31','2026-01-30',NULL,'ADM202557246','Annual administrative charge for year 2025',NULL,'pending',NULL,NULL,NULL,1,'2026-03-27 00:04:06',NULL),(163,58,'annual_fee',1000.00,'2025-12-31','2026-01-30',NULL,'ADM202558676','Annual administrative charge for year 2025',NULL,'pending',NULL,NULL,NULL,1,'2026-03-27 00:04:06',NULL),(164,59,'annual_fee',1000.00,'2025-12-31','2026-01-30',NULL,'ADM202559898','Annual administrative charge for year 2025',NULL,'pending',NULL,NULL,NULL,1,'2026-03-27 00:04:06',NULL),(165,60,'annual_fee',1000.00,'2025-12-31','2026-01-30',NULL,'ADM202560666','Annual administrative charge for year 2025',NULL,'pending',NULL,NULL,NULL,1,'2026-03-27 00:04:06',NULL),(166,60,'',1000.00,'2025-12-31','2026-01-30',NULL,'SHR202560270','Share capital shortfall charge for year 2025 (no full share)',NULL,'pending',NULL,NULL,NULL,1,'2026-03-27 00:04:06',NULL),(167,62,'annual_fee',1000.00,'2025-12-31','2026-01-30',NULL,'ADM202562375','Annual administrative charge for year 2025',NULL,'pending',NULL,NULL,NULL,1,'2026-03-27 00:04:06',NULL),(168,65,'annual_fee',1000.00,'2025-12-31','2026-01-30',NULL,'ADM202565613','Annual administrative charge for year 2025',NULL,'pending',NULL,NULL,NULL,1,'2026-03-27 00:04:06',NULL),(169,66,'annual_fee',1000.00,'2025-12-31','2026-01-30',NULL,'ADM202566621','Annual administrative charge for year 2025',NULL,'pending',NULL,NULL,NULL,1,'2026-03-27 00:04:06',NULL),(170,69,'annual_fee',1000.00,'2025-12-31','2026-01-30',NULL,'ADM202569613','Annual administrative charge for year 2025',NULL,'pending',NULL,NULL,NULL,1,'2026-03-27 00:04:06',NULL),(171,70,'annual_fee',1000.00,'2025-12-31','2026-01-30',NULL,'ADM202570252','Annual administrative charge for year 2025',NULL,'pending',NULL,NULL,NULL,1,'2026-03-27 00:04:06',NULL),(172,70,'',1000.00,'2025-12-31','2026-01-30',NULL,'SHR202570254','Share capital shortfall charge for year 2025 (no full share)',NULL,'pending',NULL,NULL,NULL,1,'2026-03-27 00:04:06',NULL),(173,71,'annual_fee',1000.00,'2025-12-31','2026-01-30',NULL,'ADM202571303','Annual administrative charge for year 2025',NULL,'pending',NULL,NULL,NULL,1,'2026-03-27 00:04:06',NULL),(174,71,'',1000.00,'2025-12-31','2026-01-30',NULL,'SHR202571485','Share capital shortfall charge for year 2025 (no full share)',NULL,'pending',NULL,NULL,NULL,1,'2026-03-27 00:04:06',NULL),(175,72,'annual_fee',1000.00,'2025-12-31','2026-01-30',NULL,'ADM202572664','Annual administrative charge for year 2025',NULL,'pending',NULL,NULL,NULL,1,'2026-03-27 00:04:06',NULL),(176,72,'',1000.00,'2025-12-31','2026-01-30',NULL,'SHR202572190','Share capital shortfall charge for year 2025 (no full share)',NULL,'pending',NULL,NULL,NULL,1,'2026-03-27 00:04:06',NULL),(177,73,'annual_fee',1000.00,'2025-12-31','2026-01-30',NULL,'ADM202573793','Annual administrative charge for year 2025',NULL,'pending',NULL,NULL,NULL,1,'2026-03-27 00:04:06',NULL),(178,73,'',1000.00,'2025-12-31','2026-01-30',NULL,'SHR202573643','Share capital shortfall charge for year 2025 (no full share)',NULL,'pending',NULL,NULL,NULL,1,'2026-03-27 00:04:06',NULL),(179,74,'annual_fee',1000.00,'2025-12-31','2026-01-30',NULL,'ADM202574181','Annual administrative charge for year 2025',NULL,'pending',NULL,NULL,NULL,1,'2026-03-27 00:04:06',NULL),(180,74,'',1000.00,'2025-12-31','2026-01-30',NULL,'SHR202574695','Share capital shortfall charge for year 2025 (no full share)',NULL,'pending',NULL,NULL,NULL,1,'2026-03-27 00:04:06',NULL),(181,76,'annual_fee',1000.00,'2025-12-31','2026-01-30',NULL,'ADM202576348','Annual administrative charge for year 2025',NULL,'pending',NULL,NULL,NULL,1,'2026-03-27 00:04:06',NULL),(182,76,'',1000.00,'2025-12-31','2026-01-30',NULL,'SHR202576740','Share capital shortfall charge for year 2025 (no full share)',NULL,'pending',NULL,NULL,NULL,1,'2026-03-27 00:04:06',NULL),(183,77,'annual_fee',1000.00,'2025-12-31','2026-01-30',NULL,'ADM202577466','Annual administrative charge for year 2025',NULL,'pending',NULL,NULL,NULL,1,'2026-03-27 00:04:06',NULL),(184,77,'',1000.00,'2025-12-31','2026-01-30',NULL,'SHR202577971','Share capital shortfall charge for year 2025 (no full share)',NULL,'pending',NULL,NULL,NULL,1,'2026-03-27 00:04:06',NULL),(185,78,'annual_fee',1000.00,'2025-12-31','2026-01-30',NULL,'ADM202578335','Annual administrative charge for year 2025',NULL,'pending',NULL,NULL,NULL,1,'2026-03-27 00:04:06',NULL),(186,79,'annual_fee',1000.00,'2025-12-31','2026-01-30',NULL,'ADM202579144','Annual administrative charge for year 2025',NULL,'pending',NULL,NULL,NULL,1,'2026-03-27 00:04:06',NULL),(187,79,'',1000.00,'2025-12-31','2026-01-30',NULL,'SHR202579649','Share capital shortfall charge for year 2025 (no full share)',NULL,'pending',NULL,NULL,NULL,1,'2026-03-27 00:04:06',NULL),(188,80,'annual_fee',1000.00,'2025-12-31','2026-01-30',NULL,'ADM202580345','Annual administrative charge for year 2025',NULL,'pending',NULL,NULL,NULL,1,'2026-03-27 00:04:06',NULL),(189,80,'',1000.00,'2025-12-31','2026-01-30',NULL,'SHR202580919','Share capital shortfall charge for year 2025 (no full share)',NULL,'pending',NULL,NULL,NULL,1,'2026-03-27 00:04:06',NULL),(190,81,'annual_fee',1000.00,'2025-12-31','2026-01-30',NULL,'ADM202581270','Annual administrative charge for year 2025',NULL,'pending',NULL,NULL,NULL,1,'2026-03-27 00:04:06',NULL),(191,81,'',1000.00,'2025-12-31','2026-01-30',NULL,'SHR202581562','Share capital shortfall charge for year 2025 (no full share)',NULL,'pending',NULL,NULL,NULL,1,'2026-03-27 00:04:06',NULL),(192,82,'annual_fee',1000.00,'2025-12-31','2026-01-30',NULL,'ADM202582187','Annual administrative charge for year 2025',NULL,'pending',NULL,NULL,NULL,1,'2026-03-27 00:04:06',NULL),(193,82,'',1000.00,'2025-12-31','2026-01-30',NULL,'SHR202582886','Share capital shortfall charge for year 2025 (no full share)',NULL,'pending',NULL,NULL,NULL,1,'2026-03-27 00:04:06',NULL),(194,83,'annual_fee',1000.00,'2025-12-31','2026-01-30',NULL,'ADM202583992','Annual administrative charge for year 2025',NULL,'pending',NULL,NULL,NULL,1,'2026-03-27 00:04:06',NULL),(195,83,'',1000.00,'2025-12-31','2026-01-30',NULL,'SHR202583467','Share capital shortfall charge for year 2025 (no full share)',NULL,'pending',NULL,NULL,NULL,1,'2026-03-27 00:04:06',NULL),(196,84,'annual_fee',1000.00,'2025-12-31','2026-01-30',NULL,'ADM202584183','Annual administrative charge for year 2025',NULL,'pending',NULL,NULL,NULL,1,'2026-03-27 00:04:06',NULL),(197,84,'',1000.00,'2025-12-31','2026-01-30',NULL,'SHR202584867','Share capital shortfall charge for year 2025 (no full share)',NULL,'pending',NULL,NULL,NULL,1,'2026-03-27 00:04:06',NULL),(198,4,'',1000.00,'2026-03-27','2026-04-26',NULL,'SCD1774599541586','Year-end share capital deduction',NULL,'',NULL,NULL,NULL,1,'2026-03-27 08:19:01',NULL),(199,5,'',1000.00,'2026-03-27','2026-04-26',NULL,'SCD1774601858161','Year-end share capital deduction',NULL,'',NULL,NULL,NULL,1,'2026-03-27 08:57:38',NULL),(200,8,'',1000.00,'2026-03-27','2026-04-26',NULL,'SCD1774603136298','Year-end share capital deduction',NULL,'',NULL,NULL,NULL,1,'2026-03-27 09:18:56',NULL),(201,14,'',1000.00,'2026-03-27','2026-04-26',NULL,'SCD1774611940462','Year-end share capital deduction',NULL,'',NULL,NULL,NULL,1,'2026-03-27 11:45:40',NULL),(202,16,'',1000.00,'2026-03-27','2026-04-26',NULL,'SCD1774632551996','Year-end share capital deduction',NULL,'',NULL,NULL,NULL,1,'2026-03-27 17:29:11',NULL),(203,21,'',1000.00,'2026-03-28','2026-04-27',NULL,'SCD1774682962272','Year-end share capital deduction',NULL,'',NULL,NULL,NULL,1,'2026-03-28 07:29:22',NULL),(204,29,'',1000.00,'2026-03-28','2026-04-27',NULL,'SCD1774729844503','Year-end share capital deduction',NULL,'',NULL,NULL,NULL,1,'2026-03-28 20:30:44',NULL),(205,42,'',2000.00,'2026-03-28','2026-04-27',NULL,'SCD1774730836354','Year-end share capital deduction',NULL,'',NULL,NULL,NULL,1,'2026-03-28 20:47:16',NULL),(206,37,'',1000.00,'2026-03-29','2026-04-28',NULL,'SCD1774773087148','Year-end share capital deduction',NULL,'',NULL,NULL,NULL,1,'2026-03-29 08:31:27',NULL),(207,41,'',1000.00,'2026-03-29','2026-04-28',NULL,'SCD1774774932248','Year-end share capital deduction',NULL,'',NULL,NULL,NULL,1,'2026-03-29 09:02:12',NULL),(208,46,'',1000.00,'2026-03-29','2026-04-28',NULL,'SCD1774781934535','Year-end share capital deduction',NULL,'',NULL,NULL,NULL,1,'2026-03-29 10:58:54',NULL),(209,47,'',1000.00,'2026-03-29','2026-04-28',NULL,'SCD1774782897423','Year-end share capital deduction',NULL,'',NULL,NULL,NULL,1,'2026-03-29 11:14:57',NULL),(210,50,'',1000.00,'2026-03-29','2026-04-28',NULL,'SCD1774787836301','Year-end share capital deduction',NULL,'',NULL,NULL,NULL,1,'2026-03-29 12:37:16',NULL),(211,51,'',1000.00,'2026-03-29','2026-04-28',NULL,'SCD1774789227884','Year-end share capital deduction',NULL,'',NULL,NULL,NULL,1,'2026-03-29 13:00:27',NULL),(212,52,'',1000.00,'2026-03-29','2026-04-28',NULL,'SCD1774789250135','Year-end share capital deduction',NULL,'',NULL,NULL,NULL,1,'2026-03-29 13:00:50',NULL),(213,53,'',1000.00,'2026-03-29','2026-04-28',NULL,'SCD1774789276122','Year-end share capital deduction',NULL,'',NULL,NULL,NULL,1,'2026-03-29 13:01:16',NULL),(214,54,'',1000.00,'2026-03-29','2026-04-28',NULL,'SCD1774789318942','Year-end share capital deduction',NULL,'',NULL,NULL,NULL,1,'2026-03-29 13:01:58',NULL),(215,57,'',1000.00,'2026-03-29','2026-04-28',NULL,'SCD1774790656850','Year-end share capital deduction',NULL,'',NULL,NULL,NULL,1,'2026-03-29 13:24:16',NULL),(216,59,'',1000.00,'2026-03-29','2026-04-28',NULL,'SCD1774790678477','Year-end share capital deduction',NULL,'',NULL,NULL,NULL,1,'2026-03-29 13:24:38',NULL),(217,58,'',1000.00,'2026-03-29','2026-04-28',NULL,'SCD1774790698204','Year-end share capital deduction',NULL,'',NULL,NULL,NULL,1,'2026-03-29 13:24:58',NULL),(218,62,'',1000.00,'2026-03-29','2026-04-28',NULL,'SCD1774797605742','Year-end share capital deduction',NULL,'',NULL,NULL,NULL,1,'2026-03-29 15:20:05',NULL),(219,65,'',1000.00,'2026-03-29','2026-04-28',NULL,'SCD1774799973719','Year-end share capital deduction',NULL,'',NULL,NULL,NULL,1,'2026-03-29 15:59:33',NULL),(220,66,'',1000.00,'2026-03-29','2026-04-28',NULL,'SCD1774800235732','Year-end share capital deduction',NULL,'',NULL,NULL,NULL,1,'2026-03-29 16:03:55',NULL);
/*!40000 ALTER TABLE `admin_charges` ENABLE KEYS */;
UNLOCK TABLES;
/*!50003 SET @saved_cs_client      = @@character_set_client */ ;
/*!50003 SET @saved_cs_results     = @@character_set_results */ ;
/*!50003 SET @saved_col_connection = @@collation_connection */ ;
/*!50003 SET character_set_client  = utf8mb3 */ ;
/*!50003 SET character_set_results = utf8mb3 */ ;
/*!50003 SET collation_connection  = utf8mb3_general_ci */ ;
/*!50003 SET @saved_sql_mode       = @@sql_mode */ ;
/*!50003 SET sql_mode              = '' */ ;
DELIMITER ;;
/*!50003 CREATE*/ /*!50017 DEFINER=`pos`@`%`*/ /*!50003 TRIGGER after_admin_charge_insert
AFTER INSERT ON admin_charges
FOR EACH ROW
BEGIN
    INSERT INTO member_charge_summary (member_id, total_charges, total_paid, last_charge_date)
    VALUES (NEW.member_id, NEW.amount, 0, NEW.charge_date)
    ON DUPLICATE KEY UPDATE
        total_charges = total_charges + NEW.amount,
        last_charge_date = GREATEST(last_charge_date, NEW.charge_date);
END */;;
DELIMITER ;
/*!50003 SET sql_mode              = @saved_sql_mode */ ;
/*!50003 SET character_set_client  = @saved_cs_client */ ;
/*!50003 SET character_set_results = @saved_cs_results */ ;
/*!50003 SET collation_connection  = @saved_col_connection */ ;

--
-- Table structure for table `amortization_schedule`
--

DROP TABLE IF EXISTS `amortization_schedule`;
/*!40101 SET @saved_cs_client     = @@character_set_client */;
/*!40101 SET character_set_client = utf8mb4 */;
CREATE TABLE `amortization_schedule` (
  `id` int(11) NOT NULL AUTO_INCREMENT,
  `loan_id` int(11) NOT NULL,
  `installment_no` int(11) NOT NULL,
  `due_date` date NOT NULL,
  `principal` decimal(10,2) NOT NULL,
  `interest` decimal(10,2) NOT NULL,
  `total_payment` decimal(10,2) NOT NULL,
  `balance` decimal(10,2) NOT NULL,
  `status` enum('pending','paid','overdue') DEFAULT 'pending',
  `paid_date` date DEFAULT NULL,
  PRIMARY KEY (`id`),
  KEY `loan_id` (`loan_id`),
  CONSTRAINT `amortization_schedule_ibfk_1` FOREIGN KEY (`loan_id`) REFERENCES `loans` (`id`)
) ENGINE=InnoDB DEFAULT CHARSET=utf8mb4 COLLATE=utf8mb4_general_ci;
/*!40101 SET character_set_client = @saved_cs_client */;

--
-- Dumping data for table `amortization_schedule`
--

LOCK TABLES `amortization_schedule` WRITE;
/*!40000 ALTER TABLE `amortization_schedule` DISABLE KEYS */;
/*!40000 ALTER TABLE `amortization_schedule` ENABLE KEYS */;
UNLOCK TABLES;

--
-- Table structure for table `assets`
--

DROP TABLE IF EXISTS `assets`;
/*!40101 SET @saved_cs_client     = @@character_set_client */;
/*!40101 SET character_set_client = utf8mb4 */;
CREATE TABLE `assets` (
  `id` int(11) NOT NULL AUTO_INCREMENT,
  `asset_code` varchar(50) NOT NULL,
  `asset_name` varchar(100) NOT NULL,
  `asset_type` enum('fixed','current','intangible','investment') NOT NULL,
  `purchase_date` date NOT NULL,
  `purchase_cost` decimal(10,2) NOT NULL,
  `current_value` decimal(10,2) NOT NULL,
  `depreciation_rate` decimal(5,2) DEFAULT NULL,
  `depreciation_method` enum('straight_line','reducing_balance','none') DEFAULT 'straight_line',
  `useful_life_years` int(11) DEFAULT NULL,
  `salvage_value` decimal(10,2) DEFAULT 0.00,
  `location` varchar(100) DEFAULT NULL,
  `description` text DEFAULT NULL,
  `status` enum('active','disposed','sold') DEFAULT 'active',
  `created_by` int(11) DEFAULT NULL,
  `created_at` timestamp NOT NULL DEFAULT current_timestamp(),
  PRIMARY KEY (`id`),
  UNIQUE KEY `asset_code` (`asset_code`),
  KEY `created_by` (`created_by`),
  CONSTRAINT `assets_ibfk_1` FOREIGN KEY (`created_by`) REFERENCES `users` (`id`)
) ENGINE=InnoDB DEFAULT CHARSET=utf8mb4 COLLATE=utf8mb4_general_ci;
/*!40101 SET character_set_client = @saved_cs_client */;

--
-- Dumping data for table `assets`
--

LOCK TABLES `assets` WRITE;
/*!40000 ALTER TABLE `assets` DISABLE KEYS */;
/*!40000 ALTER TABLE `assets` ENABLE KEYS */;
UNLOCK TABLES;

--
-- Table structure for table `audit_logs`
--

DROP TABLE IF EXISTS `audit_logs`;
/*!40101 SET @saved_cs_client     = @@character_set_client */;
/*!40101 SET character_set_client = utf8mb4 */;
CREATE TABLE `audit_logs` (
  `id` int(11) NOT NULL AUTO_INCREMENT,
  `user_id` int(11) DEFAULT NULL,
  `action` varchar(50) NOT NULL,
  `table_name` varchar(50) DEFAULT NULL,
  `record_id` int(11) DEFAULT NULL,
  `old_data` text DEFAULT NULL,
  `new_data` text DEFAULT NULL,
  `ip_address` varchar(45) DEFAULT NULL,
  `user_agent` text DEFAULT NULL,
  `created_at` timestamp NOT NULL DEFAULT current_timestamp(),
  PRIMARY KEY (`id`),
  KEY `user_id` (`user_id`),
  CONSTRAINT `audit_logs_ibfk_1` FOREIGN KEY (`user_id`) REFERENCES `users` (`id`)
) ENGINE=InnoDB AUTO_INCREMENT=64 DEFAULT CHARSET=utf8mb4 COLLATE=utf8mb4_general_ci;
/*!40101 SET character_set_client = @saved_cs_client */;

--
-- Dumping data for table `audit_logs`
--

LOCK TABLES `audit_logs` WRITE;
/*!40000 ALTER TABLE `audit_logs` DISABLE KEYS */;
INSERT INTO `audit_logs` VALUES (1,1,'CALCULATE','dividends',0,'null','{\"year\":\"2026\",\"rate\":\"8.68\"}','::1','Mozilla/5.0 (X11; Linux x86_64) AppleWebKit/537.36 (KHTML, like Gecko) Chrome/145.0.0.0 Safari/537.36','2026-03-12 13:04:45'),(2,1,'INSERT','members',1,'null','{\"full_name\":\"Michael\",\"national_id\":\"323232\",\"phone\":\"2333\",\"email\":\"emwenotikenda@gmail.com\",\"date_joined\":\"2026-03-12\",\"address\":\"\"}','::1','Mozilla/5.0 (X11; Linux x86_64) AppleWebKit/537.36 (KHTML, like Gecko) Chrome/145.0.0.0 Safari/537.36','2026-03-12 14:51:35'),(3,1,'APPROVE','members',1,'{\"status\":\"pending\"}','{\"status\":\"active\"}','::1','Mozilla/5.0 (X11; Linux x86_64) AppleWebKit/537.36 (KHTML, like Gecko) Chrome/145.0.0.0 Safari/537.36','2026-03-12 14:53:29'),(4,1,'INSERT','members',2,'null','{\"full_name\":\"Michael\",\"national_id\":\"232332\",\"phone\":\"1212\",\"email\":\"nguremike@gmail.com\",\"date_joined\":\"2025-01-12\",\"address\":\"\"}','::1','Mozilla/5.0 (X11; Linux x86_64) AppleWebKit/537.36 (KHTML, like Gecko) Chrome/145.0.0.0 Safari/537.36','2026-03-12 15:12:34'),(5,1,'INSERT','members',3,'null','{\"full_name\":\"Teresi\",\"national_id\":\"1212121\",\"phone\":\"232323\",\"email\":\"emwenotikenda@gmail.com\",\"date_joined\":\"2026-03-12\",\"address\":\"\"}','::1','Mozilla/5.0 (X11; Linux x86_64) AppleWebKit/537.36 (KHTML, like Gecko) Chrome/145.0.0.0 Safari/537.36','2026-03-12 15:13:30'),(6,1,'INSERT','shares',1,'null','{\"action\":\"purchase\",\"member_id\":\"1\",\"shares_count\":\"1\",\"share_value\":\"2800\",\"total_value_display\":\"KES 2,800.00\",\"reference_no\":\"\",\"date_purchased\":\"2026-03-12\"}','::1','Mozilla/5.0 (X11; Linux x86_64) AppleWebKit/537.36 (KHTML, like Gecko) Chrome/145.0.0.0 Safari/537.36','2026-03-12 15:20:38'),(7,1,'INSERT','deposits',1,'null','{\"action\":\"add_deposit\",\"transaction_type\":\"deposit\",\"member_id\":\"1\",\"amount\":\"100\",\"payment_method\":\"cash\",\"deposit_date\":\"2026-03-12\",\"reference_no\":\"TXN1773336175\",\"description\":\"\"}','::1','Mozilla/5.0 (X11; Linux x86_64) AppleWebKit/537.36 (KHTML, like Gecko) Chrome/145.0.0.0 Safari/537.36','2026-03-12 17:23:06'),(8,1,'INSERT','loans',1,'null','{\"member_id\":\"1\",\"product_id\":\"1\",\"principal\":\"10000\",\"duration\":\"24\"}','::1','Mozilla/5.0 (X11; Linux x86_64) AppleWebKit/537.36 (KHTML, like Gecko) Chrome/145.0.0.0 Safari/537.36','2026-03-12 18:13:29'),(9,1,'INSERT','loan_guarantors',1,'null','{\"guarantor_id\":\"2\",\"guaranteed_amount\":\"5000\",\"add_guarantor\":\"\"}','::1','Mozilla/5.0 (X11; Linux x86_64) AppleWebKit/537.36 (KHTML, like Gecko) Chrome/145.0.0.0 Safari/537.36','2026-03-12 18:13:50'),(10,1,'INSERT','loan_guarantors',1,'null','{\"guarantor_id\":\"3\",\"guaranteed_amount\":\"5000\",\"add_guarantor\":\"\"}','::1','Mozilla/5.0 (X11; Linux x86_64) AppleWebKit/537.36 (KHTML, like Gecko) Chrome/145.0.0.0 Safari/537.36','2026-03-12 18:14:00'),(11,1,'INSERT','members',4,'null','{\"full_name\":\"James\",\"national_id\":\"2121212\",\"phone\":\"323223\",\"email\":\"emwenotikenda@gmail.com\",\"date_joined\":\"2026-03-13\",\"address\":\"\"}','::1','Mozilla/5.0 (X11; Linux x86_64) AppleWebKit/537.36 (KHTML, like Gecko) Chrome/145.0.0.0 Safari/537.36','2026-03-12 22:11:26'),(12,1,'INFO_REQUEST','members',4,'null','{\"remarks\":\"adasdasd\"}','::1','Mozilla/5.0 (X11; Linux x86_64) AppleWebKit/537.36 (KHTML, like Gecko) Chrome/145.0.0.0 Safari/537.36','2026-03-12 22:14:27'),(13,1,'INSERT','deposits',2,'null','{\"action\":\"add_deposit\",\"transaction_type\":\"deposit\",\"member_id\":\"1\",\"amount\":\"900\",\"payment_method\":\"cash\",\"deposit_date\":\"2026-03-13\",\"reference_no\":\"TXN1773354742\",\"description\":\"\"}','::1','Mozilla/5.0 (X11; Linux x86_64) AppleWebKit/537.36 (KHTML, like Gecko) Chrome/145.0.0.0 Safari/537.36','2026-03-12 22:32:52'),(14,1,'INSERT','loans',2,'null','{\"member_id\":\"3\",\"product_id\":\"1\",\"principal\":\"100000\",\"duration\":\"24\"}','::1','Mozilla/5.0 (X11; Linux x86_64) AppleWebKit/537.36 (KHTML, like Gecko) Chrome/145.0.0.0 Safari/537.36','2026-03-12 23:12:21'),(15,1,'INSERT','loan_guarantors',2,'null','{\"guarantor_id\":\"4\",\"guaranteed_amount\":\"70000\",\"add_guarantor\":\"\"}','::1','Mozilla/5.0 (X11; Linux x86_64) AppleWebKit/537.36 (KHTML, like Gecko) Chrome/145.0.0.0 Safari/537.36','2026-03-12 23:13:04'),(16,1,'INSERT','loan_guarantors',2,'null','{\"guarantor_id\":\"1\",\"guaranteed_amount\":\"20000\",\"add_guarantor\":\"\"}','::1','Mozilla/5.0 (X11; Linux x86_64) AppleWebKit/537.36 (KHTML, like Gecko) Chrome/145.0.0.0 Safari/537.36','2026-03-12 23:13:13'),(17,1,'INSERT','loan_guarantors',2,'null','{\"guarantor_id\":\"2\",\"guaranteed_amount\":\"10000\",\"add_guarantor\":\"\"}','::1','Mozilla/5.0 (X11; Linux x86_64) AppleWebKit/537.36 (KHTML, like Gecko) Chrome/145.0.0.0 Safari/537.36','2026-03-12 23:13:21'),(18,1,'APPROVE','loans',2,'null','{\"id\":2,\"loan_no\":\"LN202650125\",\"member_id\":3,\"product_id\":1,\"principal_amount\":\"100000.00\",\"interest_amount\":\"24000.00\",\"total_amount\":\"124000.00\",\"balance\":\"0.00\",\"duration_months\":24,\"interest_rate\":\"12.00\",\"application_date\":\"2026-03-13\",\"approval_date\":null,\"disbursement_date\":null,\"first_payment_date\":null,\"status\":\"pending\",\"created_by\":1,\"approved_by\":null,\"created_at\":\"2026-03-13 02:12:21\",\"updated_at\":\"2026-03-13 02:37:36\",\"remarks\":null,\"full_name\":\"Teresi\",\"member_no\":\"MEM2026036874\",\"date_joined\":\"2025-01-01\",\"product_name\":\"Normal Loan\"}','::1','Mozilla/5.0 (X11; Linux x86_64) AppleWebKit/537.36 (KHTML, like Gecko) Chrome/145.0.0.0 Safari/537.36','2026-03-12 23:38:04'),(19,1,'DISBURSE','loans',2,'null','{\"disbursement_method\":\"cheque\",\"reference_no\":\"12121\",\"disbursement_date\":\"2026-03-13\"}','::1','Mozilla/5.0 (X11; Linux x86_64) AppleWebKit/537.36 (KHTML, like Gecko) Chrome/145.0.0.0 Safari/537.36','2026-03-12 23:38:29'),(20,1,'UPDATE','members',1,'{\"id\":1,\"member_no\":\"MEM2026038357\",\"full_name\":\"Michael\",\"national_id\":\"323232\",\"phone\":\"2333\",\"email\":\"emwenotikenda@gmail.com\",\"address\":\"\",\"date_joined\":\"2026-03-12\",\"membership_status\":\"active\",\"kyc_documents\":null,\"user_id\":null,\"created_by\":1,\"created_at\":\"2026-03-12 17:51:35\",\"updated_at\":\"2026-03-12 19:34:46\",\"updated_by\":null,\"rejected_reason\":null,\"approval_remarks\":null,\"reviewed_at\":null,\"reviewed_by\":null,\"registration_fee_paid\":\"0.00\",\"bylaws_fee_paid\":\"0.00\",\"registration_date\":null,\"registration_receipt_no\":null,\"total_share_contributions\":\"3000.00\",\"full_shares_issued\":0,\"partial_share_balance\":\"0.00\",\"approved_at\":null,\"rejected_by\":null,\"rejected_at\":null,\"approved_by\":null,\"user_account\":null,\"deposit_count\":2,\"loan_count\":1,\"share_count\":0}','{\"date_joined\":\"2025-05-01\",\"full_name\":\"Michael\",\"national_id\":\"323232\",\"phone\":\"2333\",\"email\":\"emwenotikenda@gmail.com\",\"address\":\"\",\"membership_status\":\"active\"}','::1','Mozilla/5.0 (X11; Linux x86_64) AppleWebKit/537.36 (KHTML, like Gecko) Chrome/145.0.0.0 Safari/537.36','2026-03-13 00:14:31'),(21,1,'APPROVE','loans',1,'null','{\"id\":1,\"loan_no\":\"LN202617803\",\"member_id\":1,\"product_id\":1,\"principal_amount\":\"10000.00\",\"interest_amount\":\"2400.00\",\"total_amount\":\"12400.00\",\"balance\":\"0.00\",\"duration_months\":24,\"interest_rate\":\"12.00\",\"application_date\":\"2026-03-12\",\"approval_date\":null,\"disbursement_date\":null,\"first_payment_date\":null,\"status\":\"guarantor_pending\",\"created_by\":1,\"approved_by\":null,\"created_at\":\"2026-03-12 21:13:29\",\"updated_at\":null,\"remarks\":null,\"full_name\":\"Michael\",\"member_no\":\"MEM2026038357\",\"national_id\":\"323232\",\"phone\":\"2333\",\"email\":\"emwenotikenda@gmail.com\",\"date_joined\":\"2025-05-01\",\"product_name\":\"Normal Loan\",\"product_rate\":\"12.00\",\"member_deposits\":\"1000.00\",\"member_shares\":\"0.00\",\"membership_months\":10}','::1','Mozilla/5.0 (X11; Linux x86_64) AppleWebKit/537.36 (KHTML, like Gecko) Chrome/145.0.0.0 Safari/537.36','2026-03-13 00:15:09'),(22,1,'DISBURSE','loans',1,'null','{\"disbursement_method\":\"cheque\",\"reference_no\":\"123123\",\"disbursement_date\":\"2026-03-13\"}','::1','Mozilla/5.0 (X11; Linux x86_64) AppleWebKit/537.36 (KHTML, like Gecko) Chrome/145.0.0.0 Safari/537.36','2026-03-13 00:15:22'),(23,1,'PAYMENT','loan_repayments',1,'null','{\"amount_paid\":\"500\",\"payment_date\":\"2026-03-13\",\"payment_method\":\"mpesa\",\"reference_no\":\"12121\"}','::1','Mozilla/5.0 (X11; Linux x86_64) AppleWebKit/537.36 (KHTML, like Gecko) Chrome/145.0.0.0 Safari/537.36','2026-03-13 00:41:39'),(24,1,'CALCULATE','dividends',0,'null','{\"year\":\"2026\",\"rate\":\"9\"}','::1','Mozilla/5.0 (X11; Linux x86_64) AppleWebKit/537.36 (KHTML, like Gecko) Chrome/145.0.0.0 Safari/537.36','2026-03-13 04:12:18'),(25,1,'INSERT','deposits',77,'null','{\"action\":\"add_deposit\",\"transaction_type\":\"deposit\",\"member_id\":\"2\",\"amount\":\"1000\",\"payment_method\":\"cash\",\"deposit_date\":\"2026-01-01\",\"reference_no\":\"TXN1773467478\",\"description\":\"\"}','::1','Mozilla/5.0 (X11; Linux x86_64) AppleWebKit/537.36 (KHTML, like Gecko) Chrome/145.0.0.0 Safari/537.36','2026-03-14 05:53:00'),(26,1,'INSERT','deposits',492,'null','{\"action\":\"add_deposit\",\"transaction_type\":\"withdrawal\",\"member_id\":\"80\",\"amount\":\"1000000\",\"payment_method\":\"cheque\",\"deposit_date\":\"2026-03-31\",\"reference_no\":\"TXN1773489212\",\"description\":\"\"}','::1','Mozilla/5.0 (X11; Linux x86_64) AppleWebKit/537.36 (KHTML, like Gecko) Chrome/145.0.0.0 Safari/537.36','2026-03-14 11:56:34'),(27,1,'INSERT','deposits',493,'null','{\"action\":\"add_deposit\",\"transaction_type\":\"deposit\",\"member_id\":\"2\",\"amount\":\"1000\",\"payment_method\":\"mpesa\",\"deposit_date\":\"2025-01-01\",\"reference_no\":\"TXN1773493206\",\"description\":\"\"}','::1','Mozilla/5.0 (X11; Linux x86_64) AppleWebKit/537.36 (KHTML, like Gecko) Chrome/145.0.0.0 Safari/537.36','2026-03-14 13:00:36'),(28,1,'CALCULATE','dividends',0,'null','{\"year\":\"2025\",\"rate\":\"11\",\"method\":\"kenya_sacco_pro_rata\",\"eligible\":84,\"excluded\":0,\"total\":319414.0078802636}','::1','Mozilla/5.0 (X11; Linux x86_64) AppleWebKit/537.36 (KHTML, like Gecko) Chrome/145.0.0.0 Safari/537.36','2026-03-14 15:19:38'),(29,1,'CALCULATE','dividends',0,'null','{\"year\":\"2026\",\"rate\":\"11\",\"method\":\"kenya_sacco_pro_rata\",\"eligible\":84,\"excluded\":0,\"total\":687681.3735000001}','::1','Mozilla/5.0 (X11; Linux x86_64) AppleWebKit/537.36 (KHTML, like Gecko) Chrome/145.0.0.0 Safari/537.36','2026-03-14 15:51:08'),(30,1,'CALCULATE','dividends',0,'null','{\"year\":\"2025\",\"rate\":\"11\",\"method\":\"kenya_sacco_pro_rata\",\"eligible\":84,\"excluded\":0,\"total\":319414.0078802636}','::1','Mozilla/5.0 (X11; Linux x86_64) AppleWebKit/537.36 (KHTML, like Gecko) Chrome/145.0.0.0 Safari/537.36','2026-03-14 15:55:28'),(31,1,'INSERT','loans',1,'null','{\"member_id\":\"44\",\"product_id\":\"1\",\"principal\":\"10000\",\"duration\":\"12\"}','::1','Mozilla/5.0 (X11; Linux x86_64) AppleWebKit/537.36 (KHTML, like Gecko) Chrome/145.0.0.0 Safari/537.36','2026-03-14 23:06:05'),(32,1,'INSERT','deposits',598,'null','{\"action\":\"add_deposit\",\"transaction_type\":\"withdrawal\",\"member_id\":\"9\",\"amount\":\"120000\",\"payment_method\":\"cheque\",\"deposit_date\":\"2025-12-31\",\"reference_no\":\"TXN1774560222\",\"description\":\"\"}','::1','Mozilla/5.0 (X11; Linux x86_64) AppleWebKit/537.36 (KHTML, like Gecko) Chrome/145.0.0.0 Safari/537.36','2026-03-26 21:26:43'),(33,1,'INSERT','deposits',599,'null','{\"action\":\"add_deposit\",\"transaction_type\":\"withdrawal\",\"member_id\":\"16\",\"amount\":\"22200\",\"payment_method\":\"cheque\",\"deposit_date\":\"2025-12-31\",\"reference_no\":\"TXN1774560403\",\"description\":\"\"}','::1','Mozilla/5.0 (X11; Linux x86_64) AppleWebKit/537.36 (KHTML, like Gecko) Chrome/145.0.0.0 Safari/537.36','2026-03-26 21:27:29'),(34,1,'INSERT','deposits',600,'null','{\"action\":\"add_deposit\",\"transaction_type\":\"withdrawal\",\"member_id\":\"38\",\"amount\":\"65792\",\"payment_method\":\"cheque\",\"deposit_date\":\"2025-12-31\",\"reference_no\":\"TXN1774560450\",\"description\":\"\"}','::1','Mozilla/5.0 (X11; Linux x86_64) AppleWebKit/537.36 (KHTML, like Gecko) Chrome/145.0.0.0 Safari/537.36','2026-03-26 21:28:21'),(35,1,'INSERT','deposits',601,'null','{\"action\":\"add_deposit\",\"transaction_type\":\"withdrawal\",\"member_id\":\"43\",\"amount\":\"194997\",\"payment_method\":\"cheque\",\"deposit_date\":\"2025-12-31\",\"reference_no\":\"TXN1774560501\",\"description\":\"\"}','::1','Mozilla/5.0 (X11; Linux x86_64) AppleWebKit/537.36 (KHTML, like Gecko) Chrome/145.0.0.0 Safari/537.36','2026-03-26 21:29:02'),(36,1,'INSERT','deposits',602,'null','{\"action\":\"add_deposit\",\"transaction_type\":\"withdrawal\",\"member_id\":\"61\",\"amount\":\"58504\",\"payment_method\":\"cheque\",\"deposit_date\":\"2025-12-31\",\"reference_no\":\"TXN1774560542\",\"description\":\"\"}','::1','Mozilla/5.0 (X11; Linux x86_64) AppleWebKit/537.36 (KHTML, like Gecko) Chrome/145.0.0.0 Safari/537.36','2026-03-26 21:30:14'),(37,1,'INSERT','deposits',603,'null','{\"action\":\"add_deposit\",\"transaction_type\":\"withdrawal\",\"member_id\":\"63\",\"amount\":\"23108\",\"payment_method\":\"cheque\",\"deposit_date\":\"2025-12-31\",\"reference_no\":\"TXN1774560614\",\"description\":\"\"}','::1','Mozilla/5.0 (X11; Linux x86_64) AppleWebKit/537.36 (KHTML, like Gecko) Chrome/145.0.0.0 Safari/537.36','2026-03-26 21:30:53'),(38,1,'INSERT','deposits',604,'null','{\"action\":\"add_deposit\",\"transaction_type\":\"withdrawal\",\"member_id\":\"64\",\"amount\":\"26264\",\"payment_method\":\"cheque\",\"deposit_date\":\"2025-12-31\",\"reference_no\":\"TXN1774560653\",\"description\":\"\"}','::1','Mozilla/5.0 (X11; Linux x86_64) AppleWebKit/537.36 (KHTML, like Gecko) Chrome/145.0.0.0 Safari/537.36','2026-03-26 21:31:29'),(39,1,'INSERT','deposits',605,'null','{\"action\":\"add_deposit\",\"transaction_type\":\"withdrawal\",\"member_id\":\"67\",\"amount\":\"99927\",\"payment_method\":\"cheque\",\"deposit_date\":\"2025-12-31\",\"reference_no\":\"TXN1774560689\",\"description\":\"\"}','::1','Mozilla/5.0 (X11; Linux x86_64) AppleWebKit/537.36 (KHTML, like Gecko) Chrome/145.0.0.0 Safari/537.36','2026-03-26 21:32:14'),(40,1,'INSERT','deposits',606,'null','{\"action\":\"add_deposit\",\"transaction_type\":\"withdrawal\",\"member_id\":\"68\",\"amount\":\"29598\",\"payment_method\":\"cheque\",\"deposit_date\":\"2025-12-31\",\"reference_no\":\"TXN1774560734\",\"description\":\"\"}','::1','Mozilla/5.0 (X11; Linux x86_64) AppleWebKit/537.36 (KHTML, like Gecko) Chrome/145.0.0.0 Safari/537.36','2026-03-26 21:34:31'),(41,1,'SHARE_DEDUCTION','admin_charges',198,'null','{\"member_id\":\"4\",\"amount\":1000,\"year\":\"2026\",\"new_shares\":0}','::1','Mozilla/5.0 (X11; Linux x86_64) AppleWebKit/537.36 (KHTML, like Gecko) Chrome/145.0.0.0 Safari/537.36','2026-03-27 08:19:01'),(42,1,'SHARE_DEDUCTION','admin_charges',199,'null','{\"member_id\":\"5\",\"amount\":1000,\"year\":\"2026\",\"new_shares\":0}','::1','Mozilla/5.0 (X11; Linux x86_64) AppleWebKit/537.36 (KHTML, like Gecko) Chrome/145.0.0.0 Safari/537.36','2026-03-27 08:57:38'),(43,1,'SHARE_DEDUCTION','admin_charges',200,'null','{\"member_id\":\"8\",\"amount\":1000,\"year\":\"2026\",\"new_shares\":0}','::1','Mozilla/5.0 (X11; Linux x86_64) AppleWebKit/537.36 (KHTML, like Gecko) Chrome/145.0.0.0 Safari/537.36','2026-03-27 09:18:56'),(44,1,'SHARE_DEDUCTION','admin_charges',201,'null','{\"member_id\":\"14\",\"amount\":1000,\"year\":\"2026\",\"new_shares\":0}','::1','Mozilla/5.0 (X11; Linux x86_64) AppleWebKit/537.36 (KHTML, like Gecko) Chrome/145.0.0.0 Safari/537.36','2026-03-27 11:45:40'),(45,1,'SHARE_DEDUCTION','admin_charges',202,'null','{\"member_id\":\"16\",\"amount\":1000,\"year\":\"2026\",\"new_shares\":1}','::1','Mozilla/5.0 (X11; Linux x86_64) AppleWebKit/537.36 (KHTML, like Gecko) Chrome/145.0.0.0 Safari/537.36','2026-03-27 17:29:11'),(46,1,'SHARE_DEDUCTION','admin_charges',203,'null','{\"member_id\":\"21\",\"amount\":1000,\"year\":\"2026\",\"new_shares\":0}','::1','Mozilla/5.0 (X11; Linux x86_64) AppleWebKit/537.36 (KHTML, like Gecko) Chrome/145.0.0.0 Safari/537.36','2026-03-28 07:29:22'),(47,1,'SHARE_DEDUCTION','admin_charges',204,'null','{\"member_id\":\"29\",\"amount\":1000,\"year\":\"2026\",\"new_shares\":1}','::1','Mozilla/5.0 (X11; Linux x86_64) AppleWebKit/537.36 (KHTML, like Gecko) Chrome/145.0.0.0 Safari/537.36','2026-03-28 20:30:44'),(48,1,'SHARE_DEDUCTION','admin_charges',205,'null','{\"member_id\":\"42\",\"amount\":2000,\"year\":\"2026\",\"new_shares\":0}','::1','Mozilla/5.0 (X11; Linux x86_64) AppleWebKit/537.36 (KHTML, like Gecko) Chrome/145.0.0.0 Safari/537.36','2026-03-28 20:47:16'),(49,1,'SHARE_DEDUCTION','admin_charges',206,'null','{\"member_id\":\"37\",\"amount\":1000,\"year\":\"2026\",\"new_shares\":1}','::1','Mozilla/5.0 (X11; Linux x86_64) AppleWebKit/537.36 (KHTML, like Gecko) Chrome/145.0.0.0 Safari/537.36','2026-03-29 08:31:27'),(50,1,'SHARE_DEDUCTION','admin_charges',207,'null','{\"member_id\":\"41\",\"amount\":1000,\"year\":\"2026\",\"new_shares\":0}','::1','Mozilla/5.0 (X11; Linux x86_64) AppleWebKit/537.36 (KHTML, like Gecko) Chrome/145.0.0.0 Safari/537.36','2026-03-29 09:02:12'),(51,1,'SHARE_DEDUCTION','admin_charges',208,'null','{\"member_id\":\"46\",\"amount\":1000,\"year\":\"2026\",\"new_shares\":0}','::1','Mozilla/5.0 (X11; Linux x86_64) AppleWebKit/537.36 (KHTML, like Gecko) Chrome/145.0.0.0 Safari/537.36','2026-03-29 10:58:54'),(52,1,'SHARE_DEDUCTION','admin_charges',209,'null','{\"member_id\":\"47\",\"amount\":1000,\"year\":\"2026\",\"new_shares\":0}','::1','Mozilla/5.0 (X11; Linux x86_64) AppleWebKit/537.36 (KHTML, like Gecko) Chrome/145.0.0.0 Safari/537.36','2026-03-29 11:14:57'),(53,1,'SHARE_DEDUCTION','admin_charges',210,'null','{\"member_id\":\"50\",\"amount\":1000,\"year\":\"2026\",\"new_shares\":0}','::1','Mozilla/5.0 (X11; Linux x86_64) AppleWebKit/537.36 (KHTML, like Gecko) Chrome/145.0.0.0 Safari/537.36','2026-03-29 12:37:16'),(54,1,'SHARE_DEDUCTION','admin_charges',211,'null','{\"member_id\":\"51\",\"amount\":1000,\"year\":\"2026\",\"new_shares\":0}','::1','Mozilla/5.0 (X11; Linux x86_64) AppleWebKit/537.36 (KHTML, like Gecko) Chrome/145.0.0.0 Safari/537.36','2026-03-29 13:00:27'),(55,1,'SHARE_DEDUCTION','admin_charges',212,'null','{\"member_id\":\"52\",\"amount\":1000,\"year\":\"2026\",\"new_shares\":0}','::1','Mozilla/5.0 (X11; Linux x86_64) AppleWebKit/537.36 (KHTML, like Gecko) Chrome/145.0.0.0 Safari/537.36','2026-03-29 13:00:50'),(56,1,'SHARE_DEDUCTION','admin_charges',213,'null','{\"member_id\":\"53\",\"amount\":1000,\"year\":\"2026\",\"new_shares\":0}','::1','Mozilla/5.0 (X11; Linux x86_64) AppleWebKit/537.36 (KHTML, like Gecko) Chrome/145.0.0.0 Safari/537.36','2026-03-29 13:01:16'),(57,1,'SHARE_DEDUCTION','admin_charges',214,'null','{\"member_id\":\"54\",\"amount\":1000,\"year\":\"2026\",\"new_shares\":0}','::1','Mozilla/5.0 (X11; Linux x86_64) AppleWebKit/537.36 (KHTML, like Gecko) Chrome/145.0.0.0 Safari/537.36','2026-03-29 13:01:58'),(58,1,'SHARE_DEDUCTION','admin_charges',215,'null','{\"member_id\":\"57\",\"amount\":1000,\"year\":\"2026\",\"new_shares\":0}','::1','Mozilla/5.0 (X11; Linux x86_64) AppleWebKit/537.36 (KHTML, like Gecko) Chrome/145.0.0.0 Safari/537.36','2026-03-29 13:24:16'),(59,1,'SHARE_DEDUCTION','admin_charges',216,'null','{\"member_id\":\"59\",\"amount\":1000,\"year\":\"2026\",\"new_shares\":0}','::1','Mozilla/5.0 (X11; Linux x86_64) AppleWebKit/537.36 (KHTML, like Gecko) Chrome/145.0.0.0 Safari/537.36','2026-03-29 13:24:38'),(60,1,'SHARE_DEDUCTION','admin_charges',217,'null','{\"member_id\":\"58\",\"amount\":1000,\"year\":\"2026\",\"new_shares\":0}','::1','Mozilla/5.0 (X11; Linux x86_64) AppleWebKit/537.36 (KHTML, like Gecko) Chrome/145.0.0.0 Safari/537.36','2026-03-29 13:24:58'),(61,1,'SHARE_DEDUCTION','admin_charges',218,'null','{\"member_id\":\"62\",\"amount\":1000,\"year\":\"2026\",\"new_shares\":6}','::1','Mozilla/5.0 (X11; Linux x86_64) AppleWebKit/537.36 (KHTML, like Gecko) Chrome/145.0.0.0 Safari/537.36','2026-03-29 15:20:05'),(62,1,'SHARE_DEDUCTION','admin_charges',219,'null','{\"member_id\":\"65\",\"amount\":1000,\"year\":\"2026\",\"new_shares\":0}','::1','Mozilla/5.0 (X11; Linux x86_64) AppleWebKit/537.36 (KHTML, like Gecko) Chrome/145.0.0.0 Safari/537.36','2026-03-29 15:59:33'),(63,1,'SHARE_DEDUCTION','admin_charges',220,'null','{\"member_id\":\"66\",\"amount\":1000,\"year\":\"2026\",\"new_shares\":0}','::1','Mozilla/5.0 (X11; Linux x86_64) AppleWebKit/537.36 (KHTML, like Gecko) Chrome/145.0.0.0 Safari/537.36','2026-03-29 16:03:55');
/*!40000 ALTER TABLE `audit_logs` ENABLE KEYS */;
UNLOCK TABLES;

--
-- Table structure for table `bank_reconciliation`
--

DROP TABLE IF EXISTS `bank_reconciliation`;
/*!40101 SET @saved_cs_client     = @@character_set_client */;
/*!40101 SET character_set_client = utf8mb4 */;
CREATE TABLE `bank_reconciliation` (
  `id` int(11) NOT NULL AUTO_INCREMENT,
  `reconciliation_date` date NOT NULL,
  `bank_account` varchar(50) NOT NULL,
  `bank_balance` decimal(10,2) NOT NULL,
  `book_balance` decimal(10,2) NOT NULL,
  `difference` decimal(10,2) GENERATED ALWAYS AS (`bank_balance` - `book_balance`) STORED,
  `reconciled` tinyint(1) DEFAULT 0,
  `notes` text DEFAULT NULL,
  `created_by` int(11) DEFAULT NULL,
  `reconciled_by` int(11) DEFAULT NULL,
  `reconciled_at` datetime DEFAULT NULL,
  `created_at` timestamp NOT NULL DEFAULT current_timestamp(),
  PRIMARY KEY (`id`),
  KEY `created_by` (`created_by`),
  KEY `reconciled_by` (`reconciled_by`),
  CONSTRAINT `bank_reconciliation_ibfk_1` FOREIGN KEY (`created_by`) REFERENCES `users` (`id`),
  CONSTRAINT `bank_reconciliation_ibfk_2` FOREIGN KEY (`reconciled_by`) REFERENCES `users` (`id`)
) ENGINE=InnoDB DEFAULT CHARSET=utf8mb4 COLLATE=utf8mb4_general_ci;
/*!40101 SET character_set_client = @saved_cs_client */;

--
-- Dumping data for table `bank_reconciliation`
--

LOCK TABLES `bank_reconciliation` WRITE;
/*!40000 ALTER TABLE `bank_reconciliation` DISABLE KEYS */;
/*!40000 ALTER TABLE `bank_reconciliation` ENABLE KEYS */;
UNLOCK TABLES;

--
-- Table structure for table `budgets`
--

DROP TABLE IF EXISTS `budgets`;
/*!40101 SET @saved_cs_client     = @@character_set_client */;
/*!40101 SET character_set_client = utf8mb4 */;
CREATE TABLE `budgets` (
  `id` int(11) NOT NULL AUTO_INCREMENT,
  `budget_year` year(4) NOT NULL,
  `budget_type` enum('annual','quarterly','monthly') DEFAULT 'annual',
  `account_code` varchar(20) NOT NULL,
  `allocated_amount` decimal(10,2) NOT NULL,
  `actual_amount` decimal(10,2) DEFAULT 0.00,
  `variance` decimal(10,2) GENERATED ALWAYS AS (`actual_amount` - `allocated_amount`) STORED,
  `variance_percentage` decimal(5,2) GENERATED ALWAYS AS (case when `allocated_amount` > 0 then (`actual_amount` - `allocated_amount`) / `allocated_amount` * 100 else 0 end) STORED,
  `notes` text DEFAULT NULL,
  `created_by` int(11) DEFAULT NULL,
  `created_at` timestamp NOT NULL DEFAULT current_timestamp(),
  `updated_at` timestamp NULL DEFAULT NULL ON UPDATE current_timestamp(),
  PRIMARY KEY (`id`),
  UNIQUE KEY `unique_budget` (`budget_year`,`account_code`,`budget_type`),
  KEY `account_code` (`account_code`),
  KEY `created_by` (`created_by`),
  CONSTRAINT `budgets_ibfk_1` FOREIGN KEY (`account_code`) REFERENCES `chart_of_accounts` (`account_code`),
  CONSTRAINT `budgets_ibfk_2` FOREIGN KEY (`created_by`) REFERENCES `users` (`id`)
) ENGINE=InnoDB DEFAULT CHARSET=utf8mb4 COLLATE=utf8mb4_general_ci;
/*!40101 SET character_set_client = @saved_cs_client */;

--
-- Dumping data for table `budgets`
--

LOCK TABLES `budgets` WRITE;
/*!40000 ALTER TABLE `budgets` DISABLE KEYS */;
/*!40000 ALTER TABLE `budgets` ENABLE KEYS */;
UNLOCK TABLES;

--
-- Table structure for table `chart_of_accounts`
--

DROP TABLE IF EXISTS `chart_of_accounts`;
/*!40101 SET @saved_cs_client     = @@character_set_client */;
/*!40101 SET character_set_client = utf8mb4 */;
CREATE TABLE `chart_of_accounts` (
  `id` int(11) NOT NULL AUTO_INCREMENT,
  `account_code` varchar(20) NOT NULL,
  `account_name` varchar(100) NOT NULL,
  `account_type` enum('asset','liability','equity','income','expense') NOT NULL,
  `category` varchar(50) DEFAULT NULL,
  `sub_category` varchar(50) DEFAULT NULL,
  `description` text DEFAULT NULL,
  `normal_balance` enum('debit','credit') NOT NULL,
  `is_active` tinyint(1) DEFAULT 1,
  `parent_account_id` int(11) DEFAULT NULL,
  `created_at` timestamp NOT NULL DEFAULT current_timestamp(),
  `updated_at` timestamp NULL DEFAULT NULL ON UPDATE current_timestamp(),
  PRIMARY KEY (`id`),
  UNIQUE KEY `account_code` (`account_code`),
  KEY `parent_account_id` (`parent_account_id`),
  CONSTRAINT `chart_of_accounts_ibfk_1` FOREIGN KEY (`parent_account_id`) REFERENCES `chart_of_accounts` (`id`)
) ENGINE=InnoDB AUTO_INCREMENT=49 DEFAULT CHARSET=utf8mb4 COLLATE=utf8mb4_general_ci;
/*!40101 SET character_set_client = @saved_cs_client */;

--
-- Dumping data for table `chart_of_accounts`
--

LOCK TABLES `chart_of_accounts` WRITE;
/*!40000 ALTER TABLE `chart_of_accounts` DISABLE KEYS */;
INSERT INTO `chart_of_accounts` VALUES (1,'1000','Cash on Hand','asset','Current Assets',NULL,NULL,'debit',1,NULL,'2026-03-13 00:55:30',NULL),(2,'1010','Cash at Bank - Main Account','asset','Current Assets',NULL,NULL,'debit',1,NULL,'2026-03-13 00:55:30',NULL),(3,'1020','Cash at Bank - Savings','asset','Current Assets',NULL,NULL,'debit',1,NULL,'2026-03-13 00:55:30',NULL),(4,'1030','M-Pesa Account','asset','Current Assets',NULL,NULL,'debit',1,NULL,'2026-03-13 00:55:30',NULL),(5,'1100','Accounts Receivable','asset','Current Assets',NULL,NULL,'debit',1,NULL,'2026-03-13 00:55:30',NULL),(6,'1110','Loans Receivable','asset','Current Assets',NULL,NULL,'debit',1,NULL,'2026-03-13 00:55:30',NULL),(7,'1120','Interest Receivable','asset','Current Assets',NULL,NULL,'debit',1,NULL,'2026-03-13 00:55:30',NULL),(8,'1200','Shares in Cooperatives','asset','Investments',NULL,NULL,'debit',1,NULL,'2026-03-13 00:55:30',NULL),(9,'1300','Fixed Assets','asset','Fixed Assets',NULL,NULL,'debit',1,NULL,'2026-03-13 00:55:30',NULL),(10,'1310','Accumulated Depreciation','asset','Fixed Assets',NULL,NULL,'credit',1,NULL,'2026-03-13 00:55:30',NULL),(11,'1400','Prepaid Expenses','asset','Current Assets',NULL,NULL,'debit',1,NULL,'2026-03-13 00:55:30',NULL),(12,'2000','Accounts Payable','liability','Current Liabilities',NULL,NULL,'credit',1,NULL,'2026-03-13 00:55:30',NULL),(13,'2010','Member Deposits','liability','Current Liabilities',NULL,NULL,'credit',1,NULL,'2026-03-13 00:55:30',NULL),(14,'2020','Savings Accounts','liability','Current Liabilities',NULL,NULL,'credit',1,NULL,'2026-03-13 00:55:30',NULL),(15,'2100','Loans Payable','liability','Long-term Liabilities',NULL,NULL,'credit',1,NULL,'2026-03-13 00:55:30',NULL),(16,'2110','Interest Payable','liability','Current Liabilities',NULL,NULL,'credit',1,NULL,'2026-03-13 00:55:30',NULL),(17,'2200','Accrued Expenses','liability','Current Liabilities',NULL,NULL,'credit',1,NULL,'2026-03-13 00:55:30',NULL),(18,'2300','Tax Payable','liability','Current Liabilities',NULL,NULL,'credit',1,NULL,'2026-03-13 00:55:30',NULL),(19,'3000','Share Capital','equity','Capital',NULL,NULL,'credit',1,NULL,'2026-03-13 00:55:30',NULL),(20,'3010','Retained Earnings','equity','Reserves',NULL,NULL,'credit',1,NULL,'2026-03-13 00:55:30',NULL),(21,'3020','Statutory Reserve','equity','Reserves',NULL,NULL,'credit',1,NULL,'2026-03-13 00:55:30',NULL),(22,'3100','Current Year Earnings','equity','Retained Earnings',NULL,NULL,'credit',1,NULL,'2026-03-13 00:55:30',NULL),(23,'4000','Interest Income','income','Operating Income',NULL,NULL,'credit',1,NULL,'2026-03-13 00:55:30',NULL),(24,'4010','Loan Interest','income','Operating Income',NULL,NULL,'credit',1,NULL,'2026-03-13 00:55:30',NULL),(25,'4020','Penalty Fees','income','Operating Income',NULL,NULL,'credit',1,NULL,'2026-03-13 00:55:30',NULL),(26,'4030','Administrative Fees','income','Operating Income',NULL,NULL,'credit',1,NULL,'2026-03-13 00:55:30',NULL),(27,'4100','Dividend Income','income','Investment Income',NULL,NULL,'credit',1,NULL,'2026-03-13 00:55:30',NULL),(28,'4200','Other Income','income','Other Income',NULL,NULL,'credit',1,NULL,'2026-03-13 00:55:30',NULL),(29,'5000','Salaries and Wages','expense','Operating Expenses',NULL,NULL,'debit',1,NULL,'2026-03-13 00:55:30',NULL),(30,'5010','Rent Expense','expense','Operating Expenses',NULL,NULL,'debit',1,NULL,'2026-03-13 00:55:30',NULL),(31,'5020','Utilities Expense','expense','Operating Expenses',NULL,NULL,'debit',1,NULL,'2026-03-13 00:55:30',NULL),(32,'5030','Office Supplies','expense','Operating Expenses',NULL,NULL,'debit',1,NULL,'2026-03-13 00:55:30',NULL),(33,'5040','Telephone & Internet','expense','Operating Expenses',NULL,NULL,'debit',1,NULL,'2026-03-13 00:55:30',NULL),(34,'5050','Travel Expense','expense','Operating Expenses',NULL,NULL,'debit',1,NULL,'2026-03-13 00:55:30',NULL),(35,'5060','Training Expense','expense','Operating Expenses',NULL,NULL,'debit',1,NULL,'2026-03-13 00:55:30',NULL),(36,'5070','Marketing Expense','expense','Operating Expenses',NULL,NULL,'debit',1,NULL,'2026-03-13 00:55:30',NULL),(37,'5080','Legal & Professional','expense','Operating Expenses',NULL,NULL,'debit',1,NULL,'2026-03-13 00:55:30',NULL),(38,'5090','Bank Charges','expense','Operating Expenses',NULL,NULL,'debit',1,NULL,'2026-03-13 00:55:30',NULL),(39,'5100','Depreciation Expense','expense','Operating Expenses',NULL,NULL,'debit',1,NULL,'2026-03-13 00:55:30',NULL),(40,'5110','Maintenance Expense','expense','Operating Expenses',NULL,NULL,'debit',1,NULL,'2026-03-13 00:55:30',NULL),(41,'5120','Insurance Expense','expense','Operating Expenses',NULL,NULL,'debit',1,NULL,'2026-03-13 00:55:30',NULL),(42,'5200','Other Expenses','expense','Other Expenses',NULL,NULL,'debit',1,NULL,'2026-03-13 00:55:30',NULL),(43,'SHARE_CAPITAL','Share Capital','equity','Share Capital',NULL,NULL,'credit',1,NULL,'2026-03-27 06:55:24',NULL),(44,'MEMBER_DEPOSITS','Member Deposits','liability','Member Savings',NULL,NULL,'credit',1,NULL,'2026-03-27 06:55:24',NULL),(45,'CASH','Cash Account','asset','Current Assets',NULL,NULL,'debit',1,NULL,'2026-03-27 06:55:24',NULL);
/*!40000 ALTER TABLE `chart_of_accounts` ENABLE KEYS */;
UNLOCK TABLES;

--
-- Table structure for table `contribution_import_batches`
--

DROP TABLE IF EXISTS `contribution_import_batches`;
/*!40101 SET @saved_cs_client     = @@character_set_client */;
/*!40101 SET character_set_client = utf8mb4 */;
CREATE TABLE `contribution_import_batches` (
  `id` int(11) NOT NULL AUTO_INCREMENT,
  `batch_no` varchar(50) NOT NULL,
  `import_date` date NOT NULL,
  `year` int(11) NOT NULL,
  `total_records` int(11) DEFAULT 0,
  `total_amount` decimal(10,2) DEFAULT 0.00,
  `processed_records` int(11) DEFAULT 0,
  `skipped_records` int(11) DEFAULT 0,
  `status` enum('pending','processing','completed','failed') DEFAULT 'pending',
  `filename` varchar(255) DEFAULT NULL,
  `created_by` int(11) DEFAULT NULL,
  `created_at` timestamp NOT NULL DEFAULT current_timestamp(),
  `completed_at` timestamp NULL DEFAULT NULL,
  PRIMARY KEY (`id`),
  UNIQUE KEY `batch_no` (`batch_no`),
  KEY `created_by` (`created_by`),
  CONSTRAINT `contribution_import_batches_ibfk_1` FOREIGN KEY (`created_by`) REFERENCES `users` (`id`)
) ENGINE=InnoDB AUTO_INCREMENT=2 DEFAULT CHARSET=utf8mb4 COLLATE=utf8mb4_general_ci;
/*!40101 SET character_set_client = @saved_cs_client */;

--
-- Dumping data for table `contribution_import_batches`
--

LOCK TABLES `contribution_import_batches` WRITE;
/*!40000 ALTER TABLE `contribution_import_batches` DISABLE KEYS */;
INSERT INTO `contribution_import_batches` VALUES (1,'MONTHLY202603148437','2026-03-14',2025,414,857341.00,369,45,'completed','depositsupload.csv',1,'2026-03-14 10:55:05',NULL);
/*!40000 ALTER TABLE `contribution_import_batches` ENABLE KEYS */;
UNLOCK TABLES;

--
-- Table structure for table `deposits`
--

DROP TABLE IF EXISTS `deposits`;
/*!40101 SET @saved_cs_client     = @@character_set_client */;
/*!40101 SET character_set_client = utf8mb4 */;
CREATE TABLE `deposits` (
  `id` int(11) NOT NULL AUTO_INCREMENT,
  `member_id` int(11) NOT NULL,
  `deposit_date` date NOT NULL,
  `amount` decimal(10,2) NOT NULL,
  `balance` decimal(10,2) NOT NULL,
  `transaction_type` enum('deposit','withdrawal','interest') NOT NULL,
  `reference_no` varchar(50) DEFAULT NULL,
  `description` text DEFAULT NULL,
  `created_by` int(11) DEFAULT NULL,
  `created_at` timestamp NOT NULL DEFAULT current_timestamp(),
  `is_opening_balance` tinyint(1) DEFAULT 0,
  `opening_balance_id` int(11) DEFAULT NULL,
  PRIMARY KEY (`id`),
  KEY `member_id` (`member_id`),
  KEY `created_by` (`created_by`),
  KEY `opening_balance_id` (`opening_balance_id`),
  CONSTRAINT `deposits_ibfk_1` FOREIGN KEY (`member_id`) REFERENCES `members` (`id`),
  CONSTRAINT `deposits_ibfk_2` FOREIGN KEY (`created_by`) REFERENCES `users` (`id`),
  CONSTRAINT `deposits_ibfk_3` FOREIGN KEY (`opening_balance_id`) REFERENCES `opening_balances` (`id`)
) ENGINE=InnoDB AUTO_INCREMENT=724 DEFAULT CHARSET=utf8mb4 COLLATE=utf8mb4_general_ci;
/*!40101 SET character_set_client = @saved_cs_client */;

--
-- Dumping data for table `deposits`
--

LOCK TABLES `deposits` WRITE;
/*!40000 ALTER TABLE `deposits` DISABLE KEYS */;
INSERT INTO `deposits` VALUES (2,1,'2024-01-04',76460.00,76460.00,'deposit','DEP1773395344324','Opening Balance - Import',1,'2026-03-13 09:49:04',0,NULL),(3,2,'2024-01-04',159459.00,159459.00,'deposit','DEP1773395345762','Opening Balance - Import',1,'2026-03-13 09:49:05',0,NULL),(4,3,'2024-01-04',168406.00,168406.00,'deposit','DEP1773395345438','Opening Balance - Import',1,'2026-03-13 09:49:05',0,NULL),(5,4,'2024-01-04',48146.00,48146.00,'deposit','DEP1773395345871','Opening Balance - Import',1,'2026-03-13 09:49:05',0,NULL),(6,5,'2024-01-04',67040.00,67040.00,'deposit','DEP1773395345478','Opening Balance - Import',1,'2026-03-13 09:49:05',0,NULL),(7,6,'2024-01-04',237197.00,237197.00,'deposit','DEP1773395345837','Opening Balance - Import',1,'2026-03-13 09:49:05',0,NULL),(8,8,'2024-01-04',64566.00,64566.00,'deposit','DEP1773395345726','Opening Balance - Import',1,'2026-03-13 09:49:05',0,NULL),(9,9,'2024-01-04',123457.00,123457.00,'deposit','DEP1773395345222','Opening Balance - Import',1,'2026-03-13 09:49:05',0,NULL),(10,10,'2024-01-04',5863.00,5863.00,'deposit','DEP1773395345378','Opening Balance - Import',1,'2026-03-13 09:49:05',0,NULL),(11,11,'2024-01-04',26198.00,26198.00,'deposit','DEP1773395345504','Opening Balance - Import',1,'2026-03-13 09:49:05',0,NULL),(12,12,'2024-01-04',1193.00,1193.00,'deposit','DEP1773395345743','Opening Balance - Import',1,'2026-03-13 09:49:05',0,NULL),(13,14,'2025-01-04',24879.00,24879.00,'deposit','DEP1773395345132','Opening Balance - Import',1,'2026-03-13 09:49:05',0,NULL),(14,15,'2025-01-04',4188.00,4188.00,'deposit','DEP1773395345930','Opening Balance - Import',1,'2026-03-13 09:49:05',0,NULL),(15,16,'2025-01-04',90272.00,90272.00,'deposit','DEP1773395345270','Opening Balance - Import',1,'2026-03-13 09:49:05',0,NULL),(16,17,'2024-01-04',90222.00,90222.00,'deposit','DEP1773395345515','Opening Balance - Import',1,'2026-03-13 09:49:05',0,NULL),(17,18,'2024-01-04',115502.00,115502.00,'deposit','DEP1773395345301','Opening Balance - Import',1,'2026-03-13 09:49:05',0,NULL),(18,20,'2024-01-04',126497.00,126497.00,'deposit','DEP1773395345154','Opening Balance - Import',1,'2026-03-13 09:49:05',0,NULL),(19,21,'2024-01-04',90963.00,90963.00,'deposit','DEP1773395345283','Opening Balance - Import',1,'2026-03-13 09:49:05',0,NULL),(20,23,'2024-01-04',71508.00,71508.00,'deposit','DEP1773395345802','Opening Balance - Import',1,'2026-03-13 09:49:05',0,NULL),(21,24,'2024-01-04',83215.00,83215.00,'deposit','DEP1773395345157','Opening Balance - Import',1,'2026-03-13 09:49:05',0,NULL),(22,25,'2024-01-04',276445.00,276445.00,'deposit','DEP1773395345629','Opening Balance - Import',1,'2026-03-13 09:49:05',0,NULL),(23,26,'2024-01-04',1334.00,1334.00,'deposit','DEP1773395345325','Opening Balance - Import',1,'2026-03-13 09:49:05',0,NULL),(24,27,'2024-01-04',24401.00,24401.00,'deposit','DEP1773395345503','Opening Balance - Import',1,'2026-03-13 09:49:05',0,NULL),(25,28,'2024-01-04',8412.00,8412.00,'deposit','DEP1773395345281','Opening Balance - Import',1,'2026-03-13 09:49:05',0,NULL),(26,29,'2024-01-04',73042.00,73042.00,'deposit','DEP1773395345838','Opening Balance - Import',1,'2026-03-13 09:49:05',0,NULL),(27,30,'2024-01-04',76130.00,76130.00,'deposit','DEP1773395345216','Opening Balance - Import',1,'2026-03-13 09:49:05',0,NULL),(28,31,'2024-01-04',73399.00,73399.00,'deposit','DEP1773395345662','Opening Balance - Import',1,'2026-03-13 09:49:05',0,NULL),(29,32,'2024-01-04',197.00,197.00,'deposit','DEP1773395345524','Opening Balance - Import',1,'2026-03-13 09:49:05',0,NULL),(30,33,'2024-01-04',40600.00,40600.00,'deposit','DEP1773395345585','Opening Balance - Import',1,'2026-03-13 09:49:05',0,NULL),(31,35,'2024-01-04',334105.00,334105.00,'deposit','DEP1773395345785','Opening Balance - Import',1,'2026-03-13 09:49:05',0,NULL),(32,37,'2024-01-04',96416.00,96416.00,'deposit','DEP1773395345930','Opening Balance - Import',1,'2026-03-13 09:49:05',0,NULL),(33,38,'2024-01-04',65792.00,65792.00,'deposit','DEP1773395345792','Opening Balance - Import',1,'2026-03-13 09:49:05',0,NULL),(34,39,'2024-01-04',129652.00,129652.00,'deposit','DEP1773395345122','Opening Balance - Import',1,'2026-03-13 09:49:05',0,NULL),(35,40,'2024-01-04',105879.00,105879.00,'deposit','DEP1773395345622','Opening Balance - Import',1,'2026-03-13 09:49:05',0,NULL),(36,41,'2024-01-04',43888.00,43888.00,'deposit','DEP1773395345966','Opening Balance - Import',1,'2026-03-13 09:49:05',0,NULL),(37,42,'2024-01-04',87415.00,87415.00,'deposit','DEP1773395345353','Opening Balance - Import',1,'2026-03-13 09:49:05',0,NULL),(38,43,'2024-01-04',194997.00,194997.00,'deposit','DEP1773395345844','Opening Balance - Import',1,'2026-03-13 09:49:05',0,NULL),(39,44,'2024-01-04',215400.00,215400.00,'deposit','DEP1773395345274','Opening Balance - Import',1,'2026-03-13 09:49:05',0,NULL),(40,45,'2024-01-04',369058.00,369058.00,'deposit','DEP1773395345558','Opening Balance - Import',1,'2026-03-13 09:49:05',0,NULL),(41,46,'2024-01-04',89194.00,89194.00,'deposit','DEP1773395345465','Opening Balance - Import',1,'2026-03-13 09:49:05',0,NULL),(42,47,'2024-01-04',55889.00,55889.00,'deposit','DEP1773395345133','Opening Balance - Import',1,'2026-03-13 09:49:05',0,NULL),(43,48,'2024-01-04',58761.00,58761.00,'deposit','DEP1773395345716','Opening Balance - Import',1,'2026-03-13 09:49:05',0,NULL),(44,50,'2024-01-04',47041.00,47041.00,'deposit','DEP1773395345839','Opening Balance - Import',1,'2026-03-13 09:49:05',0,NULL),(45,51,'2024-01-04',166966.00,166966.00,'deposit','DEP1773395345245','Opening Balance - Import',1,'2026-03-13 09:49:05',0,NULL),(46,52,'2024-01-04',78474.00,78474.00,'deposit','DEP1773395345260','Opening Balance - Import',1,'2026-03-13 09:49:05',0,NULL),(47,53,'2024-01-04',72843.00,72843.00,'deposit','DEP1773395345681','Opening Balance - Import',1,'2026-03-13 09:49:05',0,NULL),(48,54,'2024-01-04',33124.00,33124.00,'deposit','DEP1773395345523','Opening Balance - Import',1,'2026-03-13 09:49:05',0,NULL),(49,55,'2024-01-04',72154.00,72154.00,'deposit','DEP1773395345803','Opening Balance - Import',1,'2026-03-13 09:49:05',0,NULL),(50,56,'2024-01-04',69125.00,69125.00,'deposit','DEP1773395345647','Opening Balance - Import',1,'2026-03-13 09:49:05',0,NULL),(51,57,'2024-01-04',55376.00,55376.00,'deposit','DEP1773395345205','Opening Balance - Import',1,'2026-03-13 09:49:05',0,NULL),(52,58,'2024-01-04',69576.00,69576.00,'deposit','DEP1773395345242','Opening Balance - Import',1,'2026-03-13 09:49:05',0,NULL),(53,59,'2024-01-04',76576.00,76576.00,'deposit','DEP1773395345361','Opening Balance - Import',1,'2026-03-13 09:49:05',0,NULL),(54,60,'2024-01-04',19943.00,19943.00,'deposit','DEP1773395345311','Opening Balance - Import',1,'2026-03-13 09:49:05',0,NULL),(55,61,'2024-01-04',58504.00,58504.00,'deposit','DEP1773395345169','Opening Balance - Import',1,'2026-03-13 09:49:05',0,NULL),(56,62,'2024-01-04',116067.00,116067.00,'deposit','DEP1773395345317','Opening Balance - Import',1,'2026-03-13 09:49:05',0,NULL),(57,63,'2024-01-04',23108.00,23108.00,'deposit','DEP1773395345642','Opening Balance - Import',1,'2026-03-13 09:49:05',0,NULL),(58,64,'2024-01-04',26264.00,26264.00,'deposit','DEP1773395345487','Opening Balance - Import',1,'2026-03-13 09:49:05',0,NULL),(59,65,'2024-01-04',199470.00,199470.00,'deposit','DEP1773395345684','Opening Balance - Import',1,'2026-03-13 09:49:05',0,NULL),(60,66,'2024-01-04',45575.00,45575.00,'deposit','DEP1773395345204','Opening Balance - Import',1,'2026-03-13 09:49:05',0,NULL),(61,67,'2024-01-04',99927.00,99927.00,'deposit','DEP1773395345998','Opening Balance - Import',1,'2026-03-13 09:49:05',0,NULL),(62,68,'2024-01-04',29598.00,29598.00,'deposit','DEP1773395345763','Opening Balance - Import',1,'2026-03-13 09:49:05',0,NULL),(63,69,'2024-01-04',58106.00,58106.00,'deposit','DEP1773395345422','Opening Balance - Import',1,'2026-03-13 09:49:05',0,NULL),(64,70,'2024-01-04',7040.00,7040.00,'deposit','DEP1773395345829','Opening Balance - Import',1,'2026-03-13 09:49:05',0,NULL),(65,71,'2024-01-04',10419.00,10419.00,'deposit','DEP1773395345181','Opening Balance - Import',1,'2026-03-13 09:49:05',0,NULL),(66,72,'2024-01-04',13129.00,13129.00,'deposit','DEP1773395345280','Opening Balance - Import',1,'2026-03-13 09:49:05',0,NULL),(67,73,'2024-01-04',4800.00,4800.00,'deposit','DEP1773395345521','Opening Balance - Import',1,'2026-03-13 09:49:05',0,NULL),(68,74,'2024-01-04',123000.00,123000.00,'deposit','DEP1773395345188','Opening Balance - Import',1,'2026-03-13 09:49:05',0,NULL),(69,76,'2024-01-04',26400.00,26400.00,'deposit','DEP1773395345931','Opening Balance - Import',1,'2026-03-13 09:49:05',0,NULL),(70,77,'2024-01-04',2000.00,2000.00,'deposit','DEP1773395345137','Opening Balance - Import',1,'2026-03-13 09:49:05',0,NULL),(71,78,'2024-01-04',1000.00,1000.00,'deposit','DEP1773395345162','Opening Balance - Import',1,'2026-03-13 09:49:05',0,NULL),(72,79,'2024-01-04',9000.00,9000.00,'deposit','DEP1773395345778','Opening Balance - Import',1,'2026-03-13 09:49:05',0,NULL),(73,80,'2024-01-04',1006000.00,1006000.00,'deposit','DEP1773395345837','Opening Balance - Import',1,'2026-03-13 09:49:05',0,NULL),(74,81,'2024-01-04',23000.00,23000.00,'deposit','DEP1773395345397','Opening Balance - Import',1,'2026-03-13 09:49:05',0,NULL),(75,82,'2024-01-04',17000.00,17000.00,'deposit','DEP1773395345459','Opening Balance - Import',1,'2026-03-13 09:49:05',0,NULL),(76,83,'2024-01-04',4000.00,4000.00,'deposit','DEP1773395345655','Opening Balance - Import',1,'2026-03-13 09:49:05',0,NULL),(78,1,'2025-03-01',8655.00,85115.00,'deposit','BATCH-MONTHLY202603148437-1','Monthly contribution (batch process) - 0 2025',1,'2026-03-14 11:41:15',0,NULL),(79,1,'2025-07-01',55000.00,140115.00,'deposit','BATCH-MONTHLY202603148437-2','Monthly contribution (batch process) - 0 2025',1,'2026-03-14 11:41:15',0,NULL),(80,1,'2025-09-01',17000.00,157115.00,'deposit','BATCH-MONTHLY202603148437-3','Monthly contribution (batch process) - 0 2025',1,'2026-03-14 11:41:15',0,NULL),(81,1,'2025-10-01',2000.00,159115.00,'deposit','BATCH-MONTHLY202603148437-4','Monthly contribution (batch process) - 0 2025',1,'2026-03-14 11:41:15',0,NULL),(82,2,'2025-01-01',1000.00,160459.00,'deposit','BATCH-MONTHLY202603148437-5','Monthly contribution (batch process) - 0 2025',1,'2026-03-14 11:41:15',0,NULL),(83,2,'2025-02-01',1000.00,161459.00,'deposit','BATCH-MONTHLY202603148437-6','Monthly contribution (batch process) - 0 2025',1,'2026-03-14 11:41:15',0,NULL),(84,2,'2025-03-01',1000.00,162459.00,'deposit','BATCH-MONTHLY202603148437-7','Monthly contribution (batch process) - 0 2025',1,'2026-03-14 11:41:15',0,NULL),(85,2,'2025-04-01',1000.00,163459.00,'deposit','BATCH-MONTHLY202603148437-8','Monthly contribution (batch process) - 0 2025',1,'2026-03-14 11:41:15',0,NULL),(86,2,'2025-05-01',1000.00,164459.00,'deposit','BATCH-MONTHLY202603148437-9','Monthly contribution (batch process) - 0 2025',1,'2026-03-14 11:41:15',0,NULL),(87,2,'2025-06-01',1000.00,165459.00,'deposit','BATCH-MONTHLY202603148437-10','Monthly contribution (batch process) - 0 2025',1,'2026-03-14 11:41:15',0,NULL),(88,2,'2025-07-01',1000.00,166459.00,'deposit','BATCH-MONTHLY202603148437-11','Monthly contribution (batch process) - 0 2025',1,'2026-03-14 11:41:15',0,NULL),(89,2,'2025-08-01',1000.00,167459.00,'deposit','BATCH-MONTHLY202603148437-12','Monthly contribution (batch process) - 0 2025',1,'2026-03-14 11:41:15',0,NULL),(90,2,'2025-09-01',1000.00,168459.00,'deposit','BATCH-MONTHLY202603148437-13','Monthly contribution (batch process) - 0 2025',1,'2026-03-14 11:41:15',0,NULL),(91,2,'2025-10-01',1000.00,169459.00,'deposit','BATCH-MONTHLY202603148437-14','Monthly contribution (batch process) - 0 2025',1,'2026-03-14 11:41:15',0,NULL),(92,2,'2025-11-01',1000.00,170459.00,'deposit','BATCH-MONTHLY202603148437-15','Monthly contribution (batch process) - 0 2025',1,'2026-03-14 11:41:15',0,NULL),(94,3,'2025-01-01',1000.00,169406.00,'deposit','BATCH-MONTHLY202603148437-17','Monthly contribution (batch process) - 0 2025',1,'2026-03-14 11:41:15',0,NULL),(95,3,'2025-02-01',1000.00,170406.00,'deposit','BATCH-MONTHLY202603148437-18','Monthly contribution (batch process) - 0 2025',1,'2026-03-14 11:41:15',0,NULL),(96,3,'2025-03-01',1000.00,171406.00,'deposit','BATCH-MONTHLY202603148437-19','Monthly contribution (batch process) - 0 2025',1,'2026-03-14 11:41:15',0,NULL),(97,3,'2025-04-01',1000.00,172406.00,'deposit','BATCH-MONTHLY202603148437-20','Monthly contribution (batch process) - 0 2025',1,'2026-03-14 11:41:15',0,NULL),(98,3,'2025-05-01',1000.00,173406.00,'deposit','BATCH-MONTHLY202603148437-21','Monthly contribution (batch process) - 0 2025',1,'2026-03-14 11:41:15',0,NULL),(99,3,'2025-06-01',1000.00,174406.00,'deposit','BATCH-MONTHLY202603148437-22','Monthly contribution (batch process) - 0 2025',1,'2026-03-14 11:41:15',0,NULL),(100,3,'2025-07-01',1000.00,175406.00,'deposit','BATCH-MONTHLY202603148437-23','Monthly contribution (batch process) - 0 2025',1,'2026-03-14 11:41:15',0,NULL),(101,3,'2025-08-01',1000.00,176406.00,'deposit','BATCH-MONTHLY202603148437-24','Monthly contribution (batch process) - 0 2025',1,'2026-03-14 11:41:15',0,NULL),(102,3,'2025-09-01',1000.00,177406.00,'deposit','BATCH-MONTHLY202603148437-25','Monthly contribution (batch process) - 0 2025',1,'2026-03-14 11:41:16',0,NULL),(103,3,'2025-10-01',1000.00,178406.00,'deposit','BATCH-MONTHLY202603148437-26','Monthly contribution (batch process) - 0 2025',1,'2026-03-14 11:41:16',0,NULL),(104,3,'2025-11-01',1000.00,179406.00,'deposit','BATCH-MONTHLY202603148437-27','Monthly contribution (batch process) - 0 2025',1,'2026-03-14 11:41:16',0,NULL),(105,3,'2025-12-01',1000.00,180406.00,'deposit','BATCH-MONTHLY202603148437-28','Monthly contribution (batch process) - 0 2025',1,'2026-03-14 11:41:16',0,NULL),(106,4,'2025-05-01',2000.00,50146.00,'deposit','BATCH-MONTHLY202603148437-29','Monthly contribution (batch process) - 0 2025',1,'2026-03-14 11:41:16',0,NULL),(107,5,'2025-01-01',1000.00,68040.00,'deposit','BATCH-MONTHLY202603148437-30','Monthly contribution (batch process) - 0 2025',1,'2026-03-14 11:41:16',0,NULL),(108,5,'2025-04-01',1000.00,69040.00,'deposit','BATCH-MONTHLY202603148437-31','Monthly contribution (batch process) - 0 2025',1,'2026-03-14 11:41:16',0,NULL),(109,5,'2025-05-01',1000.00,70040.00,'deposit','BATCH-MONTHLY202603148437-32','Monthly contribution (batch process) - 0 2025',1,'2026-03-14 11:41:16',0,NULL),(110,5,'2025-07-01',1000.00,71040.00,'deposit','BATCH-MONTHLY202603148437-33','Monthly contribution (batch process) - 0 2025',1,'2026-03-14 11:41:16',0,NULL),(111,5,'2025-08-01',1000.00,72040.00,'deposit','BATCH-MONTHLY202603148437-34','Monthly contribution (batch process) - 0 2025',1,'2026-03-14 11:41:16',0,NULL),(112,5,'2025-09-01',1000.00,73040.00,'deposit','BATCH-MONTHLY202603148437-35','Monthly contribution (batch process) - 0 2025',1,'2026-03-14 11:41:16',0,NULL),(113,5,'2025-10-01',1000.00,74040.00,'deposit','BATCH-MONTHLY202603148437-36','Monthly contribution (batch process) - 0 2025',1,'2026-03-14 11:41:16',0,NULL),(114,5,'2025-11-01',1000.00,75040.00,'deposit','BATCH-MONTHLY202603148437-37','Monthly contribution (batch process) - 0 2025',1,'2026-03-14 11:41:16',0,NULL),(115,5,'2025-12-01',1000.00,76040.00,'deposit','BATCH-MONTHLY202603148437-38','Monthly contribution (batch process) - 0 2025',1,'2026-03-14 11:41:16',0,NULL),(116,6,'2025-01-01',5000.00,242197.00,'deposit','BATCH-MONTHLY202603148437-39','Monthly contribution (batch process) - 0 2025',1,'2026-03-14 11:41:16',0,NULL),(117,6,'2025-03-01',5000.00,247197.00,'deposit','BATCH-MONTHLY202603148437-40','Monthly contribution (batch process) - 0 2025',1,'2026-03-14 11:41:16',0,NULL),(118,6,'2025-04-01',5000.00,252197.00,'deposit','BATCH-MONTHLY202603148437-41','Monthly contribution (batch process) - 0 2025',1,'2026-03-14 11:41:16',0,NULL),(119,6,'2025-05-01',10000.00,262197.00,'deposit','BATCH-MONTHLY202603148437-42','Monthly contribution (batch process) - 0 2025',1,'2026-03-14 11:41:16',0,NULL),(120,6,'2025-07-01',5000.00,267197.00,'deposit','BATCH-MONTHLY202603148437-43','Monthly contribution (batch process) - 0 2025',1,'2026-03-14 11:41:16',0,NULL),(121,6,'2025-08-01',5000.00,272197.00,'deposit','BATCH-MONTHLY202603148437-44','Monthly contribution (batch process) - 0 2025',1,'2026-03-14 11:41:16',0,NULL),(122,6,'2025-09-01',10000.00,282197.00,'deposit','BATCH-MONTHLY202603148437-45','Monthly contribution (batch process) - 0 2025',1,'2026-03-14 11:41:16',0,NULL),(123,6,'2025-11-01',10000.00,292197.00,'deposit','BATCH-MONTHLY202603148437-46','Monthly contribution (batch process) - 0 2025',1,'2026-03-14 11:41:16',0,NULL),(124,6,'2025-12-01',10000.00,302197.00,'deposit','BATCH-MONTHLY202603148437-47','Monthly contribution (batch process) - 0 2025',1,'2026-03-14 11:41:16',0,NULL),(125,8,'2025-01-01',1000.00,65566.00,'deposit','BATCH-MONTHLY202603148437-48','Monthly contribution (batch process) - 0 2025',1,'2026-03-14 11:41:16',0,NULL),(126,8,'2025-02-01',1000.00,66566.00,'deposit','BATCH-MONTHLY202603148437-49','Monthly contribution (batch process) - 0 2025',1,'2026-03-14 11:41:16',0,NULL),(127,8,'2025-03-01',1000.00,67566.00,'deposit','BATCH-MONTHLY202603148437-50','Monthly contribution (batch process) - 0 2025',1,'2026-03-14 11:41:16',0,NULL),(128,8,'2025-04-01',1000.00,68566.00,'deposit','BATCH-MONTHLY202603148437-51','Monthly contribution (batch process) - 0 2025',1,'2026-03-14 11:41:16',0,NULL),(129,8,'2025-05-01',1000.00,69566.00,'deposit','BATCH-MONTHLY202603148437-52','Monthly contribution (batch process) - 0 2025',1,'2026-03-14 11:41:16',0,NULL),(130,8,'2025-06-01',1000.00,70566.00,'deposit','BATCH-MONTHLY202603148437-53','Monthly contribution (batch process) - 0 2025',1,'2026-03-14 11:41:16',0,NULL),(131,8,'2025-08-01',1000.00,71566.00,'deposit','BATCH-MONTHLY202603148437-54','Monthly contribution (batch process) - 0 2025',1,'2026-03-14 11:41:16',0,NULL),(132,8,'2025-10-01',2000.00,73566.00,'deposit','BATCH-MONTHLY202603148437-55','Monthly contribution (batch process) - 0 2025',1,'2026-03-14 11:41:16',0,NULL),(133,8,'2025-11-01',1000.00,74566.00,'deposit','BATCH-MONTHLY202603148437-56','Monthly contribution (batch process) - 0 2025',1,'2026-03-14 11:41:16',0,NULL),(134,8,'2025-12-01',1000.00,75566.00,'deposit','BATCH-MONTHLY202603148437-57','Monthly contribution (batch process) - 0 2025',1,'2026-03-14 11:41:16',0,NULL),(135,9,'2025-01-01',1000.00,124457.00,'deposit','BATCH-MONTHLY202603148437-58','Monthly contribution (batch process) - 0 2025',1,'2026-03-14 11:41:16',0,NULL),(136,9,'2025-02-01',2000.00,126457.00,'deposit','BATCH-MONTHLY202603148437-59','Monthly contribution (batch process) - 0 2025',1,'2026-03-14 11:41:16',0,NULL),(137,9,'2025-03-01',1000.00,127457.00,'deposit','BATCH-MONTHLY202603148437-60','Monthly contribution (batch process) - 0 2025',1,'2026-03-14 11:41:16',0,NULL),(138,9,'2025-04-01',1000.00,128457.00,'deposit','BATCH-MONTHLY202603148437-61','Monthly contribution (batch process) - 0 2025',1,'2026-03-14 11:41:16',0,NULL),(139,9,'2025-05-01',1000.00,129457.00,'deposit','BATCH-MONTHLY202603148437-62','Monthly contribution (batch process) - 0 2025',1,'2026-03-14 11:41:16',0,NULL),(140,9,'2025-06-01',1000.00,130457.00,'deposit','BATCH-MONTHLY202603148437-63','Monthly contribution (batch process) - 0 2025',1,'2026-03-14 11:41:16',0,NULL),(141,9,'2025-08-01',6000.00,136457.00,'deposit','BATCH-MONTHLY202603148437-64','Monthly contribution (batch process) - 0 2025',1,'2026-03-14 11:41:16',0,NULL),(142,9,'2025-09-01',3000.00,139457.00,'deposit','BATCH-MONTHLY202603148437-65','Monthly contribution (batch process) - 0 2025',1,'2026-03-14 11:41:16',0,NULL),(143,9,'2025-10-01',5000.00,144457.00,'deposit','BATCH-MONTHLY202603148437-66','Monthly contribution (batch process) - 0 2025',1,'2026-03-14 11:41:16',0,NULL),(144,9,'2025-11-01',3000.00,147457.00,'deposit','BATCH-MONTHLY202603148437-67','Monthly contribution (batch process) - 0 2025',1,'2026-03-14 11:41:16',0,NULL),(145,9,'2025-12-01',4000.00,151457.00,'deposit','BATCH-MONTHLY202603148437-68','Monthly contribution (batch process) - 0 2025',1,'2026-03-14 11:41:16',0,NULL),(146,10,'2025-03-01',1000.00,6863.00,'deposit','BATCH-MONTHLY202603148437-69','Monthly contribution (batch process) - 0 2025',1,'2026-03-14 11:41:16',0,NULL),(147,10,'2025-04-01',5400.00,12263.00,'deposit','BATCH-MONTHLY202603148437-70','Monthly contribution (batch process) - 0 2025',1,'2026-03-14 11:41:16',0,NULL),(148,10,'2025-09-01',1000.00,13263.00,'deposit','BATCH-MONTHLY202603148437-71','Monthly contribution (batch process) - 0 2025',1,'2026-03-14 11:41:16',0,NULL),(149,11,'2025-01-01',1000.00,27198.00,'deposit','BATCH-MONTHLY202603148437-72','Monthly contribution (batch process) - 0 2025',1,'2026-03-14 11:41:16',0,NULL),(150,11,'2025-02-01',1000.00,28198.00,'deposit','BATCH-MONTHLY202603148437-73','Monthly contribution (batch process) - 0 2025',1,'2026-03-14 11:41:16',0,NULL),(151,11,'2025-03-01',1000.00,29198.00,'deposit','BATCH-MONTHLY202603148437-74','Monthly contribution (batch process) - 0 2025',1,'2026-03-14 11:41:16',0,NULL),(152,11,'2025-04-01',1500.00,30698.00,'deposit','BATCH-MONTHLY202603148437-75','Monthly contribution (batch process) - 0 2025',1,'2026-03-14 11:41:16',0,NULL),(153,11,'2025-05-01',1000.00,31698.00,'deposit','BATCH-MONTHLY202603148437-76','Monthly contribution (batch process) - 0 2025',1,'2026-03-14 11:41:16',0,NULL),(154,11,'2025-06-01',1000.00,32698.00,'deposit','BATCH-MONTHLY202603148437-77','Monthly contribution (batch process) - 0 2025',1,'2026-03-14 11:41:16',0,NULL),(155,11,'2025-07-01',1000.00,33698.00,'deposit','BATCH-MONTHLY202603148437-78','Monthly contribution (batch process) - 0 2025',1,'2026-03-14 11:41:16',0,NULL),(156,11,'2025-09-01',1000.00,34698.00,'deposit','BATCH-MONTHLY202603148437-79','Monthly contribution (batch process) - 0 2025',1,'2026-03-14 11:41:16',0,NULL),(157,11,'2025-10-01',1000.00,35698.00,'deposit','BATCH-MONTHLY202603148437-80','Monthly contribution (batch process) - 0 2025',1,'2026-03-14 11:41:16',0,NULL),(158,11,'2025-11-01',1000.00,36698.00,'deposit','BATCH-MONTHLY202603148437-81','Monthly contribution (batch process) - 0 2025',1,'2026-03-14 11:41:16',0,NULL),(159,11,'2025-12-01',1000.00,37698.00,'deposit','BATCH-MONTHLY202603148437-82','Monthly contribution (batch process) - 0 2025',1,'2026-03-14 11:41:16',0,NULL),(160,16,'2025-01-01',1000.00,91272.00,'deposit','BATCH-MONTHLY202603148437-83','Monthly contribution (batch process) - 0 2025',1,'2026-03-14 11:41:16',0,NULL),(161,16,'2025-02-01',1000.00,92272.00,'deposit','BATCH-MONTHLY202603148437-84','Monthly contribution (batch process) - 0 2025',1,'2026-03-14 11:41:16',0,NULL),(162,16,'2025-03-01',1000.00,93272.00,'deposit','BATCH-MONTHLY202603148437-85','Monthly contribution (batch process) - 0 2025',1,'2026-03-14 11:41:16',0,NULL),(163,16,'2025-04-01',1000.00,94272.00,'deposit','BATCH-MONTHLY202603148437-86','Monthly contribution (batch process) - 0 2025',1,'2026-03-14 11:41:16',0,NULL),(164,16,'2025-05-01',1000.00,95272.00,'deposit','BATCH-MONTHLY202603148437-87','Monthly contribution (batch process) - 0 2025',1,'2026-03-14 11:41:16',0,NULL),(165,16,'2025-06-01',1000.00,96272.00,'deposit','BATCH-MONTHLY202603148437-88','Monthly contribution (batch process) - 0 2025',1,'2026-03-14 11:41:16',0,NULL),(166,16,'2025-07-01',1000.00,97272.00,'deposit','BATCH-MONTHLY202603148437-89','Monthly contribution (batch process) - 0 2025',1,'2026-03-14 11:41:16',0,NULL),(167,16,'2025-08-01',1000.00,98272.00,'deposit','BATCH-MONTHLY202603148437-90','Monthly contribution (batch process) - 0 2025',1,'2026-03-14 11:41:16',0,NULL),(168,16,'2025-09-01',1000.00,99272.00,'deposit','BATCH-MONTHLY202603148437-91','Monthly contribution (batch process) - 0 2025',1,'2026-03-14 11:41:16',0,NULL),(169,16,'2025-11-01',2000.00,101272.00,'deposit','BATCH-MONTHLY202603148437-92','Monthly contribution (batch process) - 0 2025',1,'2026-03-14 11:41:16',0,NULL),(170,16,'2025-12-01',1000.00,102272.00,'deposit','BATCH-MONTHLY202603148437-93','Monthly contribution (batch process) - 0 2025',1,'2026-03-14 11:41:16',0,NULL),(171,17,'2025-05-01',1000.00,91222.00,'deposit','BATCH-MONTHLY202603148437-94','Monthly contribution (batch process) - 0 2025',1,'2026-03-14 11:41:16',0,NULL),(172,17,'2025-07-01',1000.00,92222.00,'deposit','BATCH-MONTHLY202603148437-95','Monthly contribution (batch process) - 0 2025',1,'2026-03-14 11:41:16',0,NULL),(173,17,'2025-08-01',1000.00,93222.00,'deposit','BATCH-MONTHLY202603148437-96','Monthly contribution (batch process) - 0 2025',1,'2026-03-14 11:41:16',0,NULL),(174,17,'2025-12-01',1000.00,94222.00,'deposit','BATCH-MONTHLY202603148437-97','Monthly contribution (batch process) - 0 2025',1,'2026-03-14 11:41:16',0,NULL),(175,18,'2025-01-01',1000.00,116502.00,'deposit','BATCH-MONTHLY202603148437-98','Monthly contribution (batch process) - 0 2025',1,'2026-03-14 11:41:16',0,NULL),(176,18,'2025-02-01',1000.00,117502.00,'deposit','BATCH-MONTHLY202603148437-99','Monthly contribution (batch process) - 0 2025',1,'2026-03-14 11:41:16',0,NULL),(177,18,'2025-03-01',1000.00,118502.00,'deposit','BATCH-MONTHLY202603148437-100','Monthly contribution (batch process) - 0 2025',1,'2026-03-14 11:41:16',0,NULL),(178,18,'2025-04-01',1000.00,119502.00,'deposit','BATCH-MONTHLY202603148437-101','Monthly contribution (batch process) - 0 2025',1,'2026-03-14 11:41:16',0,NULL),(179,18,'2025-05-01',1000.00,120502.00,'deposit','BATCH-MONTHLY202603148437-102','Monthly contribution (batch process) - 0 2025',1,'2026-03-14 11:41:16',0,NULL),(180,18,'2025-07-01',1000.00,121502.00,'deposit','BATCH-MONTHLY202603148437-103','Monthly contribution (batch process) - 0 2025',1,'2026-03-14 11:41:16',0,NULL),(181,18,'2025-08-01',1000.00,122502.00,'deposit','BATCH-MONTHLY202603148437-104','Monthly contribution (batch process) - 0 2025',1,'2026-03-14 11:41:16',0,NULL),(182,18,'2025-09-01',1000.00,123502.00,'deposit','BATCH-MONTHLY202603148437-105','Monthly contribution (batch process) - 0 2025',1,'2026-03-14 11:41:16',0,NULL),(183,18,'2025-10-01',1000.00,124502.00,'deposit','BATCH-MONTHLY202603148437-106','Monthly contribution (batch process) - 0 2025',1,'2026-03-14 11:41:16',0,NULL),(184,18,'2025-11-01',1000.00,125502.00,'deposit','BATCH-MONTHLY202603148437-107','Monthly contribution (batch process) - 0 2025',1,'2026-03-14 11:41:16',0,NULL),(185,19,'2025-03-01',2000.00,2000.00,'deposit','BATCH-MONTHLY202603148437-108','Monthly contribution (batch process) - 0 2025',1,'2026-03-14 11:41:16',0,NULL),(186,19,'2025-04-01',5000.00,7000.00,'deposit','BATCH-MONTHLY202603148437-109','Monthly contribution (batch process) - 0 2025',1,'2026-03-14 11:41:16',0,NULL),(187,20,'2025-01-01',2000.00,128497.00,'deposit','BATCH-MONTHLY202603148437-110','Monthly contribution (batch process) - 0 2025',1,'2026-03-14 11:41:16',0,NULL),(188,20,'2025-02-01',2000.00,130497.00,'deposit','BATCH-MONTHLY202603148437-111','Monthly contribution (batch process) - 0 2025',1,'2026-03-14 11:41:16',0,NULL),(189,20,'2025-03-01',2000.00,132497.00,'deposit','BATCH-MONTHLY202603148437-112','Monthly contribution (batch process) - 0 2025',1,'2026-03-14 11:41:16',0,NULL),(190,20,'2025-04-01',2000.00,134497.00,'deposit','BATCH-MONTHLY202603148437-113','Monthly contribution (batch process) - 0 2025',1,'2026-03-14 11:41:16',0,NULL),(191,20,'2025-05-01',2000.00,136497.00,'deposit','BATCH-MONTHLY202603148437-114','Monthly contribution (batch process) - 0 2025',1,'2026-03-14 11:41:16',0,NULL),(192,20,'2025-06-01',2000.00,138497.00,'deposit','BATCH-MONTHLY202603148437-115','Monthly contribution (batch process) - 0 2025',1,'2026-03-14 11:41:16',0,NULL),(193,20,'2025-07-01',2000.00,140497.00,'deposit','BATCH-MONTHLY202603148437-116','Monthly contribution (batch process) - 0 2025',1,'2026-03-14 11:41:16',0,NULL),(194,20,'2025-08-01',2000.00,142497.00,'deposit','BATCH-MONTHLY202603148437-117','Monthly contribution (batch process) - 0 2025',1,'2026-03-14 11:41:16',0,NULL),(195,20,'2025-09-01',2000.00,144497.00,'deposit','BATCH-MONTHLY202603148437-118','Monthly contribution (batch process) - 0 2025',1,'2026-03-14 11:41:16',0,NULL),(196,20,'2025-10-01',2000.00,146497.00,'deposit','BATCH-MONTHLY202603148437-119','Monthly contribution (batch process) - 0 2025',1,'2026-03-14 11:41:16',0,NULL),(197,20,'2025-11-01',2000.00,148497.00,'deposit','BATCH-MONTHLY202603148437-120','Monthly contribution (batch process) - 0 2025',1,'2026-03-14 11:41:16',0,NULL),(198,21,'2025-01-01',2000.00,92963.00,'deposit','BATCH-MONTHLY202603148437-121','Monthly contribution (batch process) - 0 2025',1,'2026-03-14 11:41:16',0,NULL),(199,21,'2025-02-01',2000.00,94963.00,'deposit','BATCH-MONTHLY202603148437-122','Monthly contribution (batch process) - 0 2025',1,'2026-03-14 11:41:16',0,NULL),(200,21,'2025-07-01',1000.00,95963.00,'deposit','BATCH-MONTHLY202603148437-123','Monthly contribution (batch process) - 0 2025',1,'2026-03-14 11:41:16',0,NULL),(201,21,'2025-08-01',1000.00,96963.00,'deposit','BATCH-MONTHLY202603148437-124','Monthly contribution (batch process) - 0 2025',1,'2026-03-14 11:41:16',0,NULL),(202,21,'2025-09-01',1000.00,97963.00,'deposit','BATCH-MONTHLY202603148437-125','Monthly contribution (batch process) - 0 2025',1,'2026-03-14 11:41:16',0,NULL),(203,21,'2025-10-01',1000.00,98963.00,'deposit','BATCH-MONTHLY202603148437-126','Monthly contribution (batch process) - 0 2025',1,'2026-03-14 11:41:16',0,NULL),(204,22,'2025-03-01',1000.00,1000.00,'deposit','BATCH-MONTHLY202603148437-127','Monthly contribution (batch process) - 0 2025',1,'2026-03-14 11:41:16',0,NULL),(205,23,'2025-01-01',1000.00,72508.00,'deposit','BATCH-MONTHLY202603148437-128','Monthly contribution (batch process) - 0 2025',1,'2026-03-14 11:41:16',0,NULL),(206,23,'2025-02-01',1000.00,73508.00,'deposit','BATCH-MONTHLY202603148437-129','Monthly contribution (batch process) - 0 2025',1,'2026-03-14 11:41:16',0,NULL),(207,23,'2025-03-01',1000.00,74508.00,'deposit','BATCH-MONTHLY202603148437-130','Monthly contribution (batch process) - 0 2025',1,'2026-03-14 11:41:16',0,NULL),(208,23,'2025-04-01',1000.00,75508.00,'deposit','BATCH-MONTHLY202603148437-131','Monthly contribution (batch process) - 0 2025',1,'2026-03-14 11:41:16',0,NULL),(209,23,'2025-05-01',1000.00,76508.00,'deposit','BATCH-MONTHLY202603148437-132','Monthly contribution (batch process) - 0 2025',1,'2026-03-14 11:41:16',0,NULL),(210,23,'2025-06-01',1000.00,77508.00,'deposit','BATCH-MONTHLY202603148437-133','Monthly contribution (batch process) - 0 2025',1,'2026-03-14 11:41:16',0,NULL),(211,23,'2025-07-01',1000.00,78508.00,'deposit','BATCH-MONTHLY202603148437-134','Monthly contribution (batch process) - 0 2025',1,'2026-03-14 11:41:16',0,NULL),(212,23,'2025-08-01',1000.00,79508.00,'deposit','BATCH-MONTHLY202603148437-135','Monthly contribution (batch process) - 0 2025',1,'2026-03-14 11:41:16',0,NULL),(213,23,'2025-09-01',1000.00,80508.00,'deposit','BATCH-MONTHLY202603148437-136','Monthly contribution (batch process) - 0 2025',1,'2026-03-14 11:41:16',0,NULL),(214,23,'2025-10-01',1000.00,81508.00,'deposit','BATCH-MONTHLY202603148437-137','Monthly contribution (batch process) - 0 2025',1,'2026-03-14 11:41:16',0,NULL),(215,23,'2025-11-01',1000.00,82508.00,'deposit','BATCH-MONTHLY202603148437-138','Monthly contribution (batch process) - 0 2025',1,'2026-03-14 11:41:16',0,NULL),(216,23,'2025-12-01',1000.00,83508.00,'deposit','BATCH-MONTHLY202603148437-139','Monthly contribution (batch process) - 0 2025',1,'2026-03-14 11:41:16',0,NULL),(217,24,'2025-03-01',1000.00,84215.00,'deposit','BATCH-MONTHLY202603148437-140','Monthly contribution (batch process) - 0 2025',1,'2026-03-14 11:41:16',0,NULL),(218,24,'2025-04-01',1000.00,85215.00,'deposit','BATCH-MONTHLY202603148437-141','Monthly contribution (batch process) - 0 2025',1,'2026-03-14 11:41:16',0,NULL),(219,24,'2025-06-01',1000.00,86215.00,'deposit','BATCH-MONTHLY202603148437-142','Monthly contribution (batch process) - 0 2025',1,'2026-03-14 11:41:16',0,NULL),(220,24,'2025-08-01',1000.00,87215.00,'deposit','BATCH-MONTHLY202603148437-143','Monthly contribution (batch process) - 0 2025',1,'2026-03-14 11:41:16',0,NULL),(221,24,'2025-11-01',1000.00,88215.00,'deposit','BATCH-MONTHLY202603148437-144','Monthly contribution (batch process) - 0 2025',1,'2026-03-14 11:41:16',0,NULL),(222,25,'2025-01-01',10000.00,286445.00,'deposit','BATCH-MONTHLY202603148437-145','Monthly contribution (batch process) - 0 2025',1,'2026-03-14 11:41:16',0,NULL),(223,25,'2025-02-01',6000.00,292445.00,'deposit','BATCH-MONTHLY202603148437-146','Monthly contribution (batch process) - 0 2025',1,'2026-03-14 11:41:16',0,NULL),(224,25,'2025-03-01',2000.00,294445.00,'deposit','BATCH-MONTHLY202603148437-147','Monthly contribution (batch process) - 0 2025',1,'2026-03-14 11:41:16',0,NULL),(225,25,'2025-04-01',4000.00,298445.00,'deposit','BATCH-MONTHLY202603148437-148','Monthly contribution (batch process) - 0 2025',1,'2026-03-14 11:41:16',0,NULL),(226,25,'2025-05-01',2000.00,300445.00,'deposit','BATCH-MONTHLY202603148437-149','Monthly contribution (batch process) - 0 2025',1,'2026-03-14 11:41:16',0,NULL),(227,25,'2025-06-01',5000.00,305445.00,'deposit','BATCH-MONTHLY202603148437-150','Monthly contribution (batch process) - 0 2025',1,'2026-03-14 11:41:16',0,NULL),(228,25,'2025-07-01',1000.00,306445.00,'deposit','BATCH-MONTHLY202603148437-151','Monthly contribution (batch process) - 0 2025',1,'2026-03-14 11:41:16',0,NULL),(229,25,'2025-09-01',1000.00,307445.00,'deposit','BATCH-MONTHLY202603148437-152','Monthly contribution (batch process) - 0 2025',1,'2026-03-14 11:41:16',0,NULL),(230,25,'2025-10-01',1000.00,308445.00,'deposit','BATCH-MONTHLY202603148437-153','Monthly contribution (batch process) - 0 2025',1,'2026-03-14 11:41:16',0,NULL),(231,25,'2025-11-01',4500.00,312945.00,'deposit','BATCH-MONTHLY202603148437-154','Monthly contribution (batch process) - 0 2025',1,'2026-03-14 11:41:16',0,NULL),(232,29,'2025-02-01',1000.00,74042.00,'deposit','BATCH-MONTHLY202603148437-155','Monthly contribution (batch process) - 0 2025',1,'2026-03-14 11:41:16',0,NULL),(233,29,'2025-05-01',1000.00,75042.00,'deposit','BATCH-MONTHLY202603148437-156','Monthly contribution (batch process) - 0 2025',1,'2026-03-14 11:41:16',0,NULL),(234,29,'2025-06-01',4580.00,79622.00,'deposit','BATCH-MONTHLY202603148437-157','Monthly contribution (batch process) - 0 2025',1,'2026-03-14 11:41:16',0,NULL),(235,29,'2025-08-01',1000.00,80622.00,'deposit','BATCH-MONTHLY202603148437-158','Monthly contribution (batch process) - 0 2025',1,'2026-03-14 11:41:16',0,NULL),(236,29,'2025-09-01',2000.00,82622.00,'deposit','BATCH-MONTHLY202603148437-159','Monthly contribution (batch process) - 0 2025',1,'2026-03-14 11:41:16',0,NULL),(237,29,'2025-10-01',1000.00,83622.00,'deposit','BATCH-MONTHLY202603148437-160','Monthly contribution (batch process) - 0 2025',1,'2026-03-14 11:41:16',0,NULL),(238,29,'2025-12-01',1000.00,84622.00,'deposit','BATCH-MONTHLY202603148437-161','Monthly contribution (batch process) - 0 2025',1,'2026-03-14 11:41:16',0,NULL),(239,30,'2025-01-01',1000.00,77130.00,'deposit','BATCH-MONTHLY202603148437-162','Monthly contribution (batch process) - 0 2025',1,'2026-03-14 11:41:16',0,NULL),(240,30,'2025-02-01',1000.00,78130.00,'deposit','BATCH-MONTHLY202603148437-163','Monthly contribution (batch process) - 0 2025',1,'2026-03-14 11:41:16',0,NULL),(241,30,'2025-03-01',1000.00,79130.00,'deposit','BATCH-MONTHLY202603148437-164','Monthly contribution (batch process) - 0 2025',1,'2026-03-14 11:41:16',0,NULL),(242,30,'2025-04-01',1000.00,80130.00,'deposit','BATCH-MONTHLY202603148437-165','Monthly contribution (batch process) - 0 2025',1,'2026-03-14 11:41:16',0,NULL),(243,30,'2025-05-01',1000.00,81130.00,'deposit','BATCH-MONTHLY202603148437-166','Monthly contribution (batch process) - 0 2025',1,'2026-03-14 11:41:16',0,NULL),(244,30,'2025-06-01',1000.00,82130.00,'deposit','BATCH-MONTHLY202603148437-167','Monthly contribution (batch process) - 0 2025',1,'2026-03-14 11:41:16',0,NULL),(245,30,'2025-07-01',1000.00,83130.00,'deposit','BATCH-MONTHLY202603148437-168','Monthly contribution (batch process) - 0 2025',1,'2026-03-14 11:41:16',0,NULL),(246,30,'2025-09-01',1000.00,84130.00,'deposit','BATCH-MONTHLY202603148437-169','Monthly contribution (batch process) - 0 2025',1,'2026-03-14 11:41:16',0,NULL),(247,30,'2025-11-01',1000.00,85130.00,'deposit','BATCH-MONTHLY202603148437-170','Monthly contribution (batch process) - 0 2025',1,'2026-03-14 11:41:16',0,NULL),(248,30,'2025-12-01',1000.00,86130.00,'deposit','BATCH-MONTHLY202603148437-171','Monthly contribution (batch process) - 0 2025',1,'2026-03-14 11:41:16',0,NULL),(249,31,'2025-01-01',1000.00,74399.00,'deposit','BATCH-MONTHLY202603148437-172','Monthly contribution (batch process) - 0 2025',1,'2026-03-14 11:41:16',0,NULL),(250,31,'2025-02-01',1000.00,75399.00,'deposit','BATCH-MONTHLY202603148437-173','Monthly contribution (batch process) - 0 2025',1,'2026-03-14 11:41:16',0,NULL),(251,31,'2025-05-01',2000.00,77399.00,'deposit','BATCH-MONTHLY202603148437-174','Monthly contribution (batch process) - 0 2025',1,'2026-03-14 11:41:16',0,NULL),(252,31,'2025-06-01',1000.00,78399.00,'deposit','BATCH-MONTHLY202603148437-175','Monthly contribution (batch process) - 0 2025',1,'2026-03-14 11:41:16',0,NULL),(253,31,'2025-07-01',1000.00,79399.00,'deposit','BATCH-MONTHLY202603148437-176','Monthly contribution (batch process) - 0 2025',1,'2026-03-14 11:41:16',0,NULL),(254,31,'2025-08-01',2000.00,81399.00,'deposit','BATCH-MONTHLY202603148437-177','Monthly contribution (batch process) - 0 2025',1,'2026-03-14 11:41:16',0,NULL),(255,31,'2025-09-01',1000.00,82399.00,'deposit','BATCH-MONTHLY202603148437-178','Monthly contribution (batch process) - 0 2025',1,'2026-03-14 11:41:16',0,NULL),(256,31,'2025-10-01',1000.00,83399.00,'deposit','BATCH-MONTHLY202603148437-179','Monthly contribution (batch process) - 0 2025',1,'2026-03-14 11:41:16',0,NULL),(257,31,'2025-12-01',2000.00,85399.00,'deposit','BATCH-MONTHLY202603148437-180','Monthly contribution (batch process) - 0 2025',1,'2026-03-14 11:41:16',0,NULL),(258,33,'2025-04-01',2850.00,43450.00,'deposit','BATCH-MONTHLY202603148437-181','Monthly contribution (batch process) - 0 2025',1,'2026-03-14 11:41:16',0,NULL),(259,35,'2025-01-01',5000.00,339105.00,'deposit','BATCH-MONTHLY202603148437-182','Monthly contribution (batch process) - 0 2025',1,'2026-03-14 11:41:16',0,NULL),(260,35,'2025-02-01',5000.00,344105.00,'deposit','BATCH-MONTHLY202603148437-183','Monthly contribution (batch process) - 0 2025',1,'2026-03-14 11:41:16',0,NULL),(261,35,'2025-03-01',5000.00,349105.00,'deposit','BATCH-MONTHLY202603148437-184','Monthly contribution (batch process) - 0 2025',1,'2026-03-14 11:41:16',0,NULL),(262,35,'2025-05-01',5000.00,354105.00,'deposit','BATCH-MONTHLY202603148437-185','Monthly contribution (batch process) - 0 2025',1,'2026-03-14 11:41:16',0,NULL),(263,35,'2025-06-01',5000.00,359105.00,'deposit','BATCH-MONTHLY202603148437-186','Monthly contribution (batch process) - 0 2025',1,'2026-03-14 11:41:16',0,NULL),(264,35,'2025-07-01',3000.00,362105.00,'deposit','BATCH-MONTHLY202603148437-187','Monthly contribution (batch process) - 0 2025',1,'2026-03-14 11:41:16',0,NULL),(265,35,'2025-08-01',1000.00,363105.00,'deposit','BATCH-MONTHLY202603148437-188','Monthly contribution (batch process) - 0 2025',1,'2026-03-14 11:41:16',0,NULL),(266,35,'2025-09-01',1000.00,364105.00,'deposit','BATCH-MONTHLY202603148437-189','Monthly contribution (batch process) - 0 2025',1,'2026-03-14 11:41:16',0,NULL),(267,35,'2025-10-01',3000.00,367105.00,'deposit','BATCH-MONTHLY202603148437-190','Monthly contribution (batch process) - 0 2025',1,'2026-03-14 11:41:16',0,NULL),(268,35,'2025-11-01',5000.00,372105.00,'deposit','BATCH-MONTHLY202603148437-191','Monthly contribution (batch process) - 0 2025',1,'2026-03-14 11:41:16',0,NULL),(269,35,'2025-12-01',4500.00,376605.00,'deposit','BATCH-MONTHLY202603148437-192','Monthly contribution (batch process) - 0 2025',1,'2026-03-14 11:41:16',0,NULL),(270,37,'2025-01-01',1000.00,97416.00,'deposit','BATCH-MONTHLY202603148437-193','Monthly contribution (batch process) - 0 2025',1,'2026-03-14 11:41:16',0,NULL),(271,37,'2025-02-01',1000.00,98416.00,'deposit','BATCH-MONTHLY202603148437-194','Monthly contribution (batch process) - 0 2025',1,'2026-03-14 11:41:16',0,NULL),(272,37,'2025-03-01',1000.00,99416.00,'deposit','BATCH-MONTHLY202603148437-195','Monthly contribution (batch process) - 0 2025',1,'2026-03-14 11:41:16',0,NULL),(273,37,'2025-04-01',1000.00,100416.00,'deposit','BATCH-MONTHLY202603148437-196','Monthly contribution (batch process) - 0 2025',1,'2026-03-14 11:41:16',0,NULL),(274,37,'2025-05-01',1000.00,101416.00,'deposit','BATCH-MONTHLY202603148437-197','Monthly contribution (batch process) - 0 2025',1,'2026-03-14 11:41:16',0,NULL),(275,37,'2025-06-01',3000.00,104416.00,'deposit','BATCH-MONTHLY202603148437-198','Monthly contribution (batch process) - 0 2025',1,'2026-03-14 11:41:16',0,NULL),(276,37,'2025-07-01',1000.00,105416.00,'deposit','BATCH-MONTHLY202603148437-199','Monthly contribution (batch process) - 0 2025',1,'2026-03-14 11:41:16',0,NULL),(277,37,'2025-08-01',1000.00,106416.00,'deposit','BATCH-MONTHLY202603148437-200','Monthly contribution (batch process) - 0 2025',1,'2026-03-14 11:41:16',0,NULL),(278,37,'2025-09-01',2000.00,108416.00,'deposit','BATCH-MONTHLY202603148437-201','Monthly contribution (batch process) - 0 2025',1,'2026-03-14 11:41:16',0,NULL),(279,37,'2025-10-01',1000.00,109416.00,'deposit','BATCH-MONTHLY202603148437-202','Monthly contribution (batch process) - 0 2025',1,'2026-03-14 11:41:16',0,NULL),(280,37,'2025-11-01',1000.00,110416.00,'deposit','BATCH-MONTHLY202603148437-203','Monthly contribution (batch process) - 0 2025',1,'2026-03-14 11:41:16',0,NULL),(281,37,'2025-12-01',1000.00,111416.00,'deposit','BATCH-MONTHLY202603148437-204','Monthly contribution (batch process) - 0 2025',1,'2026-03-14 11:41:16',0,NULL),(282,39,'2025-01-01',2000.00,131652.00,'deposit','BATCH-MONTHLY202603148437-205','Monthly contribution (batch process) - 0 2025',1,'2026-03-14 11:41:16',0,NULL),(283,39,'2025-02-01',2000.00,133652.00,'deposit','BATCH-MONTHLY202603148437-206','Monthly contribution (batch process) - 0 2025',1,'2026-03-14 11:41:16',0,NULL),(284,39,'2025-04-01',4000.00,137652.00,'deposit','BATCH-MONTHLY202603148437-207','Monthly contribution (batch process) - 0 2025',1,'2026-03-14 11:41:16',0,NULL),(285,39,'2025-05-01',2000.00,139652.00,'deposit','BATCH-MONTHLY202603148437-208','Monthly contribution (batch process) - 0 2025',1,'2026-03-14 11:41:16',0,NULL),(286,39,'2025-06-01',2000.00,141652.00,'deposit','BATCH-MONTHLY202603148437-209','Monthly contribution (batch process) - 0 2025',1,'2026-03-14 11:41:16',0,NULL),(287,39,'2025-07-01',2000.00,143652.00,'deposit','BATCH-MONTHLY202603148437-210','Monthly contribution (batch process) - 0 2025',1,'2026-03-14 11:41:16',0,NULL),(288,39,'2025-08-01',2000.00,145652.00,'deposit','BATCH-MONTHLY202603148437-211','Monthly contribution (batch process) - 0 2025',1,'2026-03-14 11:41:16',0,NULL),(289,39,'2025-09-01',2000.00,147652.00,'deposit','BATCH-MONTHLY202603148437-212','Monthly contribution (batch process) - 0 2025',1,'2026-03-14 11:41:16',0,NULL),(290,39,'2025-10-01',2000.00,149652.00,'deposit','BATCH-MONTHLY202603148437-213','Monthly contribution (batch process) - 0 2025',1,'2026-03-14 11:41:16',0,NULL),(291,39,'2025-11-01',2104.00,151756.00,'deposit','BATCH-MONTHLY202603148437-214','Monthly contribution (batch process) - 0 2025',1,'2026-03-14 11:41:16',0,NULL),(292,39,'2025-12-01',2000.00,153756.00,'deposit','BATCH-MONTHLY202603148437-215','Monthly contribution (batch process) - 0 2025',1,'2026-03-14 11:41:16',0,NULL),(293,40,'2025-01-01',3000.00,108879.00,'deposit','BATCH-MONTHLY202603148437-216','Monthly contribution (batch process) - 0 2025',1,'2026-03-14 11:41:16',0,NULL),(294,40,'2025-03-01',3000.00,111879.00,'deposit','BATCH-MONTHLY202603148437-217','Monthly contribution (batch process) - 0 2025',1,'2026-03-14 11:41:16',0,NULL),(295,40,'2025-04-01',3000.00,114879.00,'deposit','BATCH-MONTHLY202603148437-218','Monthly contribution (batch process) - 0 2025',1,'2026-03-14 11:41:16',0,NULL),(296,40,'2025-05-01',5000.00,119879.00,'deposit','BATCH-MONTHLY202603148437-219','Monthly contribution (batch process) - 0 2025',1,'2026-03-14 11:41:16',0,NULL),(297,40,'2025-07-01',3000.00,122879.00,'deposit','BATCH-MONTHLY202603148437-220','Monthly contribution (batch process) - 0 2025',1,'2026-03-14 11:41:16',0,NULL),(298,40,'2025-08-01',6000.00,128879.00,'deposit','BATCH-MONTHLY202603148437-221','Monthly contribution (batch process) - 0 2025',1,'2026-03-14 11:41:16',0,NULL),(299,40,'2025-09-01',3000.00,131879.00,'deposit','BATCH-MONTHLY202603148437-222','Monthly contribution (batch process) - 0 2025',1,'2026-03-14 11:41:16',0,NULL),(300,40,'2025-11-01',6000.00,137879.00,'deposit','BATCH-MONTHLY202603148437-223','Monthly contribution (batch process) - 0 2025',1,'2026-03-14 11:41:16',0,NULL),(301,40,'2025-12-01',6000.00,143879.00,'deposit','BATCH-MONTHLY202603148437-224','Monthly contribution (batch process) - 0 2025',1,'2026-03-14 11:41:16',0,NULL),(302,41,'2025-01-01',1000.00,44888.00,'deposit','BATCH-MONTHLY202603148437-225','Monthly contribution (batch process) - 0 2025',1,'2026-03-14 11:41:16',0,NULL),(303,41,'2025-02-01',1000.00,45888.00,'deposit','BATCH-MONTHLY202603148437-226','Monthly contribution (batch process) - 0 2025',1,'2026-03-14 11:41:16',0,NULL),(304,41,'2025-03-01',1000.00,46888.00,'deposit','BATCH-MONTHLY202603148437-227','Monthly contribution (batch process) - 0 2025',1,'2026-03-14 11:41:16',0,NULL),(305,41,'2025-04-01',1000.00,47888.00,'deposit','BATCH-MONTHLY202603148437-228','Monthly contribution (batch process) - 0 2025',1,'2026-03-14 11:41:16',0,NULL),(306,41,'2025-06-01',1000.00,48888.00,'deposit','BATCH-MONTHLY202603148437-229','Monthly contribution (batch process) - 0 2025',1,'2026-03-14 11:41:16',0,NULL),(307,41,'2025-07-01',1000.00,49888.00,'deposit','BATCH-MONTHLY202603148437-230','Monthly contribution (batch process) - 0 2025',1,'2026-03-14 11:41:16',0,NULL),(308,41,'2025-09-01',1000.00,50888.00,'deposit','BATCH-MONTHLY202603148437-231','Monthly contribution (batch process) - 0 2025',1,'2026-03-14 11:41:16',0,NULL),(309,41,'2025-10-01',1000.00,51888.00,'deposit','BATCH-MONTHLY202603148437-232','Monthly contribution (batch process) - 0 2025',1,'2026-03-14 11:41:16',0,NULL),(310,41,'2025-12-01',3000.00,54888.00,'deposit','BATCH-MONTHLY202603148437-233','Monthly contribution (batch process) - 0 2025',1,'2026-03-14 11:41:16',0,NULL),(311,42,'2025-04-01',4000.00,91415.00,'deposit','BATCH-MONTHLY202603148437-234','Monthly contribution (batch process) - 0 2025',1,'2026-03-14 11:41:16',0,NULL),(312,42,'2025-05-01',1000.00,92415.00,'deposit','BATCH-MONTHLY202603148437-235','Monthly contribution (batch process) - 0 2025',1,'2026-03-14 11:41:16',0,NULL),(313,42,'2025-09-01',4000.00,96415.00,'deposit','BATCH-MONTHLY202603148437-236','Monthly contribution (batch process) - 0 2025',1,'2026-03-14 11:41:16',0,NULL),(314,42,'2025-10-01',1000.00,97415.00,'deposit','BATCH-MONTHLY202603148437-237','Monthly contribution (batch process) - 0 2025',1,'2026-03-14 11:41:16',0,NULL),(315,44,'2025-01-01',3000.00,218400.00,'deposit','BATCH-MONTHLY202603148437-238','Monthly contribution (batch process) - 0 2025',1,'2026-03-14 11:41:16',0,NULL),(316,44,'2025-02-01',3000.00,221400.00,'deposit','BATCH-MONTHLY202603148437-239','Monthly contribution (batch process) - 0 2025',1,'2026-03-14 11:41:16',0,NULL),(317,44,'2025-03-01',3000.00,224400.00,'deposit','BATCH-MONTHLY202603148437-240','Monthly contribution (batch process) - 0 2025',1,'2026-03-14 11:41:16',0,NULL),(318,44,'2025-04-01',3000.00,227400.00,'deposit','BATCH-MONTHLY202603148437-241','Monthly contribution (batch process) - 0 2025',1,'2026-03-14 11:41:16',0,NULL),(319,44,'2025-05-01',3000.00,230400.00,'deposit','BATCH-MONTHLY202603148437-242','Monthly contribution (batch process) - 0 2025',1,'2026-03-14 11:41:16',0,NULL),(320,44,'2025-06-01',3000.00,233400.00,'deposit','BATCH-MONTHLY202603148437-243','Monthly contribution (batch process) - 0 2025',1,'2026-03-14 11:41:16',0,NULL),(321,44,'2025-07-01',3000.00,236400.00,'deposit','BATCH-MONTHLY202603148437-244','Monthly contribution (batch process) - 0 2025',1,'2026-03-14 11:41:16',0,NULL),(322,44,'2025-08-01',5000.00,241400.00,'deposit','BATCH-MONTHLY202603148437-245','Monthly contribution (batch process) - 0 2025',1,'2026-03-14 11:41:16',0,NULL),(323,44,'2025-09-01',5000.00,246400.00,'deposit','BATCH-MONTHLY202603148437-246','Monthly contribution (batch process) - 0 2025',1,'2026-03-14 11:41:16',0,NULL),(324,44,'2025-10-01',5000.00,251400.00,'deposit','BATCH-MONTHLY202603148437-247','Monthly contribution (batch process) - 0 2025',1,'2026-03-14 11:41:16',0,NULL),(325,44,'2025-11-01',5000.00,256400.00,'deposit','BATCH-MONTHLY202603148437-248','Monthly contribution (batch process) - 0 2025',1,'2026-03-14 11:41:16',0,NULL),(326,44,'2025-12-01',5000.00,261400.00,'deposit','BATCH-MONTHLY202603148437-249','Monthly contribution (batch process) - 0 2025',1,'2026-03-14 11:41:16',0,NULL),(327,45,'2025-01-01',5000.00,374058.00,'deposit','BATCH-MONTHLY202603148437-250','Monthly contribution (batch process) - 0 2025',1,'2026-03-14 11:41:16',0,NULL),(328,45,'2025-02-01',5000.00,379058.00,'deposit','BATCH-MONTHLY202603148437-251','Monthly contribution (batch process) - 0 2025',1,'2026-03-14 11:41:16',0,NULL),(329,45,'2025-03-01',5000.00,384058.00,'deposit','BATCH-MONTHLY202603148437-252','Monthly contribution (batch process) - 0 2025',1,'2026-03-14 11:41:16',0,NULL),(330,45,'2025-04-01',5000.00,389058.00,'deposit','BATCH-MONTHLY202603148437-253','Monthly contribution (batch process) - 0 2025',1,'2026-03-14 11:41:16',0,NULL),(331,45,'2025-05-01',5000.00,394058.00,'deposit','BATCH-MONTHLY202603148437-254','Monthly contribution (batch process) - 0 2025',1,'2026-03-14 11:41:16',0,NULL),(332,45,'2025-06-01',5000.00,399058.00,'deposit','BATCH-MONTHLY202603148437-255','Monthly contribution (batch process) - 0 2025',1,'2026-03-14 11:41:16',0,NULL),(333,45,'2025-07-01',5000.00,404058.00,'deposit','BATCH-MONTHLY202603148437-256','Monthly contribution (batch process) - 0 2025',1,'2026-03-14 11:41:16',0,NULL),(334,45,'2025-08-01',5000.00,409058.00,'deposit','BATCH-MONTHLY202603148437-257','Monthly contribution (batch process) - 0 2025',1,'2026-03-14 11:41:16',0,NULL),(335,45,'2025-09-01',5000.00,414058.00,'deposit','BATCH-MONTHLY202603148437-258','Monthly contribution (batch process) - 0 2025',1,'2026-03-14 11:41:17',0,NULL),(336,45,'2025-10-01',5000.00,419058.00,'deposit','BATCH-MONTHLY202603148437-259','Monthly contribution (batch process) - 0 2025',1,'2026-03-14 11:41:17',0,NULL),(337,45,'2025-11-01',5000.00,424058.00,'deposit','BATCH-MONTHLY202603148437-260','Monthly contribution (batch process) - 0 2025',1,'2026-03-14 11:41:17',0,NULL),(338,45,'2025-12-01',5000.00,429058.00,'deposit','BATCH-MONTHLY202603148437-261','Monthly contribution (batch process) - 0 2025',1,'2026-03-14 11:41:17',0,NULL),(339,46,'2025-04-01',1000.00,90194.00,'deposit','BATCH-MONTHLY202603148437-262','Monthly contribution (batch process) - 0 2025',1,'2026-03-14 11:41:17',0,NULL),(340,46,'2025-10-01',1000.00,91194.00,'deposit','BATCH-MONTHLY202603148437-263','Monthly contribution (batch process) - 0 2025',1,'2026-03-14 11:41:17',0,NULL),(341,47,'2025-01-01',400.00,56289.00,'deposit','BATCH-MONTHLY202603148437-264','Monthly contribution (batch process) - 0 2025',1,'2026-03-14 11:41:17',0,NULL),(342,47,'2025-02-01',1000.00,57289.00,'deposit','BATCH-MONTHLY202603148437-265','Monthly contribution (batch process) - 0 2025',1,'2026-03-14 11:41:17',0,NULL),(343,47,'2025-03-01',1000.00,58289.00,'deposit','BATCH-MONTHLY202603148437-266','Monthly contribution (batch process) - 0 2025',1,'2026-03-14 11:41:17',0,NULL),(344,47,'2025-04-01',1000.00,59289.00,'deposit','BATCH-MONTHLY202603148437-267','Monthly contribution (batch process) - 0 2025',1,'2026-03-14 11:41:17',0,NULL),(345,47,'2025-07-01',1000.00,60289.00,'deposit','BATCH-MONTHLY202603148437-268','Monthly contribution (batch process) - 0 2025',1,'2026-03-14 11:41:17',0,NULL),(346,47,'2025-08-01',1000.00,61289.00,'deposit','BATCH-MONTHLY202603148437-269','Monthly contribution (batch process) - 0 2025',1,'2026-03-14 11:41:17',0,NULL),(347,47,'2025-09-01',1000.00,62289.00,'deposit','BATCH-MONTHLY202603148437-270','Monthly contribution (batch process) - 0 2025',1,'2026-03-14 11:41:17',0,NULL),(348,47,'2025-10-01',1000.00,63289.00,'deposit','BATCH-MONTHLY202603148437-271','Monthly contribution (batch process) - 0 2025',1,'2026-03-14 11:41:17',0,NULL),(349,47,'2025-11-01',1000.00,64289.00,'deposit','BATCH-MONTHLY202603148437-272','Monthly contribution (batch process) - 0 2025',1,'2026-03-14 11:41:17',0,NULL),(350,47,'2025-12-01',1000.00,65289.00,'deposit','BATCH-MONTHLY202603148437-273','Monthly contribution (batch process) - 0 2025',1,'2026-03-14 11:41:17',0,NULL),(351,51,'2025-01-01',2000.00,168966.00,'deposit','BATCH-MONTHLY202603148437-274','Monthly contribution (batch process) - 0 2025',1,'2026-03-14 11:41:17',0,NULL),(352,51,'2025-02-01',2000.00,170966.00,'deposit','BATCH-MONTHLY202603148437-275','Monthly contribution (batch process) - 0 2025',1,'2026-03-14 11:41:17',0,NULL),(353,51,'2025-03-01',2000.00,172966.00,'deposit','BATCH-MONTHLY202603148437-276','Monthly contribution (batch process) - 0 2025',1,'2026-03-14 11:41:17',0,NULL),(354,51,'2025-04-01',2000.00,174966.00,'deposit','BATCH-MONTHLY202603148437-277','Monthly contribution (batch process) - 0 2025',1,'2026-03-14 11:41:17',0,NULL),(355,51,'2025-05-01',3000.00,177966.00,'deposit','BATCH-MONTHLY202603148437-278','Monthly contribution (batch process) - 0 2025',1,'2026-03-14 11:41:17',0,NULL),(356,51,'2025-06-01',3000.00,180966.00,'deposit','BATCH-MONTHLY202603148437-279','Monthly contribution (batch process) - 0 2025',1,'2026-03-14 11:41:17',0,NULL),(357,51,'2025-07-01',3000.00,183966.00,'deposit','BATCH-MONTHLY202603148437-280','Monthly contribution (batch process) - 0 2025',1,'2026-03-14 11:41:17',0,NULL),(358,51,'2025-08-01',3000.00,186966.00,'deposit','BATCH-MONTHLY202603148437-281','Monthly contribution (batch process) - 0 2025',1,'2026-03-14 11:41:17',0,NULL),(359,51,'2025-09-01',3000.00,189966.00,'deposit','BATCH-MONTHLY202603148437-282','Monthly contribution (batch process) - 0 2025',1,'2026-03-14 11:41:17',0,NULL),(360,51,'2025-10-01',3000.00,192966.00,'deposit','BATCH-MONTHLY202603148437-283','Monthly contribution (batch process) - 0 2025',1,'2026-03-14 11:41:17',0,NULL),(361,51,'2025-11-01',3000.00,195966.00,'deposit','BATCH-MONTHLY202603148437-284','Monthly contribution (batch process) - 0 2025',1,'2026-03-14 11:41:17',0,NULL),(362,51,'2025-12-01',3000.00,198966.00,'deposit','BATCH-MONTHLY202603148437-285','Monthly contribution (batch process) - 0 2025',1,'2026-03-14 11:41:17',0,NULL),(363,52,'2025-01-01',2000.00,80474.00,'deposit','BATCH-MONTHLY202603148437-286','Monthly contribution (batch process) - 0 2025',1,'2026-03-14 11:41:17',0,NULL),(364,52,'2025-02-01',2000.00,82474.00,'deposit','BATCH-MONTHLY202603148437-287','Monthly contribution (batch process) - 0 2025',1,'2026-03-14 11:41:17',0,NULL),(365,52,'2025-03-01',2000.00,84474.00,'deposit','BATCH-MONTHLY202603148437-288','Monthly contribution (batch process) - 0 2025',1,'2026-03-14 11:41:17',0,NULL),(366,52,'2025-04-01',2900.00,87374.00,'deposit','BATCH-MONTHLY202603148437-289','Monthly contribution (batch process) - 0 2025',1,'2026-03-14 11:41:17',0,NULL),(367,52,'2025-05-01',2000.00,89374.00,'deposit','BATCH-MONTHLY202603148437-290','Monthly contribution (batch process) - 0 2025',1,'2026-03-14 11:41:17',0,NULL),(368,52,'2025-06-01',2000.00,91374.00,'deposit','BATCH-MONTHLY202603148437-291','Monthly contribution (batch process) - 0 2025',1,'2026-03-14 11:41:17',0,NULL),(369,52,'2025-07-01',2000.00,93374.00,'deposit','BATCH-MONTHLY202603148437-292','Monthly contribution (batch process) - 0 2025',1,'2026-03-14 11:41:17',0,NULL),(370,52,'2025-08-01',2000.00,95374.00,'deposit','BATCH-MONTHLY202603148437-293','Monthly contribution (batch process) - 0 2025',1,'2026-03-14 11:41:17',0,NULL),(371,52,'2025-09-01',2000.00,97374.00,'deposit','BATCH-MONTHLY202603148437-294','Monthly contribution (batch process) - 0 2025',1,'2026-03-14 11:41:17',0,NULL),(372,52,'2025-10-01',2000.00,99374.00,'deposit','BATCH-MONTHLY202603148437-295','Monthly contribution (batch process) - 0 2025',1,'2026-03-14 11:41:17',0,NULL),(373,52,'2025-11-01',2000.00,101374.00,'deposit','BATCH-MONTHLY202603148437-296','Monthly contribution (batch process) - 0 2025',1,'2026-03-14 11:41:17',0,NULL),(374,52,'2025-12-01',2000.00,103374.00,'deposit','BATCH-MONTHLY202603148437-297','Monthly contribution (batch process) - 0 2025',1,'2026-03-14 11:41:17',0,NULL),(375,53,'2025-01-01',1000.00,73843.00,'deposit','BATCH-MONTHLY202603148437-298','Monthly contribution (batch process) - 0 2025',1,'2026-03-14 11:41:17',0,NULL),(376,53,'2025-02-01',1000.00,74843.00,'deposit','BATCH-MONTHLY202603148437-299','Monthly contribution (batch process) - 0 2025',1,'2026-03-14 11:41:17',0,NULL),(377,53,'2025-03-01',1000.00,75843.00,'deposit','BATCH-MONTHLY202603148437-300','Monthly contribution (batch process) - 0 2025',1,'2026-03-14 11:41:17',0,NULL),(378,53,'2025-04-01',1000.00,76843.00,'deposit','BATCH-MONTHLY202603148437-301','Monthly contribution (batch process) - 0 2025',1,'2026-03-14 11:41:17',0,NULL),(379,53,'2025-05-01',1000.00,77843.00,'deposit','BATCH-MONTHLY202603148437-302','Monthly contribution (batch process) - 0 2025',1,'2026-03-14 11:41:17',0,NULL),(380,53,'2025-06-01',1000.00,78843.00,'deposit','BATCH-MONTHLY202603148437-303','Monthly contribution (batch process) - 0 2025',1,'2026-03-14 11:41:17',0,NULL),(381,53,'2025-07-01',1000.00,79843.00,'deposit','BATCH-MONTHLY202603148437-304','Monthly contribution (batch process) - 0 2025',1,'2026-03-14 11:41:17',0,NULL),(382,53,'2025-08-01',1000.00,80843.00,'deposit','BATCH-MONTHLY202603148437-305','Monthly contribution (batch process) - 0 2025',1,'2026-03-14 11:41:17',0,NULL),(383,53,'2025-09-01',1000.00,81843.00,'deposit','BATCH-MONTHLY202603148437-306','Monthly contribution (batch process) - 0 2025',1,'2026-03-14 11:41:17',0,NULL),(384,53,'2025-10-01',1000.00,82843.00,'deposit','BATCH-MONTHLY202603148437-307','Monthly contribution (batch process) - 0 2025',1,'2026-03-14 11:41:17',0,NULL),(385,53,'2025-11-01',1000.00,83843.00,'deposit','BATCH-MONTHLY202603148437-308','Monthly contribution (batch process) - 0 2025',1,'2026-03-14 11:41:17',0,NULL),(386,53,'2025-12-01',1000.00,84843.00,'deposit','BATCH-MONTHLY202603148437-309','Monthly contribution (batch process) - 0 2025',1,'2026-03-14 11:41:17',0,NULL),(387,54,'2025-07-01',1000.00,34124.00,'deposit','BATCH-MONTHLY202603148437-310','Monthly contribution (batch process) - 0 2025',1,'2026-03-14 11:41:17',0,NULL),(388,54,'2025-08-01',1000.00,35124.00,'deposit','BATCH-MONTHLY202603148437-311','Monthly contribution (batch process) - 0 2025',1,'2026-03-14 11:41:17',0,NULL),(389,54,'2025-09-01',1000.00,36124.00,'deposit','BATCH-MONTHLY202603148437-312','Monthly contribution (batch process) - 0 2025',1,'2026-03-14 11:41:17',0,NULL),(390,54,'2025-11-01',1000.00,37124.00,'deposit','BATCH-MONTHLY202603148437-313','Monthly contribution (batch process) - 0 2025',1,'2026-03-14 11:41:17',0,NULL),(391,55,'2025-01-01',3000.00,75154.00,'deposit','BATCH-MONTHLY202603148437-314','Monthly contribution (batch process) - 0 2025',1,'2026-03-14 11:41:17',0,NULL),(392,55,'2025-02-01',1000.00,76154.00,'deposit','BATCH-MONTHLY202603148437-315','Monthly contribution (batch process) - 0 2025',1,'2026-03-14 11:41:17',0,NULL),(393,55,'2025-03-01',1000.00,77154.00,'deposit','BATCH-MONTHLY202603148437-316','Monthly contribution (batch process) - 0 2025',1,'2026-03-14 11:41:17',0,NULL),(394,55,'2025-04-01',1000.00,78154.00,'deposit','BATCH-MONTHLY202603148437-317','Monthly contribution (batch process) - 0 2025',1,'2026-03-14 11:41:17',0,NULL),(395,55,'2025-05-01',1000.00,79154.00,'deposit','BATCH-MONTHLY202603148437-318','Monthly contribution (batch process) - 0 2025',1,'2026-03-14 11:41:17',0,NULL),(396,55,'2025-06-01',1000.00,80154.00,'deposit','BATCH-MONTHLY202603148437-319','Monthly contribution (batch process) - 0 2025',1,'2026-03-14 11:41:17',0,NULL),(397,55,'2025-07-01',1000.00,81154.00,'deposit','BATCH-MONTHLY202603148437-320','Monthly contribution (batch process) - 0 2025',1,'2026-03-14 11:41:17',0,NULL),(398,55,'2025-08-01',1000.00,82154.00,'deposit','BATCH-MONTHLY202603148437-321','Monthly contribution (batch process) - 0 2025',1,'2026-03-14 11:41:17',0,NULL),(399,55,'2025-11-01',2000.00,84154.00,'deposit','BATCH-MONTHLY202603148437-322','Monthly contribution (batch process) - 0 2025',1,'2026-03-14 11:41:17',0,NULL),(400,56,'2025-01-01',1000.00,70125.00,'deposit','BATCH-MONTHLY202603148437-323','Monthly contribution (batch process) - 0 2025',1,'2026-03-14 11:41:17',0,NULL),(401,56,'2025-04-01',1000.00,71125.00,'deposit','BATCH-MONTHLY202603148437-324','Monthly contribution (batch process) - 0 2025',1,'2026-03-14 11:41:17',0,NULL),(402,56,'2025-06-01',2552.00,73677.00,'deposit','BATCH-MONTHLY202603148437-325','Monthly contribution (batch process) - 0 2025',1,'2026-03-14 11:41:17',0,NULL),(403,56,'2025-09-01',4000.00,77677.00,'deposit','BATCH-MONTHLY202603148437-326','Monthly contribution (batch process) - 0 2025',1,'2026-03-14 11:41:17',0,NULL),(404,57,'2025-02-01',1000.00,56376.00,'deposit','BATCH-MONTHLY202603148437-327','Monthly contribution (batch process) - 0 2025',1,'2026-03-14 11:41:17',0,NULL),(405,57,'2025-04-01',1000.00,57376.00,'deposit','BATCH-MONTHLY202603148437-328','Monthly contribution (batch process) - 0 2025',1,'2026-03-14 11:41:17',0,NULL),(406,57,'2025-05-01',1000.00,58376.00,'deposit','BATCH-MONTHLY202603148437-329','Monthly contribution (batch process) - 0 2025',1,'2026-03-14 11:41:17',0,NULL),(407,57,'2025-06-01',1000.00,59376.00,'deposit','BATCH-MONTHLY202603148437-330','Monthly contribution (batch process) - 0 2025',1,'2026-03-14 11:41:17',0,NULL),(408,57,'2025-07-01',1000.00,60376.00,'deposit','BATCH-MONTHLY202603148437-331','Monthly contribution (batch process) - 0 2025',1,'2026-03-14 11:41:17',0,NULL),(409,57,'2025-08-01',1000.00,61376.00,'deposit','BATCH-MONTHLY202603148437-332','Monthly contribution (batch process) - 0 2025',1,'2026-03-14 11:41:17',0,NULL),(410,57,'2025-09-01',1000.00,62376.00,'deposit','BATCH-MONTHLY202603148437-333','Monthly contribution (batch process) - 0 2025',1,'2026-03-14 11:41:17',0,NULL),(411,57,'2025-11-01',1000.00,63376.00,'deposit','BATCH-MONTHLY202603148437-334','Monthly contribution (batch process) - 0 2025',1,'2026-03-14 11:41:17',0,NULL),(412,57,'2025-12-01',1000.00,64376.00,'deposit','BATCH-MONTHLY202603148437-335','Monthly contribution (batch process) - 0 2025',1,'2026-03-14 11:41:17',0,NULL),(413,58,'2025-01-01',1000.00,70576.00,'deposit','BATCH-MONTHLY202603148437-336','Monthly contribution (batch process) - 0 2025',1,'2026-03-14 11:41:17',0,NULL),(414,58,'2025-02-01',1000.00,71576.00,'deposit','BATCH-MONTHLY202603148437-337','Monthly contribution (batch process) - 0 2025',1,'2026-03-14 11:41:17',0,NULL),(415,58,'2025-03-01',1000.00,72576.00,'deposit','BATCH-MONTHLY202603148437-338','Monthly contribution (batch process) - 0 2025',1,'2026-03-14 11:41:17',0,NULL),(416,58,'2025-04-01',1000.00,73576.00,'deposit','BATCH-MONTHLY202603148437-339','Monthly contribution (batch process) - 0 2025',1,'2026-03-14 11:41:17',0,NULL),(417,58,'2025-05-01',1000.00,74576.00,'deposit','BATCH-MONTHLY202603148437-340','Monthly contribution (batch process) - 0 2025',1,'2026-03-14 11:41:17',0,NULL),(418,58,'2025-06-01',1000.00,75576.00,'deposit','BATCH-MONTHLY202603148437-341','Monthly contribution (batch process) - 0 2025',1,'2026-03-14 11:41:17',0,NULL),(419,58,'2025-07-01',1000.00,76576.00,'deposit','BATCH-MONTHLY202603148437-342','Monthly contribution (batch process) - 0 2025',1,'2026-03-14 11:41:17',0,NULL),(420,58,'2025-08-01',1000.00,77576.00,'deposit','BATCH-MONTHLY202603148437-343','Monthly contribution (batch process) - 0 2025',1,'2026-03-14 11:41:17',0,NULL),(421,58,'2025-09-01',1000.00,78576.00,'deposit','BATCH-MONTHLY202603148437-344','Monthly contribution (batch process) - 0 2025',1,'2026-03-14 11:41:17',0,NULL),(422,58,'2025-10-01',1000.00,79576.00,'deposit','BATCH-MONTHLY202603148437-345','Monthly contribution (batch process) - 0 2025',1,'2026-03-14 11:41:17',0,NULL),(423,58,'2025-11-01',1000.00,80576.00,'deposit','BATCH-MONTHLY202603148437-346','Monthly contribution (batch process) - 0 2025',1,'2026-03-14 11:41:17',0,NULL),(424,58,'2025-12-01',1000.00,81576.00,'deposit','BATCH-MONTHLY202603148437-347','Monthly contribution (batch process) - 0 2025',1,'2026-03-14 11:41:17',0,NULL),(425,59,'2025-01-01',1000.00,77576.00,'deposit','BATCH-MONTHLY202603148437-348','Monthly contribution (batch process) - 0 2025',1,'2026-03-14 11:41:17',0,NULL),(426,59,'2025-02-01',1000.00,78576.00,'deposit','BATCH-MONTHLY202603148437-349','Monthly contribution (batch process) - 0 2025',1,'2026-03-14 11:41:17',0,NULL),(427,59,'2025-03-01',1000.00,79576.00,'deposit','BATCH-MONTHLY202603148437-350','Monthly contribution (batch process) - 0 2025',1,'2026-03-14 11:41:17',0,NULL),(428,59,'2025-04-01',1000.00,80576.00,'deposit','BATCH-MONTHLY202603148437-351','Monthly contribution (batch process) - 0 2025',1,'2026-03-14 11:41:17',0,NULL),(429,59,'2025-05-01',1000.00,81576.00,'deposit','BATCH-MONTHLY202603148437-352','Monthly contribution (batch process) - 0 2025',1,'2026-03-14 11:41:17',0,NULL),(430,59,'2025-06-01',1000.00,82576.00,'deposit','BATCH-MONTHLY202603148437-353','Monthly contribution (batch process) - 0 2025',1,'2026-03-14 11:41:17',0,NULL),(431,59,'2025-07-01',1000.00,83576.00,'deposit','BATCH-MONTHLY202603148437-354','Monthly contribution (batch process) - 0 2025',1,'2026-03-14 11:41:17',0,NULL),(432,59,'2025-08-01',1000.00,84576.00,'deposit','BATCH-MONTHLY202603148437-355','Monthly contribution (batch process) - 0 2025',1,'2026-03-14 11:41:17',0,NULL),(433,59,'2025-09-01',1000.00,85576.00,'deposit','BATCH-MONTHLY202603148437-356','Monthly contribution (batch process) - 0 2025',1,'2026-03-14 11:41:17',0,NULL),(434,59,'2025-10-01',1000.00,86576.00,'deposit','BATCH-MONTHLY202603148437-357','Monthly contribution (batch process) - 0 2025',1,'2026-03-14 11:41:17',0,NULL),(435,59,'2025-11-01',1000.00,87576.00,'deposit','BATCH-MONTHLY202603148437-358','Monthly contribution (batch process) - 0 2025',1,'2026-03-14 11:41:17',0,NULL),(436,59,'2025-12-01',1000.00,88576.00,'deposit','BATCH-MONTHLY202603148437-359','Monthly contribution (batch process) - 0 2025',1,'2026-03-14 11:41:17',0,NULL),(437,62,'2025-01-01',1000.00,117067.00,'deposit','BATCH-MONTHLY202603148437-360','Monthly contribution (batch process) - 0 2025',1,'2026-03-14 11:41:17',0,NULL),(438,62,'2025-02-01',1000.00,118067.00,'deposit','BATCH-MONTHLY202603148437-361','Monthly contribution (batch process) - 0 2025',1,'2026-03-14 11:41:17',0,NULL),(439,62,'2025-03-01',1000.00,119067.00,'deposit','BATCH-MONTHLY202603148437-362','Monthly contribution (batch process) - 0 2025',1,'2026-03-14 11:41:17',0,NULL),(440,62,'2025-04-01',1000.00,120067.00,'deposit','BATCH-MONTHLY202603148437-363','Monthly contribution (batch process) - 0 2025',1,'2026-03-14 11:41:17',0,NULL),(441,62,'2025-05-01',1000.00,121067.00,'deposit','BATCH-MONTHLY202603148437-364','Monthly contribution (batch process) - 0 2025',1,'2026-03-14 11:41:17',0,NULL),(442,62,'2025-06-01',1000.00,122067.00,'deposit','BATCH-MONTHLY202603148437-365','Monthly contribution (batch process) - 0 2025',1,'2026-03-14 11:41:17',0,NULL),(443,62,'2025-07-01',1000.00,123067.00,'deposit','BATCH-MONTHLY202603148437-366','Monthly contribution (batch process) - 0 2025',1,'2026-03-14 11:41:17',0,NULL),(444,62,'2025-08-01',1000.00,124067.00,'deposit','BATCH-MONTHLY202603148437-367','Monthly contribution (batch process) - 0 2025',1,'2026-03-14 11:41:17',0,NULL),(445,62,'2025-09-01',1000.00,125067.00,'deposit','BATCH-MONTHLY202603148437-368','Monthly contribution (batch process) - 0 2025',1,'2026-03-14 11:41:17',0,NULL),(446,62,'2025-10-01',1000.00,126067.00,'deposit','BATCH-MONTHLY202603148437-369','Monthly contribution (batch process) - 0 2025',1,'2026-03-14 11:41:17',0,NULL),(447,62,'2025-11-01',1000.00,127067.00,'deposit','BATCH-MONTHLY202603148437-370','Monthly contribution (batch process) - 0 2025',1,'2026-03-14 11:41:17',0,NULL),(448,62,'2025-12-01',1000.00,128067.00,'deposit','BATCH-MONTHLY202603148437-371','Monthly contribution (batch process) - 0 2025',1,'2026-03-14 11:41:17',0,NULL),(449,69,'2025-08-01',1000.00,59106.00,'deposit','BATCH-MONTHLY202603148437-372','Monthly contribution (batch process) - 0 2025',1,'2026-03-14 11:41:17',0,NULL),(450,69,'2025-12-01',1000.00,60106.00,'deposit','BATCH-MONTHLY202603148437-373','Monthly contribution (batch process) - 0 2025',1,'2026-03-14 11:41:17',0,NULL),(451,74,'2025-01-01',1000.00,124000.00,'deposit','BATCH-MONTHLY202603148437-374','Monthly contribution (batch process) - 0 2025',1,'2026-03-14 11:41:17',0,NULL),(452,74,'2025-02-01',1000.00,125000.00,'deposit','BATCH-MONTHLY202603148437-375','Monthly contribution (batch process) - 0 2025',1,'2026-03-14 11:41:17',0,NULL),(453,74,'2025-03-01',1000.00,126000.00,'deposit','BATCH-MONTHLY202603148437-376','Monthly contribution (batch process) - 0 2025',1,'2026-03-14 11:41:17',0,NULL),(454,74,'2025-05-01',1400.00,127400.00,'deposit','BATCH-MONTHLY202603148437-377','Monthly contribution (batch process) - 0 2025',1,'2026-03-14 11:41:17',0,NULL),(455,74,'2025-07-01',3000.00,130400.00,'deposit','BATCH-MONTHLY202603148437-378','Monthly contribution (batch process) - 0 2025',1,'2026-03-14 11:41:17',0,NULL),(456,74,'2025-08-01',1000.00,131400.00,'deposit','BATCH-MONTHLY202603148437-379','Monthly contribution (batch process) - 0 2025',1,'2026-03-14 11:41:17',0,NULL),(457,74,'2025-09-01',1000.00,132400.00,'deposit','BATCH-MONTHLY202603148437-380','Monthly contribution (batch process) - 0 2025',1,'2026-03-14 11:41:17',0,NULL),(458,74,'2025-10-01',1000.00,133400.00,'deposit','BATCH-MONTHLY202603148437-381','Monthly contribution (batch process) - 0 2025',1,'2026-03-14 11:41:17',0,NULL),(459,74,'2025-11-01',1000.00,134400.00,'deposit','BATCH-MONTHLY202603148437-382','Monthly contribution (batch process) - 0 2025',1,'2026-03-14 11:41:17',0,NULL),(460,74,'2025-12-01',1000.00,135400.00,'deposit','BATCH-MONTHLY202603148437-383','Monthly contribution (batch process) - 0 2025',1,'2026-03-14 11:41:17',0,NULL),(461,76,'2025-01-01',1000.00,27400.00,'deposit','BATCH-MONTHLY202603148437-384','Monthly contribution (batch process) - 0 2025',1,'2026-03-14 11:41:17',0,NULL),(462,76,'2025-02-01',1000.00,28400.00,'deposit','BATCH-MONTHLY202603148437-385','Monthly contribution (batch process) - 0 2025',1,'2026-03-14 11:41:17',0,NULL),(463,76,'2025-03-01',1000.00,29400.00,'deposit','BATCH-MONTHLY202603148437-386','Monthly contribution (batch process) - 0 2025',1,'2026-03-14 11:41:17',0,NULL),(464,76,'2025-05-01',1000.00,30400.00,'deposit','BATCH-MONTHLY202603148437-387','Monthly contribution (batch process) - 0 2025',1,'2026-03-14 11:41:17',0,NULL),(465,76,'2025-09-01',1000.00,31400.00,'deposit','BATCH-MONTHLY202603148437-388','Monthly contribution (batch process) - 0 2025',1,'2026-03-14 11:41:17',0,NULL),(466,80,'2025-01-01',1000.00,1007000.00,'deposit','BATCH-MONTHLY202603148437-389','Monthly contribution (batch process) - 0 2025',1,'2026-03-14 11:41:17',0,NULL),(467,81,'2025-01-01',1000.00,24000.00,'deposit','BATCH-MONTHLY202603148437-390','Monthly contribution (batch process) - 0 2025',1,'2026-03-14 11:41:17',0,NULL),(468,81,'2025-02-01',1000.00,25000.00,'deposit','BATCH-MONTHLY202603148437-391','Monthly contribution (batch process) - 0 2025',1,'2026-03-14 11:41:17',0,NULL),(469,81,'2025-04-01',1000.00,26000.00,'deposit','BATCH-MONTHLY202603148437-392','Monthly contribution (batch process) - 0 2025',1,'2026-03-14 11:41:17',0,NULL),(470,82,'2025-01-01',2000.00,19000.00,'deposit','BATCH-MONTHLY202603148437-393','Monthly contribution (batch process) - 0 2025',1,'2026-03-14 11:41:17',0,NULL),(471,82,'2025-02-01',1000.00,20000.00,'deposit','BATCH-MONTHLY202603148437-394','Monthly contribution (batch process) - 0 2025',1,'2026-03-14 11:41:17',0,NULL),(472,82,'2025-03-01',1000.00,21000.00,'deposit','BATCH-MONTHLY202603148437-395','Monthly contribution (batch process) - 0 2025',1,'2026-03-14 11:41:17',0,NULL),(473,82,'2025-04-01',1000.00,22000.00,'deposit','BATCH-MONTHLY202603148437-396','Monthly contribution (batch process) - 0 2025',1,'2026-03-14 11:41:17',0,NULL),(474,82,'2025-05-01',1000.00,23000.00,'deposit','BATCH-MONTHLY202603148437-397','Monthly contribution (batch process) - 0 2025',1,'2026-03-14 11:41:17',0,NULL),(475,82,'2025-06-01',1000.00,24000.00,'deposit','BATCH-MONTHLY202603148437-398','Monthly contribution (batch process) - 0 2025',1,'2026-03-14 11:41:17',0,NULL),(476,82,'2025-07-01',1000.00,25000.00,'deposit','BATCH-MONTHLY202603148437-399','Monthly contribution (batch process) - 0 2025',1,'2026-03-14 11:41:17',0,NULL),(477,82,'2025-08-01',1000.00,26000.00,'deposit','BATCH-MONTHLY202603148437-400','Monthly contribution (batch process) - 0 2025',1,'2026-03-14 11:41:17',0,NULL),(478,82,'2025-09-01',2000.00,28000.00,'deposit','BATCH-MONTHLY202603148437-401','Monthly contribution (batch process) - 0 2025',1,'2026-03-14 11:41:17',0,NULL),(479,82,'2025-10-01',5000.00,33000.00,'deposit','BATCH-MONTHLY202603148437-402','Monthly contribution (batch process) - 0 2025',1,'2026-03-14 11:41:17',0,NULL),(480,82,'2025-11-01',2000.00,35000.00,'deposit','BATCH-MONTHLY202603148437-403','Monthly contribution (batch process) - 0 2025',1,'2026-03-14 11:41:17',0,NULL),(481,82,'2025-12-01',2000.00,37000.00,'deposit','BATCH-MONTHLY202603148437-404','Monthly contribution (batch process) - 0 2025',1,'2026-03-14 11:41:17',0,NULL),(482,83,'2025-01-01',2000.00,6000.00,'deposit','BATCH-MONTHLY202603148437-405','Monthly contribution (batch process) - 0 2025',1,'2026-03-14 11:41:17',0,NULL),(483,83,'2025-04-01',6000.00,12000.00,'deposit','BATCH-MONTHLY202603148437-406','Monthly contribution (batch process) - 0 2025',1,'2026-03-14 11:41:17',0,NULL),(484,83,'2025-05-01',2000.00,14000.00,'deposit','BATCH-MONTHLY202603148437-407','Monthly contribution (batch process) - 0 2025',1,'2026-03-14 11:41:17',0,NULL),(485,83,'2025-06-01',2000.00,16000.00,'deposit','BATCH-MONTHLY202603148437-408','Monthly contribution (batch process) - 0 2025',1,'2026-03-14 11:41:17',0,NULL),(486,83,'2025-07-01',2000.00,18000.00,'deposit','BATCH-MONTHLY202603148437-409','Monthly contribution (batch process) - 0 2025',1,'2026-03-14 11:41:17',0,NULL),(487,84,'2025-08-01',3000.00,3000.00,'deposit','BATCH-MONTHLY202603148437-410','Monthly contribution (batch process) - 0 2025',1,'2026-03-14 11:41:17',0,NULL),(488,84,'2025-09-01',2000.00,5000.00,'deposit','BATCH-MONTHLY202603148437-411','Monthly contribution (batch process) - 0 2025',1,'2026-03-14 11:41:17',0,NULL),(489,84,'2025-10-01',1000.00,6000.00,'deposit','BATCH-MONTHLY202603148437-412','Monthly contribution (batch process) - 0 2025',1,'2026-03-14 11:41:17',0,NULL),(490,84,'2025-11-01',2000.00,8000.00,'deposit','BATCH-MONTHLY202603148437-413','Monthly contribution (batch process) - 0 2025',1,'2026-03-14 11:41:17',0,NULL),(491,84,'2025-12-01',1000.00,9000.00,'deposit','BATCH-MONTHLY202603148437-414','Monthly contribution (batch process) - 0 2025',1,'2026-03-14 11:41:17',0,NULL),(492,80,'2025-12-31',1000000.00,7000.00,'withdrawal','TXN1773489212','',1,'2026-03-14 11:56:34',0,NULL),(493,2,'2025-01-01',1000.00,171459.00,'deposit','TXN1773493206','',1,'2026-03-14 13:00:36',0,NULL),(598,9,'2025-12-31',120000.00,31457.00,'withdrawal','TXN1774560222','',1,'2026-03-26 21:26:43',0,NULL),(599,16,'2025-12-31',22200.00,80072.00,'withdrawal','TXN1774560403','',1,'2026-03-26 21:27:29',0,NULL),(600,38,'2025-12-31',65792.00,0.00,'withdrawal','TXN1774560450','',1,'2026-03-26 21:28:21',0,NULL),(601,43,'2025-12-31',194997.00,0.00,'withdrawal','TXN1774560501','',1,'2026-03-26 21:29:02',0,NULL),(602,61,'2025-12-31',58504.00,0.00,'withdrawal','TXN1774560542','',1,'2026-03-26 21:30:14',0,NULL),(603,63,'2025-12-31',23108.00,0.00,'withdrawal','TXN1774560614','',1,'2026-03-26 21:30:53',0,NULL),(604,64,'2025-12-31',26264.00,0.00,'withdrawal','TXN1774560653','',1,'2026-03-26 21:31:29',0,NULL),(605,67,'2025-12-31',99927.00,0.00,'withdrawal','TXN1774560689','',1,'2026-03-26 21:32:14',0,NULL),(606,68,'2025-12-31',32000.00,-2402.00,'withdrawal','TXN1774560734','',1,'2026-03-26 21:34:31',0,NULL),(607,1,'2025-12-31',1000.00,158115.00,'withdrawal','ADM20251380','Annual admin charge deduction - 2025',1,'2026-03-27 00:04:06',0,NULL),(608,2,'2025-12-31',1000.00,170459.00,'withdrawal','ADM20252642','Annual admin charge deduction - 2025',1,'2026-03-27 00:04:06',0,NULL),(609,3,'2025-12-31',1000.00,179406.00,'withdrawal','ADM20253490','Annual admin charge deduction - 2025',1,'2026-03-27 00:04:06',0,NULL),(610,4,'2025-12-31',1000.00,49146.00,'withdrawal','ADM20254184','Annual admin charge deduction - 2025',1,'2026-03-27 00:04:06',0,NULL),(611,5,'2025-12-31',1000.00,75040.00,'withdrawal','ADM20255275','Annual admin charge deduction - 2025',1,'2026-03-27 00:04:06',0,NULL),(612,6,'2025-12-31',1000.00,301197.00,'withdrawal','ADM20256927','Annual admin charge deduction - 2025',1,'2026-03-27 00:04:06',0,NULL),(613,6,'2025-12-31',1000.00,301197.00,'withdrawal','SHR20256565','Share capital charge deduction - 2025',1,'2026-03-27 00:04:06',0,NULL),(614,8,'2025-12-31',1000.00,74566.00,'withdrawal','ADM20258213','Annual admin charge deduction - 2025',1,'2026-03-27 00:04:06',0,NULL),(615,9,'2025-12-31',1000.00,30457.00,'withdrawal','ADM20259481','Annual admin charge deduction - 2025',1,'2026-03-27 00:04:06',0,NULL),(616,10,'2025-12-31',1000.00,12263.00,'withdrawal','ADM202510356','Annual admin charge deduction - 2025',1,'2026-03-27 00:04:06',0,NULL),(617,11,'2025-12-31',1000.00,36698.00,'withdrawal','ADM202511188','Annual admin charge deduction - 2025',1,'2026-03-27 00:04:06',0,NULL),(618,12,'2025-12-31',1000.00,193.00,'withdrawal','ADM202512953','Annual admin charge deduction - 2025',1,'2026-03-27 00:04:06',0,NULL),(620,14,'2025-12-31',1000.00,23879.00,'withdrawal','ADM202514787','Annual admin charge deduction - 2025',1,'2026-03-27 00:04:06',0,NULL),(621,15,'2025-12-31',1000.00,3188.00,'withdrawal','ADM202515913','Annual admin charge deduction - 2025',1,'2026-03-27 00:04:06',0,NULL),(623,16,'2025-12-31',1000.00,79072.00,'withdrawal','ADM202516228','Annual admin charge deduction - 2025',1,'2026-03-27 00:04:06',0,NULL),(624,17,'2025-12-31',1000.00,93222.00,'withdrawal','ADM202517853','Annual admin charge deduction - 2025',1,'2026-03-27 00:04:06',0,NULL),(625,17,'2025-12-31',1000.00,92222.00,'withdrawal','SHR202517719','Share capital charge deduction - 2025',1,'2026-03-27 00:04:06',0,NULL),(626,18,'2025-12-31',1000.00,124502.00,'withdrawal','ADM202518458','Annual admin charge deduction - 2025',1,'2026-03-27 00:04:06',0,NULL),(627,19,'2025-12-31',1000.00,6000.00,'withdrawal','ADM202519687','Annual admin charge deduction - 2025',1,'2026-03-27 00:04:06',0,NULL),(628,19,'2025-12-31',1000.00,5000.00,'withdrawal','SHR202519114','Share capital charge deduction - 2025',1,'2026-03-27 00:04:06',0,NULL),(629,20,'2025-12-31',1000.00,147497.00,'withdrawal','ADM202520362','Annual admin charge deduction - 2025',1,'2026-03-27 00:04:06',0,NULL),(630,21,'2025-12-31',1000.00,97963.00,'withdrawal','ADM202521245','Annual admin charge deduction - 2025',1,'2026-03-27 00:04:06',0,NULL),(632,23,'2025-12-31',1000.00,82508.00,'withdrawal','ADM202523934','Annual admin charge deduction - 2025',1,'2026-03-27 00:04:06',0,NULL),(633,23,'2025-12-31',1000.00,81508.00,'withdrawal','SHR202523244','Share capital charge deduction - 2025',1,'2026-03-27 00:04:06',0,NULL),(634,24,'2025-12-31',1000.00,87215.00,'withdrawal','ADM202524714','Annual admin charge deduction - 2025',1,'2026-03-27 00:04:06',0,NULL),(635,25,'2025-12-31',1000.00,311945.00,'withdrawal','ADM202525508','Annual admin charge deduction - 2025',1,'2026-03-27 00:04:06',0,NULL),(638,27,'2025-12-31',1000.00,23401.00,'withdrawal','ADM202527177','Annual admin charge deduction - 2025',1,'2026-03-27 00:04:06',0,NULL),(639,27,'2025-12-31',1000.00,22401.00,'withdrawal','SHR202527618','Share capital charge deduction - 2025',1,'2026-03-27 00:04:06',0,NULL),(640,28,'2025-12-31',1000.00,7412.00,'withdrawal','ADM202528339','Annual admin charge deduction - 2025',1,'2026-03-27 00:04:06',0,NULL),(641,29,'2025-12-31',1000.00,83622.00,'withdrawal','ADM202529411','Annual admin charge deduction - 2025',1,'2026-03-27 00:04:06',0,NULL),(642,30,'2025-12-31',1000.00,85130.00,'withdrawal','ADM202530925','Annual admin charge deduction - 2025',1,'2026-03-27 00:04:06',0,NULL),(643,31,'2025-12-31',1000.00,84399.00,'withdrawal','ADM202531132','Annual admin charge deduction - 2025',1,'2026-03-27 00:04:06',0,NULL),(644,33,'2025-12-31',1000.00,42450.00,'withdrawal','ADM202533502','Annual admin charge deduction - 2025',1,'2026-03-27 00:04:06',0,NULL),(645,33,'2025-12-31',1000.00,42450.00,'withdrawal','SHR202533234','Share capital charge deduction - 2025',1,'2026-03-27 00:04:06',0,NULL),(646,35,'2025-12-31',1000.00,375605.00,'withdrawal','ADM202535870','Annual admin charge deduction - 2025',1,'2026-03-27 00:04:06',0,NULL),(647,37,'2025-12-31',1000.00,110416.00,'withdrawal','ADM202537494','Annual admin charge deduction - 2025',1,'2026-03-27 00:04:06',0,NULL),(648,39,'2025-12-31',1000.00,152756.00,'withdrawal','ADM202539279','Annual admin charge deduction - 2025',1,'2026-03-27 00:04:06',0,NULL),(649,40,'2025-12-31',1000.00,142879.00,'withdrawal','ADM202540562','Annual admin charge deduction - 2025',1,'2026-03-27 00:04:06',0,NULL),(650,41,'2025-12-31',1000.00,53888.00,'withdrawal','ADM202541183','Annual admin charge deduction - 2025',1,'2026-03-27 00:04:06',0,NULL),(651,42,'2025-12-31',1000.00,96415.00,'withdrawal','ADM202542679','Annual admin charge deduction - 2025',1,'2026-03-27 00:04:06',0,NULL),(652,44,'2025-12-31',1000.00,260400.00,'withdrawal','ADM202544318','Annual admin charge deduction - 2025',1,'2026-03-27 00:04:06',0,NULL),(653,45,'2025-12-31',1000.00,428058.00,'withdrawal','ADM202545600','Annual admin charge deduction - 2025',1,'2026-03-27 00:04:06',0,NULL),(654,46,'2025-12-31',1000.00,90194.00,'withdrawal','ADM202546899','Annual admin charge deduction - 2025',1,'2026-03-27 00:04:06',0,NULL),(655,47,'2025-12-31',1000.00,64289.00,'withdrawal','ADM202547505','Annual admin charge deduction - 2025',1,'2026-03-27 00:04:06',0,NULL),(657,50,'2025-12-31',1000.00,46041.00,'withdrawal','ADM202550715','Annual admin charge deduction - 2025',1,'2026-03-27 00:04:06',0,NULL),(658,51,'2025-12-31',1000.00,197966.00,'withdrawal','ADM202551874','Annual admin charge deduction - 2025',1,'2026-03-27 00:04:06',0,NULL),(659,52,'2025-12-31',1000.00,102374.00,'withdrawal','ADM202552476','Annual admin charge deduction - 2025',1,'2026-03-27 00:04:06',0,NULL),(660,53,'2025-12-31',1000.00,83843.00,'withdrawal','ADM202553766','Annual admin charge deduction - 2025',1,'2026-03-27 00:04:06',0,NULL),(661,54,'2025-12-31',1000.00,36124.00,'withdrawal','ADM202554660','Annual admin charge deduction - 2025',1,'2026-03-27 00:04:06',0,NULL),(662,55,'2025-12-31',1000.00,83154.00,'withdrawal','ADM202555141','Annual admin charge deduction - 2025',1,'2026-03-27 00:04:06',0,NULL),(663,56,'2025-12-31',1000.00,76677.00,'withdrawal','ADM202556488','Annual admin charge deduction - 2025',1,'2026-03-27 00:04:06',0,NULL),(664,57,'2025-12-31',1000.00,63376.00,'withdrawal','ADM202557246','Annual admin charge deduction - 2025',1,'2026-03-27 00:04:06',0,NULL),(665,58,'2025-12-31',1000.00,80576.00,'withdrawal','ADM202558676','Annual admin charge deduction - 2025',1,'2026-03-27 00:04:06',0,NULL),(666,59,'2025-12-31',1000.00,87576.00,'withdrawal','ADM202559898','Annual admin charge deduction - 2025',1,'2026-03-27 00:04:06',0,NULL),(669,62,'2025-12-31',1000.00,127067.00,'withdrawal','ADM202562375','Annual admin charge deduction - 2025',1,'2026-03-27 00:04:06',0,NULL),(670,65,'2025-12-31',1000.00,198470.00,'withdrawal','ADM202565613','Annual admin charge deduction - 2025',1,'2026-03-27 00:04:06',0,NULL),(671,66,'2025-12-31',1000.00,44575.00,'withdrawal','ADM202566621','Annual admin charge deduction - 2025',1,'2026-03-27 00:04:06',0,NULL),(672,69,'2025-12-31',1000.00,59106.00,'withdrawal','ADM202569613','Annual admin charge deduction - 2025',1,'2026-03-27 00:04:06',0,NULL),(673,70,'2025-12-31',1000.00,6040.00,'withdrawal','ADM202570252','Annual admin charge deduction - 2025',1,'2026-03-27 00:04:06',0,NULL),(674,70,'2025-12-31',1000.00,5040.00,'withdrawal','SHR202570254','Share capital charge deduction - 2025',1,'2026-03-27 00:04:06',0,NULL),(675,71,'2025-12-31',1000.00,9419.00,'withdrawal','ADM202571303','Annual admin charge deduction - 2025',1,'2026-03-27 00:04:06',0,NULL),(677,72,'2025-12-31',1000.00,12129.00,'withdrawal','ADM202572664','Annual admin charge deduction - 2025',1,'2026-03-27 00:04:06',0,NULL),(681,74,'2025-12-31',1000.00,134400.00,'withdrawal','ADM202574181','Annual admin charge deduction - 2025',1,'2026-03-27 00:04:06',0,NULL),(682,74,'2025-12-31',1000.00,133400.00,'withdrawal','SHR202574695','Share capital charge deduction - 2025',1,'2026-03-27 00:04:06',0,NULL),(683,76,'2025-12-31',1000.00,30400.00,'withdrawal','ADM202576348','Annual admin charge deduction - 2025',1,'2026-03-27 00:04:06',0,NULL),(684,76,'2025-12-31',1000.00,29400.00,'withdrawal','SHR202576740','Share capital charge deduction - 2025',1,'2026-03-27 00:04:06',0,NULL),(692,81,'2025-12-31',1000.00,25000.00,'withdrawal','ADM202581270','Annual admin charge deduction - 2025',1,'2026-03-27 00:04:06',0,NULL),(694,82,'2025-12-31',1000.00,36000.00,'withdrawal','ADM202582187','Annual admin charge deduction - 2025',1,'2026-03-27 00:04:06',0,NULL),(695,82,'2025-12-31',1000.00,35000.00,'withdrawal','SHR202582886','Share capital charge deduction - 2025',1,'2026-03-27 00:04:06',0,NULL),(696,83,'2025-12-31',1000.00,17000.00,'withdrawal','ADM202583992','Annual admin charge deduction - 2025',1,'2026-03-27 00:04:06',0,NULL),(698,84,'2025-12-31',1000.00,8000.00,'withdrawal','ADM202584183','Annual admin charge deduction - 2025',1,'2026-03-27 00:04:06',0,NULL),(700,4,'2025-12-31',1000.00,48146.00,'withdrawal','SCD1774599541586','Share capital deduction - Year-end share capital deduction',1,'2026-03-27 08:19:01',0,NULL),(701,5,'2025-12-31',1000.00,74040.00,'withdrawal','SCD1774601858161','Share capital deduction - Year-end share capital deduction',1,'2026-03-27 08:57:38',0,NULL),(702,8,'2025-12-31',1000.00,73566.00,'withdrawal','SCD1774603136298','Share capital deduction - Year-end share capital deduction',1,'2026-03-27 09:18:56',0,NULL),(703,14,'2025-03-27',1000.00,22879.00,'withdrawal','SCD1774611940462','Share capital deduction - Year-end share capital deduction',1,'2026-03-27 11:45:40',0,NULL),(704,16,'2025-12-31',1000.00,78072.00,'withdrawal','SCD1774632551996','Share capital deduction - Year-end share capital deduction',1,'2026-03-27 17:29:11',0,NULL),(705,21,'2025-12-31',1000.00,96963.00,'withdrawal','SCD1774682962272','Share capital deduction - Year-end share capital deduction',1,'2026-03-28 07:29:22',0,NULL),(706,29,'2025-12-31',1000.00,82622.00,'withdrawal','SCD1774729844503','Share capital deduction - Year-end share capital deduction',1,'2026-03-28 20:30:44',0,NULL),(707,31,'2025-12-31',2000.00,82399.00,'withdrawal','SCD1774730836354','Share capital deduction - Year-end share capital deduction',1,'2026-03-28 20:47:16',0,NULL),(708,37,'2025-12-31',1000.00,109416.00,'withdrawal','SCD1774773087148','Share capital deduction - Year-end share capital deduction',1,'2026-03-29 08:31:27',0,NULL),(709,41,'2025-12-31',1000.00,52888.00,'withdrawal','SCD1774774932248','Share capital deduction - Year-end share capital deduction',1,'2026-03-29 09:02:12',0,NULL),(710,46,'2025-12-31',1000.00,89194.00,'withdrawal','SCD1774781934535','Share capital deduction - Year-end share capital deduction',1,'2026-03-29 10:58:54',0,NULL),(711,47,'2025-12-31',1000.00,63289.00,'withdrawal','SCD1774782897423','Share capital deduction - Year-end share capital deduction',1,'2026-03-29 11:14:57',0,NULL),(712,48,'2025-12-31',1000.00,57761.00,'withdrawal','ADM202548505','Annual admin charge deduction - 2025',1,'2026-03-27 00:04:06',0,NULL),(713,50,'2025-12-31',1000.00,45041.00,'withdrawal','SCD1774787836301','Share capital deduction - Year-end share capital deduction',1,'2026-03-29 12:37:16',0,NULL),(714,51,'2025-12-31',1000.00,196966.00,'withdrawal','SCD1774789227884','Share capital deduction - Year-end share capital deduction',1,'2026-03-29 13:00:27',0,NULL),(715,52,'2025-12-31',1000.00,101374.00,'withdrawal','SCD1774789250135','Share capital deduction - Year-end share capital deduction',1,'2026-03-29 13:00:50',0,NULL),(716,53,'2025-12-31',1000.00,82843.00,'withdrawal','SCD1774789276122','Share capital deduction - Year-end share capital deduction',1,'2026-03-29 13:01:16',0,NULL),(717,54,'2025-12-31',1000.00,35124.00,'withdrawal','SCD1774789318942','Share capital deduction - Year-end share capital deduction',1,'2026-03-29 13:01:58',0,NULL),(718,57,'2025-12-31',1000.00,62376.00,'withdrawal','SCD1774790656850','Share capital deduction - Year-end share capital deduction',1,'2026-03-29 13:24:16',0,NULL),(719,59,'2025-12-31',1000.00,86576.00,'withdrawal','SCD1774790678477','Share capital deduction - Year-end share capital deduction',1,'2026-03-29 13:24:38',0,NULL),(720,58,'2025-12-31',1000.00,79576.00,'withdrawal','SCD1774790698204','Share capital deduction - Year-end share capital deduction',1,'2026-03-29 13:24:58',0,NULL),(721,62,'2025-12-31',1000.00,126067.00,'withdrawal','SCD1774797605742','Share capital deduction - Year-end share capital deduction',1,'2026-03-29 15:20:05',0,NULL),(722,65,'2025-12-31',1000.00,197470.00,'withdrawal','SCD1774799973719','Share capital deduction - Year-end share capital deduction',1,'2026-03-29 15:59:33',0,NULL),(723,66,'2025-12-31',1000.00,43575.00,'withdrawal','SCD1774800235732','Share capital deduction - Year-end share capital deduction',1,'2026-03-29 16:03:55',0,NULL);
/*!40000 ALTER TABLE `deposits` ENABLE KEYS */;
UNLOCK TABLES;

--
-- Table structure for table `depreciation_schedule`
--

DROP TABLE IF EXISTS `depreciation_schedule`;
/*!40101 SET @saved_cs_client     = @@character_set_client */;
/*!40101 SET character_set_client = utf8mb4 */;
CREATE TABLE `depreciation_schedule` (
  `id` int(11) NOT NULL AUTO_INCREMENT,
  `asset_id` int(11) NOT NULL,
  `period_date` date NOT NULL,
  `depreciation_amount` decimal(10,2) NOT NULL,
  `accumulated_depreciation` decimal(10,2) NOT NULL,
  `book_value` decimal(10,2) NOT NULL,
  `journal_id` int(11) DEFAULT NULL,
  `created_at` timestamp NOT NULL DEFAULT current_timestamp(),
  PRIMARY KEY (`id`),
  KEY `asset_id` (`asset_id`),
  KEY `journal_id` (`journal_id`),
  CONSTRAINT `depreciation_schedule_ibfk_1` FOREIGN KEY (`asset_id`) REFERENCES `assets` (`id`),
  CONSTRAINT `depreciation_schedule_ibfk_2` FOREIGN KEY (`journal_id`) REFERENCES `journal_entries` (`id`)
) ENGINE=InnoDB DEFAULT CHARSET=utf8mb4 COLLATE=utf8mb4_general_ci;
/*!40101 SET character_set_client = @saved_cs_client */;

--
-- Dumping data for table `depreciation_schedule`
--

LOCK TABLES `depreciation_schedule` WRITE;
/*!40000 ALTER TABLE `depreciation_schedule` DISABLE KEYS */;
/*!40000 ALTER TABLE `depreciation_schedule` ENABLE KEYS */;
UNLOCK TABLES;

--
-- Table structure for table `dividend_contributions`
--

DROP TABLE IF EXISTS `dividend_contributions`;
/*!40101 SET @saved_cs_client     = @@character_set_client */;
/*!40101 SET character_set_client = utf8mb4 */;
CREATE TABLE `dividend_contributions` (
  `id` int(11) NOT NULL AUTO_INCREMENT,
  `dividend_id` int(11) NOT NULL,
  `contribution_month` date NOT NULL,
  `amount` decimal(10,2) NOT NULL,
  `weight` decimal(5,2) NOT NULL COMMENT 'Months remaining / 12',
  `weighted_amount` decimal(10,2) NOT NULL,
  `interest_earned` decimal(10,2) NOT NULL,
  `created_at` timestamp NOT NULL DEFAULT current_timestamp(),
  PRIMARY KEY (`id`),
  KEY `dividend_id` (`dividend_id`),
  CONSTRAINT `dividend_contributions_ibfk_1` FOREIGN KEY (`dividend_id`) REFERENCES `dividends` (`id`) ON DELETE CASCADE
) ENGINE=InnoDB AUTO_INCREMENT=452 DEFAULT CHARSET=utf8mb4 COLLATE=utf8mb4_general_ci;
/*!40101 SET character_set_client = @saved_cs_client */;

--
-- Dumping data for table `dividend_contributions`
--

LOCK TABLES `dividend_contributions` WRITE;
/*!40000 ALTER TABLE `dividend_contributions` DISABLE KEYS */;
INSERT INTO `dividend_contributions` VALUES (1,1,'2025-01-01',76460.00,1.00,76460.00,8410.60,'2026-03-14 15:55:27'),(2,1,'2025-03-01',8655.00,0.83,7212.50,793.38,'2026-03-14 15:55:27'),(3,1,'2025-07-01',55000.00,0.50,27500.00,3025.00,'2026-03-14 15:55:27'),(4,1,'2025-09-01',17000.00,0.33,5666.67,623.33,'2026-03-14 15:55:27'),(5,1,'2025-10-01',2000.00,0.25,500.00,55.00,'2026-03-14 15:55:27'),(6,2,'2025-01-01',161459.00,1.00,161459.00,17760.49,'2026-03-14 15:55:27'),(7,2,'2025-02-01',1000.00,0.92,916.67,100.83,'2026-03-14 15:55:27'),(8,2,'2025-03-01',1000.00,0.83,833.33,91.67,'2026-03-14 15:55:27'),(9,2,'2025-04-01',1000.00,0.75,750.00,82.50,'2026-03-14 15:55:27'),(10,2,'2025-05-01',1000.00,0.67,666.67,73.33,'2026-03-14 15:55:27'),(11,2,'2025-06-01',1000.00,0.58,583.33,64.17,'2026-03-14 15:55:27'),(12,2,'2025-07-01',1000.00,0.50,500.00,55.00,'2026-03-14 15:55:27'),(13,2,'2025-08-01',1000.00,0.42,416.67,45.83,'2026-03-14 15:55:27'),(14,2,'2025-09-01',1000.00,0.33,333.33,36.67,'2026-03-14 15:55:27'),(15,2,'2025-10-01',1000.00,0.25,250.00,27.50,'2026-03-14 15:55:27'),(16,2,'2025-11-01',1000.00,0.17,166.67,18.33,'2026-03-14 15:55:27'),(17,3,'2025-01-01',169406.00,1.00,169406.00,18634.66,'2026-03-14 15:55:27'),(18,3,'2025-02-01',1000.00,0.92,916.67,100.83,'2026-03-14 15:55:27'),(19,3,'2025-03-01',1000.00,0.83,833.33,91.67,'2026-03-14 15:55:27'),(20,3,'2025-04-01',1000.00,0.75,750.00,82.50,'2026-03-14 15:55:27'),(21,3,'2025-05-01',1000.00,0.67,666.67,73.33,'2026-03-14 15:55:27'),(22,3,'2025-06-01',1000.00,0.58,583.33,64.17,'2026-03-14 15:55:27'),(23,3,'2025-07-01',1000.00,0.50,500.00,55.00,'2026-03-14 15:55:27'),(24,3,'2025-08-01',1000.00,0.42,416.67,45.83,'2026-03-14 15:55:27'),(25,3,'2025-09-01',1000.00,0.33,333.33,36.67,'2026-03-14 15:55:27'),(26,3,'2025-10-01',1000.00,0.25,250.00,27.50,'2026-03-14 15:55:27'),(27,3,'2025-11-01',1000.00,0.17,166.67,18.33,'2026-03-14 15:55:27'),(28,3,'2025-12-01',1000.00,0.08,83.33,9.17,'2026-03-14 15:55:27'),(29,4,'2025-01-01',48146.00,1.00,48146.00,5296.06,'2026-03-14 15:55:27'),(30,4,'2025-05-01',2000.00,0.67,1333.33,146.67,'2026-03-14 15:55:27'),(31,5,'2025-01-01',68040.00,1.00,68040.00,7484.40,'2026-03-14 15:55:27'),(32,5,'2025-04-01',1000.00,0.75,750.00,82.50,'2026-03-14 15:55:27'),(33,5,'2025-05-01',1000.00,0.67,666.67,73.33,'2026-03-14 15:55:27'),(34,5,'2025-07-01',1000.00,0.50,500.00,55.00,'2026-03-14 15:55:27'),(35,5,'2025-08-01',1000.00,0.42,416.67,45.83,'2026-03-14 15:55:27'),(36,5,'2025-09-01',1000.00,0.33,333.33,36.67,'2026-03-14 15:55:27'),(37,5,'2025-10-01',1000.00,0.25,250.00,27.50,'2026-03-14 15:55:27'),(38,5,'2025-11-01',1000.00,0.17,166.67,18.33,'2026-03-14 15:55:27'),(39,5,'2025-12-01',1000.00,0.08,83.33,9.17,'2026-03-14 15:55:27'),(40,6,'2025-01-01',242197.00,1.00,242197.00,26641.67,'2026-03-14 15:55:27'),(41,6,'2025-03-01',5000.00,0.83,4166.67,458.33,'2026-03-14 15:55:27'),(42,6,'2025-04-01',5000.00,0.75,3750.00,412.50,'2026-03-14 15:55:27'),(43,6,'2025-05-01',10000.00,0.67,6666.67,733.33,'2026-03-14 15:55:27'),(44,6,'2025-07-01',5000.00,0.50,2500.00,275.00,'2026-03-14 15:55:27'),(45,6,'2025-08-01',5000.00,0.42,2083.33,229.17,'2026-03-14 15:55:27'),(46,6,'2025-09-01',10000.00,0.33,3333.33,366.67,'2026-03-14 15:55:27'),(47,6,'2025-11-01',10000.00,0.17,1666.67,183.33,'2026-03-14 15:55:27'),(48,6,'2025-12-01',10000.00,0.08,833.33,91.67,'2026-03-14 15:55:27'),(49,8,'2025-01-01',65566.00,1.00,65566.00,7212.26,'2026-03-14 15:55:27'),(50,8,'2025-02-01',1000.00,0.92,916.67,100.83,'2026-03-14 15:55:27'),(51,8,'2025-03-01',1000.00,0.83,833.33,91.67,'2026-03-14 15:55:27'),(52,8,'2025-04-01',1000.00,0.75,750.00,82.50,'2026-03-14 15:55:27'),(53,8,'2025-05-01',1000.00,0.67,666.67,73.33,'2026-03-14 15:55:27'),(54,8,'2025-06-01',1000.00,0.58,583.33,64.17,'2026-03-14 15:55:27'),(55,8,'2025-08-01',1000.00,0.42,416.67,45.83,'2026-03-14 15:55:27'),(56,8,'2025-10-01',2000.00,0.25,500.00,55.00,'2026-03-14 15:55:27'),(57,8,'2025-11-01',1000.00,0.17,166.67,18.33,'2026-03-14 15:55:27'),(58,8,'2025-12-01',1000.00,0.08,83.33,9.17,'2026-03-14 15:55:27'),(59,9,'2025-01-01',124457.00,1.00,124457.00,13690.27,'2026-03-14 15:55:27'),(60,9,'2025-02-01',2000.00,0.92,1833.33,201.67,'2026-03-14 15:55:27'),(61,9,'2025-03-01',1000.00,0.83,833.33,91.67,'2026-03-14 15:55:27'),(62,9,'2025-04-01',1000.00,0.75,750.00,82.50,'2026-03-14 15:55:27'),(63,9,'2025-05-01',1000.00,0.67,666.67,73.33,'2026-03-14 15:55:27'),(64,9,'2025-06-01',1000.00,0.58,583.33,64.17,'2026-03-14 15:55:27'),(65,9,'2025-08-01',6000.00,0.42,2500.00,275.00,'2026-03-14 15:55:27'),(66,9,'2025-09-01',3000.00,0.33,1000.00,110.00,'2026-03-14 15:55:27'),(67,9,'2025-10-01',5000.00,0.25,1250.00,137.50,'2026-03-14 15:55:27'),(68,9,'2025-11-01',3000.00,0.17,500.00,55.00,'2026-03-14 15:55:27'),(69,9,'2025-12-01',4000.00,0.08,333.33,36.67,'2026-03-14 15:55:27'),(70,10,'2025-01-01',5863.00,1.00,5863.00,644.93,'2026-03-14 15:55:27'),(71,10,'2025-03-01',1000.00,0.83,833.33,91.67,'2026-03-14 15:55:27'),(72,10,'2025-04-01',5400.00,0.75,4050.00,445.50,'2026-03-14 15:55:27'),(73,10,'2025-09-01',1000.00,0.33,333.33,36.67,'2026-03-14 15:55:27'),(74,11,'2025-01-01',27198.00,1.00,27198.00,2991.78,'2026-03-14 15:55:27'),(75,11,'2025-02-01',1000.00,0.92,916.67,100.83,'2026-03-14 15:55:27'),(76,11,'2025-03-01',1000.00,0.83,833.33,91.67,'2026-03-14 15:55:27'),(77,11,'2025-04-01',1500.00,0.75,1125.00,123.75,'2026-03-14 15:55:27'),(78,11,'2025-05-01',1000.00,0.67,666.67,73.33,'2026-03-14 15:55:27'),(79,11,'2025-06-01',1000.00,0.58,583.33,64.17,'2026-03-14 15:55:27'),(80,11,'2025-07-01',1000.00,0.50,500.00,55.00,'2026-03-14 15:55:27'),(81,11,'2025-09-01',1000.00,0.33,333.33,36.67,'2026-03-14 15:55:27'),(82,11,'2025-10-01',1000.00,0.25,250.00,27.50,'2026-03-14 15:55:27'),(83,11,'2025-11-01',1000.00,0.17,166.67,18.33,'2026-03-14 15:55:27'),(84,11,'2025-12-01',1000.00,0.08,83.33,9.17,'2026-03-14 15:55:27'),(85,12,'2025-01-01',1193.00,1.00,1193.00,131.23,'2026-03-14 15:55:27'),(86,14,'2025-01-01',24879.00,1.00,24879.00,2736.69,'2026-03-14 15:55:27'),(87,15,'2025-01-01',4188.00,1.00,4188.00,460.68,'2026-03-14 15:55:27'),(88,16,'2025-01-01',91272.00,1.00,91272.00,10039.92,'2026-03-14 15:55:27'),(89,16,'2025-02-01',1000.00,0.92,916.67,100.83,'2026-03-14 15:55:27'),(90,16,'2025-03-01',1000.00,0.83,833.33,91.67,'2026-03-14 15:55:27'),(91,16,'2025-04-01',1000.00,0.75,750.00,82.50,'2026-03-14 15:55:27'),(92,16,'2025-05-01',1000.00,0.67,666.67,73.33,'2026-03-14 15:55:27'),(93,16,'2025-06-01',1000.00,0.58,583.33,64.17,'2026-03-14 15:55:27'),(94,16,'2025-07-01',1000.00,0.50,500.00,55.00,'2026-03-14 15:55:27'),(95,16,'2025-08-01',1000.00,0.42,416.67,45.83,'2026-03-14 15:55:27'),(96,16,'2025-09-01',1000.00,0.33,333.33,36.67,'2026-03-14 15:55:27'),(97,16,'2025-11-01',2000.00,0.17,333.33,36.67,'2026-03-14 15:55:27'),(98,16,'2025-12-01',1000.00,0.08,83.33,9.17,'2026-03-14 15:55:27'),(99,17,'2025-01-01',90222.00,1.00,90222.00,9924.42,'2026-03-14 15:55:27'),(100,17,'2025-05-01',1000.00,0.67,666.67,73.33,'2026-03-14 15:55:27'),(101,17,'2025-07-01',1000.00,0.50,500.00,55.00,'2026-03-14 15:55:27'),(102,17,'2025-08-01',1000.00,0.42,416.67,45.83,'2026-03-14 15:55:27'),(103,17,'2025-12-01',1000.00,0.08,83.33,9.17,'2026-03-14 15:55:27'),(104,18,'2025-01-01',116502.00,1.00,116502.00,12815.22,'2026-03-14 15:55:27'),(105,18,'2025-02-01',1000.00,0.92,916.67,100.83,'2026-03-14 15:55:27'),(106,18,'2025-03-01',1000.00,0.83,833.33,91.67,'2026-03-14 15:55:27'),(107,18,'2025-04-01',1000.00,0.75,750.00,82.50,'2026-03-14 15:55:27'),(108,18,'2025-05-01',1000.00,0.67,666.67,73.33,'2026-03-14 15:55:27'),(109,18,'2025-07-01',1000.00,0.50,500.00,55.00,'2026-03-14 15:55:27'),(110,18,'2025-08-01',1000.00,0.42,416.67,45.83,'2026-03-14 15:55:27'),(111,18,'2025-09-01',1000.00,0.33,333.33,36.67,'2026-03-14 15:55:27'),(112,18,'2025-10-01',1000.00,0.25,250.00,27.50,'2026-03-14 15:55:27'),(113,18,'2025-11-01',1000.00,0.17,166.67,18.33,'2026-03-14 15:55:27'),(114,19,'2025-03-01',2000.00,0.83,1666.67,183.33,'2026-03-14 15:55:27'),(115,19,'2025-04-01',5000.00,0.75,3750.00,412.50,'2026-03-14 15:55:27'),(116,20,'2025-01-01',128497.00,1.00,128497.00,14134.67,'2026-03-14 15:55:27'),(117,20,'2025-02-01',2000.00,0.92,1833.33,201.67,'2026-03-14 15:55:27'),(118,20,'2025-03-01',2000.00,0.83,1666.67,183.33,'2026-03-14 15:55:27'),(119,20,'2025-04-01',2000.00,0.75,1500.00,165.00,'2026-03-14 15:55:27'),(120,20,'2025-05-01',2000.00,0.67,1333.33,146.67,'2026-03-14 15:55:27'),(121,20,'2025-06-01',2000.00,0.58,1166.67,128.33,'2026-03-14 15:55:27'),(122,20,'2025-07-01',2000.00,0.50,1000.00,110.00,'2026-03-14 15:55:27'),(123,20,'2025-08-01',2000.00,0.42,833.33,91.67,'2026-03-14 15:55:27'),(124,20,'2025-09-01',2000.00,0.33,666.67,73.33,'2026-03-14 15:55:27'),(125,20,'2025-10-01',2000.00,0.25,500.00,55.00,'2026-03-14 15:55:27'),(126,20,'2025-11-01',2000.00,0.17,333.33,36.67,'2026-03-14 15:55:27'),(127,21,'2025-01-01',92963.00,1.00,92963.00,10225.93,'2026-03-14 15:55:27'),(128,21,'2025-02-01',2000.00,0.92,1833.33,201.67,'2026-03-14 15:55:27'),(129,21,'2025-07-01',1000.00,0.50,500.00,55.00,'2026-03-14 15:55:27'),(130,21,'2025-08-01',1000.00,0.42,416.67,45.83,'2026-03-14 15:55:27'),(131,21,'2025-09-01',1000.00,0.33,333.33,36.67,'2026-03-14 15:55:27'),(132,21,'2025-10-01',1000.00,0.25,250.00,27.50,'2026-03-14 15:55:27'),(133,22,'2025-03-01',1000.00,0.83,833.33,91.67,'2026-03-14 15:55:27'),(134,23,'2025-01-01',72508.00,1.00,72508.00,7975.88,'2026-03-14 15:55:27'),(135,23,'2025-02-01',1000.00,0.92,916.67,100.83,'2026-03-14 15:55:27'),(136,23,'2025-03-01',1000.00,0.83,833.33,91.67,'2026-03-14 15:55:27'),(137,23,'2025-04-01',1000.00,0.75,750.00,82.50,'2026-03-14 15:55:27'),(138,23,'2025-05-01',1000.00,0.67,666.67,73.33,'2026-03-14 15:55:27'),(139,23,'2025-06-01',1000.00,0.58,583.33,64.17,'2026-03-14 15:55:27'),(140,23,'2025-07-01',1000.00,0.50,500.00,55.00,'2026-03-14 15:55:27'),(141,23,'2025-08-01',1000.00,0.42,416.67,45.83,'2026-03-14 15:55:27'),(142,23,'2025-09-01',1000.00,0.33,333.33,36.67,'2026-03-14 15:55:27'),(143,23,'2025-10-01',1000.00,0.25,250.00,27.50,'2026-03-14 15:55:27'),(144,23,'2025-11-01',1000.00,0.17,166.67,18.33,'2026-03-14 15:55:27'),(145,23,'2025-12-01',1000.00,0.08,83.33,9.17,'2026-03-14 15:55:27'),(146,24,'2025-01-01',83215.00,1.00,83215.00,9153.65,'2026-03-14 15:55:27'),(147,24,'2025-03-01',1000.00,0.83,833.33,91.67,'2026-03-14 15:55:27'),(148,24,'2025-04-01',1000.00,0.75,750.00,82.50,'2026-03-14 15:55:27'),(149,24,'2025-06-01',1000.00,0.58,583.33,64.17,'2026-03-14 15:55:27'),(150,24,'2025-08-01',1000.00,0.42,416.67,45.83,'2026-03-14 15:55:27'),(151,24,'2025-11-01',1000.00,0.17,166.67,18.33,'2026-03-14 15:55:27'),(152,25,'2025-01-01',286445.00,1.00,286445.00,31508.95,'2026-03-14 15:55:27'),(153,25,'2025-02-01',6000.00,0.92,5500.00,605.00,'2026-03-14 15:55:27'),(154,25,'2025-03-01',2000.00,0.83,1666.67,183.33,'2026-03-14 15:55:27'),(155,25,'2025-04-01',4000.00,0.75,3000.00,330.00,'2026-03-14 15:55:27'),(156,25,'2025-05-01',2000.00,0.67,1333.33,146.67,'2026-03-14 15:55:27'),(157,25,'2025-06-01',5000.00,0.58,2916.67,320.83,'2026-03-14 15:55:27'),(158,25,'2025-07-01',1000.00,0.50,500.00,55.00,'2026-03-14 15:55:27'),(159,25,'2025-09-01',1000.00,0.33,333.33,36.67,'2026-03-14 15:55:27'),(160,25,'2025-10-01',1000.00,0.25,250.00,27.50,'2026-03-14 15:55:27'),(161,25,'2025-11-01',4500.00,0.17,750.00,82.50,'2026-03-14 15:55:27'),(162,26,'2025-01-01',1334.00,1.00,1334.00,146.74,'2026-03-14 15:55:27'),(163,27,'2025-01-01',24401.00,1.00,24401.00,2684.11,'2026-03-14 15:55:27'),(164,28,'2025-01-01',8412.00,1.00,8412.00,925.32,'2026-03-14 15:55:27'),(165,29,'2025-01-01',73042.00,1.00,73042.00,8034.62,'2026-03-14 15:55:27'),(166,29,'2025-02-01',1000.00,0.92,916.67,100.83,'2026-03-14 15:55:27'),(167,29,'2025-05-01',1000.00,0.67,666.67,73.33,'2026-03-14 15:55:27'),(168,29,'2025-06-01',4580.00,0.58,2671.67,293.88,'2026-03-14 15:55:27'),(169,29,'2025-08-01',1000.00,0.42,416.67,45.83,'2026-03-14 15:55:27'),(170,29,'2025-09-01',2000.00,0.33,666.67,73.33,'2026-03-14 15:55:27'),(171,29,'2025-10-01',1000.00,0.25,250.00,27.50,'2026-03-14 15:55:27'),(172,29,'2025-12-01',1000.00,0.08,83.33,9.17,'2026-03-14 15:55:27'),(173,30,'2025-01-01',77130.00,1.00,77130.00,8484.30,'2026-03-14 15:55:27'),(174,30,'2025-02-01',1000.00,0.92,916.67,100.83,'2026-03-14 15:55:27'),(175,30,'2025-03-01',1000.00,0.83,833.33,91.67,'2026-03-14 15:55:27'),(176,30,'2025-04-01',1000.00,0.75,750.00,82.50,'2026-03-14 15:55:27'),(177,30,'2025-05-01',1000.00,0.67,666.67,73.33,'2026-03-14 15:55:27'),(178,30,'2025-06-01',1000.00,0.58,583.33,64.17,'2026-03-14 15:55:27'),(179,30,'2025-07-01',1000.00,0.50,500.00,55.00,'2026-03-14 15:55:27'),(180,30,'2025-09-01',1000.00,0.33,333.33,36.67,'2026-03-14 15:55:27'),(181,30,'2025-11-01',1000.00,0.17,166.67,18.33,'2026-03-14 15:55:27'),(182,30,'2025-12-01',1000.00,0.08,83.33,9.17,'2026-03-14 15:55:27'),(183,31,'2025-01-01',74399.00,1.00,74399.00,8183.89,'2026-03-14 15:55:27'),(184,31,'2025-02-01',1000.00,0.92,916.67,100.83,'2026-03-14 15:55:27'),(185,31,'2025-05-01',2000.00,0.67,1333.33,146.67,'2026-03-14 15:55:27'),(186,31,'2025-06-01',1000.00,0.58,583.33,64.17,'2026-03-14 15:55:27'),(187,31,'2025-07-01',1000.00,0.50,500.00,55.00,'2026-03-14 15:55:27'),(188,31,'2025-08-01',2000.00,0.42,833.33,91.67,'2026-03-14 15:55:27'),(189,31,'2025-09-01',1000.00,0.33,333.33,36.67,'2026-03-14 15:55:27'),(190,31,'2025-10-01',1000.00,0.25,250.00,27.50,'2026-03-14 15:55:27'),(191,31,'2025-12-01',2000.00,0.08,166.67,18.33,'2026-03-14 15:55:27'),(192,32,'2025-01-01',197.00,1.00,197.00,21.67,'2026-03-14 15:55:27'),(193,33,'2025-01-01',40600.00,1.00,40600.00,4466.00,'2026-03-14 15:55:27'),(194,33,'2025-04-01',2850.00,0.75,2137.50,235.13,'2026-03-14 15:55:27'),(195,35,'2025-01-01',339105.00,1.00,339105.00,37301.55,'2026-03-14 15:55:27'),(196,35,'2025-02-01',5000.00,0.92,4583.33,504.17,'2026-03-14 15:55:27'),(197,35,'2025-03-01',5000.00,0.83,4166.67,458.33,'2026-03-14 15:55:27'),(198,35,'2025-05-01',5000.00,0.67,3333.33,366.67,'2026-03-14 15:55:27'),(199,35,'2025-06-01',5000.00,0.58,2916.67,320.83,'2026-03-14 15:55:27'),(200,35,'2025-07-01',3000.00,0.50,1500.00,165.00,'2026-03-14 15:55:27'),(201,35,'2025-08-01',1000.00,0.42,416.67,45.83,'2026-03-14 15:55:27'),(202,35,'2025-09-01',1000.00,0.33,333.33,36.67,'2026-03-14 15:55:27'),(203,35,'2025-10-01',3000.00,0.25,750.00,82.50,'2026-03-14 15:55:27'),(204,35,'2025-11-01',5000.00,0.17,833.33,91.67,'2026-03-14 15:55:27'),(205,35,'2025-12-01',4500.00,0.08,375.00,41.25,'2026-03-14 15:55:27'),(206,37,'2025-01-01',97416.00,1.00,97416.00,10715.76,'2026-03-14 15:55:27'),(207,37,'2025-02-01',1000.00,0.92,916.67,100.83,'2026-03-14 15:55:27'),(208,37,'2025-03-01',1000.00,0.83,833.33,91.67,'2026-03-14 15:55:27'),(209,37,'2025-04-01',1000.00,0.75,750.00,82.50,'2026-03-14 15:55:27'),(210,37,'2025-05-01',1000.00,0.67,666.67,73.33,'2026-03-14 15:55:27'),(211,37,'2025-06-01',3000.00,0.58,1750.00,192.50,'2026-03-14 15:55:27'),(212,37,'2025-07-01',1000.00,0.50,500.00,55.00,'2026-03-14 15:55:27'),(213,37,'2025-08-01',1000.00,0.42,416.67,45.83,'2026-03-14 15:55:27'),(214,37,'2025-09-01',2000.00,0.33,666.67,73.33,'2026-03-14 15:55:27'),(215,37,'2025-10-01',1000.00,0.25,250.00,27.50,'2026-03-14 15:55:27'),(216,37,'2025-11-01',1000.00,0.17,166.67,18.33,'2026-03-14 15:55:27'),(217,37,'2025-12-01',1000.00,0.08,83.33,9.17,'2026-03-14 15:55:27'),(218,38,'2025-01-01',65792.00,1.00,65792.00,7237.12,'2026-03-14 15:55:27'),(219,39,'2025-01-01',131652.00,1.00,131652.00,14481.72,'2026-03-14 15:55:27'),(220,39,'2025-02-01',2000.00,0.92,1833.33,201.67,'2026-03-14 15:55:27'),(221,39,'2025-04-01',4000.00,0.75,3000.00,330.00,'2026-03-14 15:55:27'),(222,39,'2025-05-01',2000.00,0.67,1333.33,146.67,'2026-03-14 15:55:27'),(223,39,'2025-06-01',2000.00,0.58,1166.67,128.33,'2026-03-14 15:55:27'),(224,39,'2025-07-01',2000.00,0.50,1000.00,110.00,'2026-03-14 15:55:27'),(225,39,'2025-08-01',2000.00,0.42,833.33,91.67,'2026-03-14 15:55:27'),(226,39,'2025-09-01',2000.00,0.33,666.67,73.33,'2026-03-14 15:55:27'),(227,39,'2025-10-01',2000.00,0.25,500.00,55.00,'2026-03-14 15:55:27'),(228,39,'2025-11-01',2104.00,0.17,350.67,38.57,'2026-03-14 15:55:27'),(229,39,'2025-12-01',2000.00,0.08,166.67,18.33,'2026-03-14 15:55:27'),(230,40,'2025-01-01',108879.00,1.00,108879.00,11976.69,'2026-03-14 15:55:27'),(231,40,'2025-03-01',3000.00,0.83,2500.00,275.00,'2026-03-14 15:55:27'),(232,40,'2025-04-01',3000.00,0.75,2250.00,247.50,'2026-03-14 15:55:27'),(233,40,'2025-05-01',5000.00,0.67,3333.33,366.67,'2026-03-14 15:55:27'),(234,40,'2025-07-01',3000.00,0.50,1500.00,165.00,'2026-03-14 15:55:27'),(235,40,'2025-08-01',6000.00,0.42,2500.00,275.00,'2026-03-14 15:55:27'),(236,40,'2025-09-01',3000.00,0.33,1000.00,110.00,'2026-03-14 15:55:27'),(237,40,'2025-11-01',6000.00,0.17,1000.00,110.00,'2026-03-14 15:55:27'),(238,40,'2025-12-01',6000.00,0.08,500.00,55.00,'2026-03-14 15:55:27'),(239,41,'2025-01-01',44888.00,1.00,44888.00,4937.68,'2026-03-14 15:55:27'),(240,41,'2025-02-01',1000.00,0.92,916.67,100.83,'2026-03-14 15:55:27'),(241,41,'2025-03-01',1000.00,0.83,833.33,91.67,'2026-03-14 15:55:27'),(242,41,'2025-04-01',1000.00,0.75,750.00,82.50,'2026-03-14 15:55:27'),(243,41,'2025-06-01',1000.00,0.58,583.33,64.17,'2026-03-14 15:55:27'),(244,41,'2025-07-01',1000.00,0.50,500.00,55.00,'2026-03-14 15:55:27'),(245,41,'2025-09-01',1000.00,0.33,333.33,36.67,'2026-03-14 15:55:27'),(246,41,'2025-10-01',1000.00,0.25,250.00,27.50,'2026-03-14 15:55:27'),(247,41,'2025-12-01',3000.00,0.08,250.00,27.50,'2026-03-14 15:55:27'),(248,42,'2025-01-01',87415.00,1.00,87415.00,9615.65,'2026-03-14 15:55:27'),(249,42,'2025-04-01',4000.00,0.75,3000.00,330.00,'2026-03-14 15:55:27'),(250,42,'2025-05-01',1000.00,0.67,666.67,73.33,'2026-03-14 15:55:27'),(251,42,'2025-09-01',4000.00,0.33,1333.33,146.67,'2026-03-14 15:55:27'),(252,42,'2025-10-01',1000.00,0.25,250.00,27.50,'2026-03-14 15:55:27'),(253,43,'2025-01-01',194997.00,1.00,194997.00,21449.67,'2026-03-14 15:55:27'),(254,44,'2025-01-01',218400.00,1.00,218400.00,24024.00,'2026-03-14 15:55:27'),(255,44,'2025-02-01',3000.00,0.92,2750.00,302.50,'2026-03-14 15:55:27'),(256,44,'2025-03-01',3000.00,0.83,2500.00,275.00,'2026-03-14 15:55:27'),(257,44,'2025-04-01',3000.00,0.75,2250.00,247.50,'2026-03-14 15:55:27'),(258,44,'2025-05-01',3000.00,0.67,2000.00,220.00,'2026-03-14 15:55:27'),(259,44,'2025-06-01',3000.00,0.58,1750.00,192.50,'2026-03-14 15:55:27'),(260,44,'2025-07-01',3000.00,0.50,1500.00,165.00,'2026-03-14 15:55:27'),(261,44,'2025-08-01',5000.00,0.42,2083.33,229.17,'2026-03-14 15:55:27'),(262,44,'2025-09-01',5000.00,0.33,1666.67,183.33,'2026-03-14 15:55:27'),(263,44,'2025-10-01',5000.00,0.25,1250.00,137.50,'2026-03-14 15:55:27'),(264,44,'2025-11-01',5000.00,0.17,833.33,91.67,'2026-03-14 15:55:27'),(265,44,'2025-12-01',5000.00,0.08,416.67,45.83,'2026-03-14 15:55:27'),(266,45,'2025-01-01',374058.00,1.00,374058.00,41146.38,'2026-03-14 15:55:27'),(267,45,'2025-02-01',5000.00,0.92,4583.33,504.17,'2026-03-14 15:55:27'),(268,45,'2025-03-01',5000.00,0.83,4166.67,458.33,'2026-03-14 15:55:27'),(269,45,'2025-04-01',5000.00,0.75,3750.00,412.50,'2026-03-14 15:55:27'),(270,45,'2025-05-01',5000.00,0.67,3333.33,366.67,'2026-03-14 15:55:27'),(271,45,'2025-06-01',5000.00,0.58,2916.67,320.83,'2026-03-14 15:55:27'),(272,45,'2025-07-01',5000.00,0.50,2500.00,275.00,'2026-03-14 15:55:27'),(273,45,'2025-08-01',5000.00,0.42,2083.33,229.17,'2026-03-14 15:55:27'),(274,45,'2025-09-01',5000.00,0.33,1666.67,183.33,'2026-03-14 15:55:27'),(275,45,'2025-10-01',5000.00,0.25,1250.00,137.50,'2026-03-14 15:55:27'),(276,45,'2025-11-01',5000.00,0.17,833.33,91.67,'2026-03-14 15:55:27'),(277,45,'2025-12-01',5000.00,0.08,416.67,45.83,'2026-03-14 15:55:27'),(278,46,'2025-01-01',89194.00,1.00,89194.00,9811.34,'2026-03-14 15:55:27'),(279,46,'2025-04-01',1000.00,0.75,750.00,82.50,'2026-03-14 15:55:27'),(280,46,'2025-10-01',1000.00,0.25,250.00,27.50,'2026-03-14 15:55:27'),(281,47,'2025-01-01',56289.00,1.00,56289.00,6191.79,'2026-03-14 15:55:27'),(282,47,'2025-02-01',1000.00,0.92,916.67,100.83,'2026-03-14 15:55:27'),(283,47,'2025-03-01',1000.00,0.83,833.33,91.67,'2026-03-14 15:55:27'),(284,47,'2025-04-01',1000.00,0.75,750.00,82.50,'2026-03-14 15:55:27'),(285,47,'2025-07-01',1000.00,0.50,500.00,55.00,'2026-03-14 15:55:27'),(286,47,'2025-08-01',1000.00,0.42,416.67,45.83,'2026-03-14 15:55:27'),(287,47,'2025-09-01',1000.00,0.33,333.33,36.67,'2026-03-14 15:55:27'),(288,47,'2025-10-01',1000.00,0.25,250.00,27.50,'2026-03-14 15:55:27'),(289,47,'2025-11-01',1000.00,0.17,166.67,18.33,'2026-03-14 15:55:27'),(290,47,'2025-12-01',1000.00,0.08,83.33,9.17,'2026-03-14 15:55:27'),(291,48,'2025-01-01',21861.00,1.00,21861.00,2404.71,'2026-03-14 15:55:27'),(292,50,'2025-01-01',47041.00,1.00,47041.00,5174.51,'2026-03-14 15:55:27'),(293,51,'2025-01-01',168966.00,1.00,168966.00,18586.26,'2026-03-14 15:55:27'),(294,51,'2025-02-01',2000.00,0.92,1833.33,201.67,'2026-03-14 15:55:27'),(295,51,'2025-03-01',2000.00,0.83,1666.67,183.33,'2026-03-14 15:55:27'),(296,51,'2025-04-01',2000.00,0.75,1500.00,165.00,'2026-03-14 15:55:27'),(297,51,'2025-05-01',3000.00,0.67,2000.00,220.00,'2026-03-14 15:55:27'),(298,51,'2025-06-01',3000.00,0.58,1750.00,192.50,'2026-03-14 15:55:27'),(299,51,'2025-07-01',3000.00,0.50,1500.00,165.00,'2026-03-14 15:55:27'),(300,51,'2025-08-01',3000.00,0.42,1250.00,137.50,'2026-03-14 15:55:27'),(301,51,'2025-09-01',3000.00,0.33,1000.00,110.00,'2026-03-14 15:55:27'),(302,51,'2025-10-01',3000.00,0.25,750.00,82.50,'2026-03-14 15:55:27'),(303,51,'2025-11-01',3000.00,0.17,500.00,55.00,'2026-03-14 15:55:27'),(304,51,'2025-12-01',3000.00,0.08,250.00,27.50,'2026-03-14 15:55:27'),(305,52,'2025-01-01',80474.00,1.00,80474.00,8852.14,'2026-03-14 15:55:27'),(306,52,'2025-02-01',2000.00,0.92,1833.33,201.67,'2026-03-14 15:55:27'),(307,52,'2025-03-01',2000.00,0.83,1666.67,183.33,'2026-03-14 15:55:27'),(308,52,'2025-04-01',2900.00,0.75,2175.00,239.25,'2026-03-14 15:55:27'),(309,52,'2025-05-01',2000.00,0.67,1333.33,146.67,'2026-03-14 15:55:27'),(310,52,'2025-06-01',2000.00,0.58,1166.67,128.33,'2026-03-14 15:55:27'),(311,52,'2025-07-01',2000.00,0.50,1000.00,110.00,'2026-03-14 15:55:27'),(312,52,'2025-08-01',2000.00,0.42,833.33,91.67,'2026-03-14 15:55:27'),(313,52,'2025-09-01',2000.00,0.33,666.67,73.33,'2026-03-14 15:55:27'),(314,52,'2025-10-01',2000.00,0.25,500.00,55.00,'2026-03-14 15:55:27'),(315,52,'2025-11-01',2000.00,0.17,333.33,36.67,'2026-03-14 15:55:27'),(316,52,'2025-12-01',2000.00,0.08,166.67,18.33,'2026-03-14 15:55:27'),(317,53,'2025-01-01',73843.00,1.00,73843.00,8122.73,'2026-03-14 15:55:27'),(318,53,'2025-02-01',1000.00,0.92,916.67,100.83,'2026-03-14 15:55:27'),(319,53,'2025-03-01',1000.00,0.83,833.33,91.67,'2026-03-14 15:55:27'),(320,53,'2025-04-01',1000.00,0.75,750.00,82.50,'2026-03-14 15:55:27'),(321,53,'2025-05-01',1000.00,0.67,666.67,73.33,'2026-03-14 15:55:27'),(322,53,'2025-06-01',1000.00,0.58,583.33,64.17,'2026-03-14 15:55:27'),(323,53,'2025-07-01',1000.00,0.50,500.00,55.00,'2026-03-14 15:55:27'),(324,53,'2025-08-01',1000.00,0.42,416.67,45.83,'2026-03-14 15:55:27'),(325,53,'2025-09-01',1000.00,0.33,333.33,36.67,'2026-03-14 15:55:27'),(326,53,'2025-10-01',1000.00,0.25,250.00,27.50,'2026-03-14 15:55:27'),(327,53,'2025-11-01',1000.00,0.17,166.67,18.33,'2026-03-14 15:55:27'),(328,53,'2025-12-01',1000.00,0.08,83.33,9.17,'2026-03-14 15:55:27'),(329,54,'2025-01-01',33124.00,1.00,33124.00,3643.64,'2026-03-14 15:55:27'),(330,54,'2025-07-01',1000.00,0.50,500.00,55.00,'2026-03-14 15:55:27'),(331,54,'2025-08-01',1000.00,0.42,416.67,45.83,'2026-03-14 15:55:27'),(332,54,'2025-09-01',1000.00,0.33,333.33,36.67,'2026-03-14 15:55:27'),(333,54,'2025-11-01',1000.00,0.17,166.67,18.33,'2026-03-14 15:55:27'),(334,55,'2025-01-01',75154.00,1.00,75154.00,8266.94,'2026-03-14 15:55:27'),(335,55,'2025-02-01',1000.00,0.92,916.67,100.83,'2026-03-14 15:55:27'),(336,55,'2025-03-01',1000.00,0.83,833.33,91.67,'2026-03-14 15:55:27'),(337,55,'2025-04-01',1000.00,0.75,750.00,82.50,'2026-03-14 15:55:27'),(338,55,'2025-05-01',1000.00,0.67,666.67,73.33,'2026-03-14 15:55:27'),(339,55,'2025-06-01',1000.00,0.58,583.33,64.17,'2026-03-14 15:55:27'),(340,55,'2025-07-01',1000.00,0.50,500.00,55.00,'2026-03-14 15:55:27'),(341,55,'2025-08-01',1000.00,0.42,416.67,45.83,'2026-03-14 15:55:27'),(342,55,'2025-11-01',2000.00,0.17,333.33,36.67,'2026-03-14 15:55:27'),(343,56,'2025-01-01',70125.00,1.00,70125.00,7713.75,'2026-03-14 15:55:27'),(344,56,'2025-04-01',1000.00,0.75,750.00,82.50,'2026-03-14 15:55:27'),(345,56,'2025-06-01',2552.00,0.58,1488.67,163.75,'2026-03-14 15:55:27'),(346,56,'2025-09-01',4000.00,0.33,1333.33,146.67,'2026-03-14 15:55:27'),(347,57,'2025-01-01',55376.00,1.00,55376.00,6091.36,'2026-03-14 15:55:27'),(348,57,'2025-02-01',1000.00,0.92,916.67,100.83,'2026-03-14 15:55:27'),(349,57,'2025-04-01',1000.00,0.75,750.00,82.50,'2026-03-14 15:55:27'),(350,57,'2025-05-01',1000.00,0.67,666.67,73.33,'2026-03-14 15:55:27'),(351,57,'2025-06-01',1000.00,0.58,583.33,64.17,'2026-03-14 15:55:27'),(352,57,'2025-07-01',1000.00,0.50,500.00,55.00,'2026-03-14 15:55:27'),(353,57,'2025-08-01',1000.00,0.42,416.67,45.83,'2026-03-14 15:55:27'),(354,57,'2025-09-01',1000.00,0.33,333.33,36.67,'2026-03-14 15:55:27'),(355,57,'2025-11-01',1000.00,0.17,166.67,18.33,'2026-03-14 15:55:27'),(356,57,'2025-12-01',1000.00,0.08,83.33,9.17,'2026-03-14 15:55:27'),(357,58,'2025-01-01',70576.00,1.00,70576.00,7763.36,'2026-03-14 15:55:27'),(358,58,'2025-02-01',1000.00,0.92,916.67,100.83,'2026-03-14 15:55:27'),(359,58,'2025-03-01',1000.00,0.83,833.33,91.67,'2026-03-14 15:55:27'),(360,58,'2025-04-01',1000.00,0.75,750.00,82.50,'2026-03-14 15:55:27'),(361,58,'2025-05-01',1000.00,0.67,666.67,73.33,'2026-03-14 15:55:27'),(362,58,'2025-06-01',1000.00,0.58,583.33,64.17,'2026-03-14 15:55:27'),(363,58,'2025-07-01',1000.00,0.50,500.00,55.00,'2026-03-14 15:55:27'),(364,58,'2025-08-01',1000.00,0.42,416.67,45.83,'2026-03-14 15:55:27'),(365,58,'2025-09-01',1000.00,0.33,333.33,36.67,'2026-03-14 15:55:27'),(366,58,'2025-10-01',1000.00,0.25,250.00,27.50,'2026-03-14 15:55:27'),(367,58,'2025-11-01',1000.00,0.17,166.67,18.33,'2026-03-14 15:55:27'),(368,58,'2025-12-01',1000.00,0.08,83.33,9.17,'2026-03-14 15:55:27'),(369,59,'2025-01-01',77576.00,1.00,77576.00,8533.36,'2026-03-14 15:55:27'),(370,59,'2025-02-01',1000.00,0.92,916.67,100.83,'2026-03-14 15:55:27'),(371,59,'2025-03-01',1000.00,0.83,833.33,91.67,'2026-03-14 15:55:27'),(372,59,'2025-04-01',1000.00,0.75,750.00,82.50,'2026-03-14 15:55:27'),(373,59,'2025-05-01',1000.00,0.67,666.67,73.33,'2026-03-14 15:55:27'),(374,59,'2025-06-01',1000.00,0.58,583.33,64.17,'2026-03-14 15:55:27'),(375,59,'2025-07-01',1000.00,0.50,500.00,55.00,'2026-03-14 15:55:27'),(376,59,'2025-08-01',1000.00,0.42,416.67,45.83,'2026-03-14 15:55:27'),(377,59,'2025-09-01',1000.00,0.33,333.33,36.67,'2026-03-14 15:55:27'),(378,59,'2025-10-01',1000.00,0.25,250.00,27.50,'2026-03-14 15:55:27'),(379,59,'2025-11-01',1000.00,0.17,166.67,18.33,'2026-03-14 15:55:27'),(380,59,'2025-12-01',1000.00,0.08,83.33,9.17,'2026-03-14 15:55:27'),(381,60,'2025-01-01',19943.00,1.00,19943.00,2193.73,'2026-03-14 15:55:27'),(382,61,'2025-01-01',58504.00,1.00,58504.00,6435.44,'2026-03-14 15:55:27'),(383,62,'2025-01-01',117067.00,1.00,117067.00,12877.37,'2026-03-14 15:55:27'),(384,62,'2025-02-01',1000.00,0.92,916.67,100.83,'2026-03-14 15:55:27'),(385,62,'2025-03-01',1000.00,0.83,833.33,91.67,'2026-03-14 15:55:27'),(386,62,'2025-04-01',1000.00,0.75,750.00,82.50,'2026-03-14 15:55:27'),(387,62,'2025-05-01',1000.00,0.67,666.67,73.33,'2026-03-14 15:55:27'),(388,62,'2025-06-01',1000.00,0.58,583.33,64.17,'2026-03-14 15:55:27'),(389,62,'2025-07-01',1000.00,0.50,500.00,55.00,'2026-03-14 15:55:27'),(390,62,'2025-08-01',1000.00,0.42,416.67,45.83,'2026-03-14 15:55:27'),(391,62,'2025-09-01',1000.00,0.33,333.33,36.67,'2026-03-14 15:55:27'),(392,62,'2025-10-01',1000.00,0.25,250.00,27.50,'2026-03-14 15:55:27'),(393,62,'2025-11-01',1000.00,0.17,166.67,18.33,'2026-03-14 15:55:27'),(394,62,'2025-12-01',1000.00,0.08,83.33,9.17,'2026-03-14 15:55:27'),(395,63,'2025-01-01',23108.00,1.00,23108.00,2541.88,'2026-03-14 15:55:27'),(396,64,'2025-01-01',26264.00,1.00,26264.00,2889.04,'2026-03-14 15:55:27'),(397,65,'2025-01-01',199470.00,1.00,199470.00,21941.70,'2026-03-14 15:55:27'),(398,66,'2025-01-01',45575.00,1.00,45575.00,5013.25,'2026-03-14 15:55:27'),(399,67,'2025-01-01',99927.00,1.00,99927.00,10991.97,'2026-03-14 15:55:27'),(400,68,'2025-01-01',29598.00,1.00,29598.00,3255.78,'2026-03-14 15:55:27'),(401,69,'2025-01-01',58106.00,1.00,58106.00,6391.66,'2026-03-14 15:55:27'),(402,69,'2025-08-01',1000.00,0.42,416.67,45.83,'2026-03-14 15:55:27'),(403,69,'2025-12-01',1000.00,0.08,83.33,9.17,'2026-03-14 15:55:27'),(404,70,'2025-01-01',7040.00,1.00,7040.00,774.40,'2026-03-14 15:55:27'),(405,71,'2025-01-01',10419.00,1.00,10419.00,1146.09,'2026-03-14 15:55:27'),(406,72,'2025-01-01',13129.00,1.00,13129.00,1444.19,'2026-03-14 15:55:27'),(407,73,'2025-01-01',4800.00,1.00,4800.00,528.00,'2026-03-14 15:55:27'),(408,74,'2025-01-01',124000.00,1.00,124000.00,13640.00,'2026-03-14 15:55:27'),(409,74,'2025-02-01',1000.00,0.92,916.67,100.83,'2026-03-14 15:55:27'),(410,74,'2025-03-01',1000.00,0.83,833.33,91.67,'2026-03-14 15:55:27'),(411,74,'2025-05-01',1400.00,0.67,933.33,102.67,'2026-03-14 15:55:27'),(412,74,'2025-07-01',3000.00,0.50,1500.00,165.00,'2026-03-14 15:55:27'),(413,74,'2025-08-01',1000.00,0.42,416.67,45.83,'2026-03-14 15:55:27'),(414,74,'2025-09-01',1000.00,0.33,333.33,36.67,'2026-03-14 15:55:27'),(415,74,'2025-10-01',1000.00,0.25,250.00,27.50,'2026-03-14 15:55:27'),(416,74,'2025-11-01',1000.00,0.17,166.67,18.33,'2026-03-14 15:55:27'),(417,74,'2025-12-01',1000.00,0.08,83.33,9.17,'2026-03-14 15:55:27'),(418,76,'2025-01-01',27400.00,1.00,27400.00,3014.00,'2026-03-14 15:55:27'),(419,76,'2025-02-01',1000.00,0.92,916.67,100.83,'2026-03-14 15:55:27'),(420,76,'2025-03-01',1000.00,0.83,833.33,91.67,'2026-03-14 15:55:27'),(421,76,'2025-05-01',1000.00,0.67,666.67,73.33,'2026-03-14 15:55:27'),(422,76,'2025-09-01',1000.00,0.33,333.33,36.67,'2026-03-14 15:55:27'),(423,77,'2025-01-01',2000.00,1.00,2000.00,220.00,'2026-03-14 15:55:27'),(424,78,'2025-01-01',1000.00,1.00,1000.00,110.00,'2026-03-14 15:55:27'),(425,79,'2025-01-01',9000.00,1.00,9000.00,990.00,'2026-03-14 15:55:27'),(426,80,'2025-01-01',1007000.00,1.00,1007000.00,110770.00,'2026-03-14 15:55:27'),(427,81,'2025-01-01',24000.00,1.00,24000.00,2640.00,'2026-03-14 15:55:27'),(428,81,'2025-02-01',1000.00,0.92,916.67,100.83,'2026-03-14 15:55:27'),(429,81,'2025-04-01',1000.00,0.75,750.00,82.50,'2026-03-14 15:55:27'),(430,82,'2025-01-01',19000.00,1.00,19000.00,2090.00,'2026-03-14 15:55:27'),(431,82,'2025-02-01',1000.00,0.92,916.67,100.83,'2026-03-14 15:55:27'),(432,82,'2025-03-01',1000.00,0.83,833.33,91.67,'2026-03-14 15:55:27'),(433,82,'2025-04-01',1000.00,0.75,750.00,82.50,'2026-03-14 15:55:27'),(434,82,'2025-05-01',1000.00,0.67,666.67,73.33,'2026-03-14 15:55:27'),(435,82,'2025-06-01',1000.00,0.58,583.33,64.17,'2026-03-14 15:55:27'),(436,82,'2025-07-01',1000.00,0.50,500.00,55.00,'2026-03-14 15:55:27'),(437,82,'2025-08-01',1000.00,0.42,416.67,45.83,'2026-03-14 15:55:27'),(438,82,'2025-09-01',2000.00,0.33,666.67,73.33,'2026-03-14 15:55:27'),(439,82,'2025-10-01',5000.00,0.25,1250.00,137.50,'2026-03-14 15:55:27'),(440,82,'2025-11-01',2000.00,0.17,333.33,36.67,'2026-03-14 15:55:27'),(441,82,'2025-12-01',2000.00,0.08,166.67,18.33,'2026-03-14 15:55:27'),(442,83,'2025-01-01',6000.00,1.00,6000.00,660.00,'2026-03-14 15:55:27'),(443,83,'2025-04-01',6000.00,0.75,4500.00,495.00,'2026-03-14 15:55:27'),(444,83,'2025-05-01',2000.00,0.67,1333.33,146.67,'2026-03-14 15:55:27'),(445,83,'2025-06-01',2000.00,0.58,1166.67,128.33,'2026-03-14 15:55:27'),(446,83,'2025-07-01',2000.00,0.50,1000.00,110.00,'2026-03-14 15:55:27'),(447,84,'2025-08-01',3000.00,0.42,1250.00,137.50,'2026-03-14 15:55:27'),(448,84,'2025-09-01',2000.00,0.33,666.67,73.33,'2026-03-14 15:55:27'),(449,84,'2025-10-01',1000.00,0.25,250.00,27.50,'2026-03-14 15:55:27'),(450,84,'2025-11-01',2000.00,0.17,333.33,36.67,'2026-03-14 15:55:27'),(451,84,'2025-12-01',1000.00,0.08,83.33,9.17,'2026-03-14 15:55:27');
/*!40000 ALTER TABLE `dividend_contributions` ENABLE KEYS */;
UNLOCK TABLES;

--
-- Table structure for table `dividend_payments`
--

DROP TABLE IF EXISTS `dividend_payments`;
/*!40101 SET @saved_cs_client     = @@character_set_client */;
/*!40101 SET character_set_client = utf8mb4 */;
CREATE TABLE `dividend_payments` (
  `id` int(11) NOT NULL AUTO_INCREMENT,
  `dividend_id` int(11) NOT NULL,
  `payment_date` date NOT NULL,
  `amount_paid` decimal(10,2) NOT NULL,
  `payment_method` enum('cash','bank','mpesa','cheque') NOT NULL,
  `reference_no` varchar(50) DEFAULT NULL,
  `bank_account` varchar(50) DEFAULT NULL,
  `cheque_number` varchar(50) DEFAULT NULL,
  `mpesa_code` varchar(50) DEFAULT NULL,
  `paid_by` int(11) DEFAULT NULL,
  `notes` text DEFAULT NULL,
  `created_at` timestamp NOT NULL DEFAULT current_timestamp(),
  PRIMARY KEY (`id`),
  KEY `dividend_id` (`dividend_id`),
  KEY `paid_by` (`paid_by`),
  CONSTRAINT `dividend_payments_ibfk_1` FOREIGN KEY (`dividend_id`) REFERENCES `dividends` (`id`),
  CONSTRAINT `dividend_payments_ibfk_2` FOREIGN KEY (`paid_by`) REFERENCES `users` (`id`)
) ENGINE=InnoDB DEFAULT CHARSET=utf8mb4 COLLATE=utf8mb4_general_ci;
/*!40101 SET character_set_client = @saved_cs_client */;

--
-- Dumping data for table `dividend_payments`
--

LOCK TABLES `dividend_payments` WRITE;
/*!40000 ALTER TABLE `dividend_payments` DISABLE KEYS */;
/*!40000 ALTER TABLE `dividend_payments` ENABLE KEYS */;
UNLOCK TABLES;

--
-- Table structure for table `dividends`
--

DROP TABLE IF EXISTS `dividends`;
/*!40101 SET @saved_cs_client     = @@character_set_client */;
/*!40101 SET character_set_client = utf8mb4 */;
CREATE TABLE `dividends` (
  `id` int(11) NOT NULL AUTO_INCREMENT,
  `member_id` int(11) NOT NULL,
  `financial_year` year(4) NOT NULL,
  `opening_balance` decimal(10,2) NOT NULL,
  `adjusted_opening` decimal(10,2) DEFAULT 0.00,
  `total_withdrawals` decimal(10,2) DEFAULT 0.00,
  `total_penalties` decimal(10,2) DEFAULT 0.00,
  `total_charges` decimal(10,2) DEFAULT 0.00,
  `total_deposits` decimal(10,2) NOT NULL,
  `interest_rate` decimal(5,2) NOT NULL,
  `gross_dividend` decimal(10,2) NOT NULL,
  `withholding_tax` decimal(10,2) NOT NULL,
  `net_dividend` decimal(10,2) NOT NULL,
  `status` enum('calculated','approved','paid') DEFAULT 'calculated',
  `payment_date` date DEFAULT NULL,
  `created_by` int(11) DEFAULT NULL,
  `created_at` timestamp NOT NULL DEFAULT current_timestamp(),
  `payment_method` varchar(20) DEFAULT NULL,
  `payment_reference` varchar(50) DEFAULT NULL,
  `paid_by` int(11) DEFAULT NULL,
  `approved_by` int(11) DEFAULT NULL,
  `approved_at` datetime DEFAULT NULL,
  `eligibility_months` int(11) DEFAULT 12 COMMENT 'Number of months member was active in the year',
  `calculation_method` varchar(50) DEFAULT 'pro-rata',
  `calculated_at` timestamp NULL DEFAULT NULL,
  `calculated_by` int(11) DEFAULT NULL,
  PRIMARY KEY (`id`),
  KEY `member_id` (`member_id`),
  KEY `created_by` (`created_by`),
  KEY `paid_by` (`paid_by`),
  KEY `approved_by` (`approved_by`),
  KEY `calculated_by` (`calculated_by`),
  CONSTRAINT `dividends_ibfk_1` FOREIGN KEY (`member_id`) REFERENCES `members` (`id`),
  CONSTRAINT `dividends_ibfk_2` FOREIGN KEY (`created_by`) REFERENCES `users` (`id`),
  CONSTRAINT `dividends_ibfk_3` FOREIGN KEY (`paid_by`) REFERENCES `users` (`id`),
  CONSTRAINT `dividends_ibfk_4` FOREIGN KEY (`approved_by`) REFERENCES `users` (`id`)
) ENGINE=InnoDB AUTO_INCREMENT=85 DEFAULT CHARSET=utf8mb4 COLLATE=utf8mb4_general_ci;
/*!40101 SET character_set_client = @saved_cs_client */;

--
-- Dumping data for table `dividends`
--

LOCK TABLES `dividends` WRITE;
/*!40000 ALTER TABLE `dividends` DISABLE KEYS */;
INSERT INTO `dividends` VALUES (1,1,2025,0.00,0.00,0.00,0.00,0.00,159115.00,11.00,4425.36,221.27,4204.09,'calculated',NULL,NULL,'2026-03-14 15:55:27',NULL,NULL,NULL,NULL,NULL,12,'1','2026-03-14 15:55:27',0),(2,2,2025,0.00,0.00,0.00,0.00,0.00,171459.00,11.00,2860.73,143.04,2717.69,'calculated',NULL,NULL,'2026-03-14 15:55:27',NULL,NULL,NULL,NULL,NULL,12,'1','2026-03-14 15:55:27',0),(3,3,2025,0.00,0.00,0.00,0.00,0.00,180406.00,11.00,2959.95,148.00,2811.95,'calculated',NULL,NULL,'2026-03-14 15:55:27',NULL,NULL,NULL,NULL,NULL,12,'1','2026-03-14 15:55:27',0),(4,4,2025,0.00,0.00,0.00,0.00,0.00,50146.00,11.00,3265.64,163.28,3102.35,'calculated',NULL,NULL,'2026-03-14 15:55:27',NULL,NULL,NULL,NULL,NULL,12,'1','2026-03-14 15:55:27',0),(5,5,2025,0.00,0.00,0.00,0.00,0.00,76040.00,11.00,1879.86,93.99,1785.86,'calculated',NULL,NULL,'2026-03-14 15:55:27',NULL,NULL,NULL,NULL,NULL,12,'1','2026-03-14 15:55:27',0),(6,6,2025,0.00,0.00,0.00,0.00,0.00,302197.00,11.00,6187.72,309.39,5878.33,'calculated',NULL,NULL,'2026-03-14 15:55:27',NULL,NULL,NULL,NULL,NULL,12,'1','2026-03-14 15:55:27',0),(7,7,2025,0.00,0.00,0.00,0.00,0.00,0.00,11.00,0.00,0.00,0.00,'calculated',NULL,NULL,'2026-03-14 15:55:27',NULL,NULL,NULL,NULL,NULL,12,'1','2026-03-14 15:55:27',0),(8,8,2025,0.00,0.00,0.00,0.00,0.00,75566.00,11.00,1368.19,68.41,1299.78,'calculated',NULL,NULL,'2026-03-14 15:55:27',NULL,NULL,NULL,NULL,NULL,12,'1','2026-03-14 15:55:27',0),(9,9,2025,0.00,0.00,0.00,0.00,0.00,151457.00,11.00,2469.63,123.48,2346.15,'calculated',NULL,NULL,'2026-03-14 15:55:27',NULL,NULL,NULL,NULL,NULL,12,'1','2026-03-14 15:55:27',0),(10,10,2025,0.00,0.00,0.00,0.00,0.00,13263.00,11.00,417.86,20.89,396.97,'calculated',NULL,NULL,'2026-03-14 15:55:27',NULL,NULL,NULL,NULL,NULL,12,'1','2026-03-14 15:55:27',0),(11,11,2025,0.00,0.00,0.00,0.00,0.00,37698.00,11.00,590.50,29.52,560.97,'calculated',NULL,NULL,'2026-03-14 15:55:27',NULL,NULL,NULL,NULL,NULL,12,'1','2026-03-14 15:55:27',0),(12,12,2025,0.00,0.00,0.00,0.00,0.00,1193.00,11.00,131.23,6.56,124.67,'calculated',NULL,NULL,'2026-03-14 15:55:27',NULL,NULL,NULL,NULL,NULL,12,'1','2026-03-14 15:55:27',0),(13,13,2025,0.00,0.00,0.00,0.00,0.00,0.00,11.00,0.00,0.00,0.00,'calculated',NULL,NULL,'2026-03-14 15:55:27',NULL,NULL,NULL,NULL,NULL,12,'1','2026-03-14 15:55:27',0),(14,14,2025,0.00,0.00,0.00,0.00,0.00,24879.00,11.00,2736.69,136.83,2599.86,'calculated',NULL,NULL,'2026-03-14 15:55:27',NULL,NULL,NULL,NULL,NULL,12,'1','2026-03-14 15:55:27',0),(15,15,2025,0.00,0.00,0.00,0.00,0.00,4188.00,11.00,460.68,23.03,437.65,'calculated',NULL,NULL,'2026-03-14 15:55:27',NULL,NULL,NULL,NULL,NULL,12,'1','2026-03-14 15:55:27',0),(16,16,2025,0.00,0.00,0.00,0.00,0.00,102272.00,11.00,1701.72,85.09,1616.63,'calculated',NULL,NULL,'2026-03-14 15:55:27',NULL,NULL,NULL,NULL,NULL,12,'1','2026-03-14 15:55:27',0),(17,17,2025,0.00,0.00,0.00,0.00,0.00,94222.00,11.00,3790.41,189.52,3600.89,'calculated',NULL,NULL,'2026-03-14 15:55:27',NULL,NULL,NULL,NULL,NULL,12,'1','2026-03-14 15:55:27',0),(18,18,2025,0.00,0.00,0.00,0.00,0.00,125502.00,11.00,2288.04,114.40,2173.64,'calculated',NULL,NULL,'2026-03-14 15:55:27',NULL,NULL,NULL,NULL,NULL,12,'1','2026-03-14 15:55:27',0),(19,19,2025,0.00,0.00,0.00,0.00,0.00,7000.00,11.00,376.32,18.82,357.50,'calculated',NULL,NULL,'2026-03-14 15:55:27',NULL,NULL,NULL,NULL,NULL,12,'1','2026-03-14 15:55:27',0),(20,20,2025,0.00,0.00,0.00,0.00,0.00,148497.00,11.00,2388.52,119.43,2269.09,'calculated',NULL,NULL,'2026-03-14 15:55:27',NULL,NULL,NULL,NULL,NULL,12,'1','2026-03-14 15:55:27',0),(21,21,2025,0.00,0.00,0.00,0.00,0.00,98963.00,11.00,3100.27,155.01,2945.26,'calculated',NULL,NULL,'2026-03-14 15:55:27',NULL,NULL,NULL,NULL,NULL,12,'1','2026-03-14 15:55:27',0),(22,22,2025,0.00,0.00,0.00,0.00,0.00,1000.00,11.00,110.00,5.50,104.50,'calculated',NULL,NULL,'2026-03-14 15:55:27',NULL,NULL,NULL,NULL,NULL,12,'1','2026-03-14 15:55:27',0),(23,23,2025,0.00,0.00,0.00,0.00,0.00,83508.00,11.00,1320.14,66.01,1254.13,'calculated',NULL,NULL,'2026-03-14 15:55:27',NULL,NULL,NULL,NULL,NULL,12,'1','2026-03-14 15:55:27',0),(24,24,2025,0.00,0.00,0.00,0.00,0.00,88215.00,11.00,2521.64,126.08,2395.56,'calculated',NULL,NULL,'2026-03-14 15:55:27',NULL,NULL,NULL,NULL,NULL,12,'1','2026-03-14 15:55:27',0),(25,25,2025,0.00,0.00,0.00,0.00,0.00,312945.00,11.00,5549.41,277.47,5271.94,'calculated',NULL,NULL,'2026-03-14 15:55:27',NULL,NULL,NULL,NULL,NULL,12,'1','2026-03-14 15:55:27',0),(26,26,2025,0.00,0.00,0.00,0.00,0.00,1334.00,11.00,146.74,7.34,139.40,'calculated',NULL,NULL,'2026-03-14 15:55:27',NULL,NULL,NULL,NULL,NULL,12,'1','2026-03-14 15:55:27',0),(27,27,2025,0.00,0.00,0.00,0.00,0.00,24401.00,11.00,2684.11,134.21,2549.90,'calculated',NULL,NULL,'2026-03-14 15:55:27',NULL,NULL,NULL,NULL,NULL,12,'1','2026-03-14 15:55:27',0),(28,28,2025,0.00,0.00,0.00,0.00,0.00,8412.00,11.00,925.32,46.27,879.05,'calculated',NULL,NULL,'2026-03-14 15:55:27',NULL,NULL,NULL,NULL,NULL,12,'1','2026-03-14 15:55:27',0),(29,29,2025,0.00,0.00,0.00,0.00,0.00,84622.00,11.00,2037.29,101.86,1935.43,'calculated',NULL,NULL,'2026-03-14 15:55:27',NULL,NULL,NULL,NULL,NULL,12,'1','2026-03-14 15:55:27',0),(30,30,2025,0.00,0.00,0.00,0.00,0.00,86130.00,11.00,1545.59,77.28,1468.31,'calculated',NULL,NULL,'2026-03-14 15:55:27',NULL,NULL,NULL,NULL,NULL,12,'1','2026-03-14 15:55:27',0),(31,31,2025,0.00,0.00,0.00,0.00,0.00,85399.00,11.00,1836.78,91.84,1744.94,'calculated',NULL,NULL,'2026-03-14 15:55:27',NULL,NULL,NULL,NULL,NULL,12,'1','2026-03-14 15:55:27',0),(32,32,2025,0.00,0.00,0.00,0.00,0.00,197.00,11.00,21.67,1.08,20.59,'calculated',NULL,NULL,'2026-03-14 15:55:27',NULL,NULL,NULL,NULL,NULL,12,'1','2026-03-14 15:55:27',0),(33,33,2025,0.00,0.00,0.00,0.00,0.00,43450.00,11.00,2686.36,134.32,2552.04,'calculated',NULL,NULL,'2026-03-14 15:55:27',NULL,NULL,NULL,NULL,NULL,12,'1','2026-03-14 15:55:27',0),(34,34,2025,0.00,0.00,0.00,0.00,0.00,0.00,11.00,0.00,0.00,0.00,'calculated',NULL,NULL,'2026-03-14 15:55:27',NULL,NULL,NULL,NULL,NULL,12,'1','2026-03-14 15:55:27',0),(35,35,2025,0.00,0.00,0.00,0.00,0.00,376605.00,11.00,6854.69,342.73,6511.96,'calculated',NULL,NULL,'2026-03-14 15:55:27',NULL,NULL,NULL,NULL,NULL,12,'1','2026-03-14 15:55:27',0),(36,36,2025,0.00,0.00,0.00,0.00,0.00,0.00,11.00,0.00,0.00,0.00,'calculated',NULL,NULL,'2026-03-14 15:55:27',NULL,NULL,NULL,NULL,NULL,12,'1','2026-03-14 15:55:27',0),(37,37,2025,0.00,0.00,0.00,0.00,0.00,111416.00,11.00,1767.04,88.35,1678.69,'calculated',NULL,NULL,'2026-03-14 15:55:27',NULL,NULL,NULL,NULL,NULL,12,'1','2026-03-14 15:55:27',0),(38,38,2025,0.00,0.00,0.00,0.00,0.00,65792.00,11.00,7237.12,361.86,6875.26,'calculated',NULL,NULL,'2026-03-14 15:55:27',NULL,NULL,NULL,NULL,NULL,12,'1','2026-03-14 15:55:27',0),(39,39,2025,0.00,0.00,0.00,0.00,0.00,153756.00,11.00,2766.23,138.31,2627.92,'calculated',NULL,NULL,'2026-03-14 15:55:27',NULL,NULL,NULL,NULL,NULL,12,'1','2026-03-14 15:55:27',0),(40,40,2025,0.00,0.00,0.00,0.00,0.00,143879.00,11.00,2859.13,142.96,2716.17,'calculated',NULL,NULL,'2026-03-14 15:55:27',NULL,NULL,NULL,NULL,NULL,12,'1','2026-03-14 15:55:27',0),(41,41,2025,0.00,0.00,0.00,0.00,0.00,54888.00,11.00,1033.05,51.65,981.40,'calculated',NULL,NULL,'2026-03-14 15:55:27',NULL,NULL,NULL,NULL,NULL,12,'1','2026-03-14 15:55:27',0),(42,42,2025,0.00,0.00,0.00,0.00,0.00,97415.00,11.00,3397.72,169.89,3227.83,'calculated',NULL,NULL,'2026-03-14 15:55:27',NULL,NULL,NULL,NULL,NULL,12,'1','2026-03-14 15:55:27',0),(43,43,2025,0.00,0.00,0.00,0.00,0.00,194997.00,11.00,21449.67,1072.48,20377.19,'calculated',NULL,NULL,'2026-03-14 15:55:27',NULL,NULL,NULL,NULL,NULL,12,'1','2026-03-14 15:55:27',0),(44,44,2025,0.00,0.00,0.00,0.00,0.00,261400.00,11.00,4017.54,200.88,3816.66,'calculated',NULL,NULL,'2026-03-14 15:55:27',NULL,NULL,NULL,NULL,NULL,12,'1','2026-03-14 15:55:27',0),(45,45,2025,0.00,0.00,0.00,0.00,0.00,429058.00,11.00,6795.60,339.78,6455.82,'calculated',NULL,NULL,'2026-03-14 15:55:27',NULL,NULL,NULL,NULL,NULL,12,'1','2026-03-14 15:55:27',0),(46,46,2025,0.00,0.00,0.00,0.00,0.00,91194.00,11.00,4960.67,248.03,4712.64,'calculated',NULL,NULL,'2026-03-14 15:55:27',NULL,NULL,NULL,NULL,NULL,12,'1','2026-03-14 15:55:27',0),(47,47,2025,0.00,0.00,0.00,0.00,0.00,65289.00,11.00,1268.44,63.42,1205.01,'calculated',NULL,NULL,'2026-03-14 15:55:27',NULL,NULL,NULL,NULL,NULL,12,'1','2026-03-14 15:55:27',0),(48,48,2025,0.00,0.00,0.00,0.00,0.00,21861.00,11.00,2404.71,120.24,2284.47,'calculated',NULL,NULL,'2026-03-14 15:55:27',NULL,NULL,NULL,NULL,NULL,12,'1','2026-03-14 15:55:27',0),(49,49,2025,0.00,0.00,0.00,0.00,0.00,0.00,11.00,0.00,0.00,0.00,'calculated',NULL,NULL,'2026-03-14 15:55:27',NULL,NULL,NULL,NULL,NULL,12,'1','2026-03-14 15:55:27',0),(50,50,2025,0.00,0.00,0.00,0.00,0.00,47041.00,11.00,5174.51,258.73,4915.78,'calculated',NULL,NULL,'2026-03-14 15:55:27',NULL,NULL,NULL,NULL,NULL,12,'1','2026-03-14 15:55:27',0),(51,51,2025,0.00,0.00,0.00,0.00,0.00,198966.00,11.00,3096.35,154.82,2941.53,'calculated',NULL,NULL,'2026-03-14 15:55:27',NULL,NULL,NULL,NULL,NULL,12,'1','2026-03-14 15:55:27',0),(52,52,2025,0.00,0.00,0.00,0.00,0.00,103374.00,11.00,1559.44,77.97,1481.47,'calculated',NULL,NULL,'2026-03-14 15:55:27',NULL,NULL,NULL,NULL,NULL,12,'1','2026-03-14 15:55:27',0),(53,53,2025,0.00,0.00,0.00,0.00,0.00,84843.00,11.00,1342.73,67.14,1275.59,'calculated',NULL,NULL,'2026-03-14 15:55:27',NULL,NULL,NULL,NULL,NULL,12,'1','2026-03-14 15:55:27',0),(54,54,2025,0.00,0.00,0.00,0.00,0.00,37124.00,11.00,1572.20,78.61,1493.59,'calculated',NULL,NULL,'2026-03-14 15:55:27',NULL,NULL,NULL,NULL,NULL,12,'1','2026-03-14 15:55:27',0),(55,55,2025,0.00,0.00,0.00,0.00,0.00,84154.00,11.00,1511.48,75.57,1435.90,'calculated',NULL,NULL,'2026-03-14 15:55:27',NULL,NULL,NULL,NULL,NULL,12,'1','2026-03-14 15:55:27',0),(56,56,2025,0.00,0.00,0.00,0.00,0.00,77677.00,11.00,3040.00,152.00,2888.00,'calculated',NULL,NULL,'2026-03-14 15:55:27',NULL,NULL,NULL,NULL,NULL,12,'1','2026-03-14 15:55:27',0),(57,57,2025,0.00,0.00,0.00,0.00,0.00,64376.00,11.00,1214.25,60.71,1153.54,'calculated',NULL,NULL,'2026-03-14 15:55:27',NULL,NULL,NULL,NULL,NULL,12,'1','2026-03-14 15:55:27',0),(58,58,2025,0.00,0.00,0.00,0.00,0.00,81576.00,11.00,1287.44,64.37,1223.07,'calculated',NULL,NULL,'2026-03-14 15:55:27',NULL,NULL,NULL,NULL,NULL,12,'1','2026-03-14 15:55:27',0),(59,59,2025,0.00,0.00,0.00,0.00,0.00,88576.00,11.00,1405.90,70.30,1335.61,'calculated',NULL,NULL,'2026-03-14 15:55:27',NULL,NULL,NULL,NULL,NULL,12,'1','2026-03-14 15:55:27',0),(60,60,2025,0.00,0.00,0.00,0.00,0.00,19943.00,11.00,2193.73,109.69,2084.04,'calculated',NULL,NULL,'2026-03-14 15:55:27',NULL,NULL,NULL,NULL,NULL,12,'1','2026-03-14 15:55:27',0),(61,61,2025,0.00,0.00,0.00,0.00,0.00,58504.00,11.00,6435.44,321.77,6113.67,'calculated',NULL,NULL,'2026-03-14 15:55:27',NULL,NULL,NULL,NULL,NULL,12,'1','2026-03-14 15:55:27',0),(62,62,2025,0.00,0.00,0.00,0.00,0.00,128067.00,11.00,2074.21,103.71,1970.50,'calculated',NULL,NULL,'2026-03-14 15:55:27',NULL,NULL,NULL,NULL,NULL,12,'1','2026-03-14 15:55:27',0),(63,63,2025,0.00,0.00,0.00,0.00,0.00,23108.00,11.00,2541.88,127.09,2414.79,'calculated',NULL,NULL,'2026-03-14 15:55:27',NULL,NULL,NULL,NULL,NULL,12,'1','2026-03-14 15:55:27',0),(64,64,2025,0.00,0.00,0.00,0.00,0.00,26264.00,11.00,2889.04,144.45,2744.59,'calculated',NULL,NULL,'2026-03-14 15:55:27',NULL,NULL,NULL,NULL,NULL,12,'1','2026-03-14 15:55:27',0),(65,65,2025,0.00,0.00,0.00,0.00,0.00,199470.00,11.00,21941.70,1097.09,20844.62,'calculated',NULL,NULL,'2026-03-14 15:55:27',NULL,NULL,NULL,NULL,NULL,12,'1','2026-03-14 15:55:27',0),(66,66,2025,0.00,0.00,0.00,0.00,0.00,45575.00,11.00,5013.25,250.66,4762.59,'calculated',NULL,NULL,'2026-03-14 15:55:27',NULL,NULL,NULL,NULL,NULL,12,'1','2026-03-14 15:55:27',0),(67,67,2025,0.00,0.00,0.00,0.00,0.00,99927.00,11.00,10991.97,549.60,10442.37,'calculated',NULL,NULL,'2026-03-14 15:55:27',NULL,NULL,NULL,NULL,NULL,12,'1','2026-03-14 15:55:27',0),(68,68,2025,0.00,0.00,0.00,0.00,0.00,29598.00,11.00,3255.78,162.79,3092.99,'calculated',NULL,NULL,'2026-03-14 15:55:27',NULL,NULL,NULL,NULL,NULL,12,'1','2026-03-14 15:55:27',0),(69,69,2025,0.00,0.00,0.00,0.00,0.00,60106.00,11.00,4297.77,214.89,4082.88,'calculated',NULL,NULL,'2026-03-14 15:55:27',NULL,NULL,NULL,NULL,NULL,12,'1','2026-03-14 15:55:27',0),(70,70,2025,0.00,0.00,0.00,0.00,0.00,7040.00,11.00,774.40,38.72,735.68,'calculated',NULL,NULL,'2026-03-14 15:55:27',NULL,NULL,NULL,NULL,NULL,12,'1','2026-03-14 15:55:27',0),(71,71,2025,0.00,0.00,0.00,0.00,0.00,10419.00,11.00,1146.09,57.30,1088.79,'calculated',NULL,NULL,'2026-03-14 15:55:27',NULL,NULL,NULL,NULL,NULL,12,'1','2026-03-14 15:55:27',0),(72,72,2025,0.00,0.00,0.00,0.00,0.00,13129.00,11.00,1444.19,72.21,1371.98,'calculated',NULL,NULL,'2026-03-14 15:55:27',NULL,NULL,NULL,NULL,NULL,12,'1','2026-03-14 15:55:27',0),(73,73,2025,0.00,0.00,0.00,0.00,0.00,4800.00,11.00,528.00,26.40,501.60,'calculated',NULL,NULL,'2026-03-14 15:55:27',NULL,NULL,NULL,NULL,NULL,12,'1','2026-03-14 15:55:27',0),(74,74,2025,0.00,0.00,0.00,0.00,0.00,135400.00,11.00,2755.68,137.78,2617.89,'calculated',NULL,NULL,'2026-03-14 15:55:27',NULL,NULL,NULL,NULL,NULL,12,'1','2026-03-14 15:55:27',0),(75,75,2025,0.00,0.00,0.00,0.00,0.00,0.00,11.00,0.00,0.00,0.00,'calculated',NULL,NULL,'2026-03-14 15:55:27',NULL,NULL,NULL,NULL,NULL,12,'1','2026-03-14 15:55:27',0),(76,76,2025,0.00,0.00,0.00,0.00,0.00,31400.00,11.00,884.40,44.22,840.18,'calculated',NULL,NULL,'2026-03-14 15:55:27',NULL,NULL,NULL,NULL,NULL,12,'1','2026-03-14 15:55:27',0),(77,77,2025,0.00,0.00,0.00,0.00,0.00,2000.00,11.00,220.00,11.00,209.00,'calculated',NULL,NULL,'2026-03-14 15:55:27',NULL,NULL,NULL,NULL,NULL,12,'1','2026-03-14 15:55:27',0),(78,78,2025,0.00,0.00,0.00,0.00,0.00,1000.00,11.00,110.00,5.50,104.50,'calculated',NULL,NULL,'2026-03-14 15:55:27',NULL,NULL,NULL,NULL,NULL,12,'1','2026-03-14 15:55:27',0),(79,79,2025,0.00,0.00,0.00,0.00,0.00,9000.00,11.00,990.00,49.50,940.50,'calculated',NULL,NULL,'2026-03-14 15:55:27',NULL,NULL,NULL,NULL,NULL,12,'1','2026-03-14 15:55:27',0),(80,80,2025,0.00,0.00,0.00,0.00,0.00,1007000.00,11.00,110770.00,5538.50,105231.50,'calculated',NULL,NULL,'2026-03-14 15:55:27',NULL,NULL,NULL,NULL,NULL,12,'1','2026-03-14 15:55:27',0),(81,81,2025,0.00,0.00,0.00,0.00,0.00,26000.00,11.00,1058.75,52.94,1005.81,'calculated',NULL,NULL,'2026-03-14 15:55:27',NULL,NULL,NULL,NULL,NULL,12,'1','2026-03-14 15:55:27',0),(82,82,2025,0.00,0.00,0.00,0.00,0.00,37000.00,11.00,441.41,22.07,419.34,'calculated',NULL,NULL,'2026-03-14 15:55:27',NULL,NULL,NULL,NULL,NULL,12,'1','2026-03-14 15:55:27',0),(83,83,2025,0.00,0.00,0.00,0.00,0.00,18000.00,11.00,440.00,22.00,418.00,'calculated',NULL,NULL,'2026-03-14 15:55:27',NULL,NULL,NULL,NULL,NULL,12,'1','2026-03-14 15:55:27',0),(84,84,2025,0.00,0.00,0.00,0.00,0.00,9000.00,11.00,227.33,11.37,215.97,'calculated',NULL,NULL,'2026-03-14 15:55:27',NULL,NULL,NULL,NULL,NULL,12,'1','2026-03-14 15:55:27',0);
/*!40000 ALTER TABLE `dividends` ENABLE KEYS */;
UNLOCK TABLES;

--
-- Table structure for table `expense_categories`
--

DROP TABLE IF EXISTS `expense_categories`;
/*!40101 SET @saved_cs_client     = @@character_set_client */;
/*!40101 SET character_set_client = utf8mb4 */;
CREATE TABLE `expense_categories` (
  `id` int(11) NOT NULL AUTO_INCREMENT,
  `category_name` varchar(100) NOT NULL,
  `category_code` varchar(20) NOT NULL,
  `account_id` int(11) DEFAULT NULL,
  `description` text DEFAULT NULL,
  `status` tinyint(1) DEFAULT 1,
  `created_at` timestamp NOT NULL DEFAULT current_timestamp(),
  PRIMARY KEY (`id`),
  UNIQUE KEY `category_code` (`category_code`),
  KEY `account_id` (`account_id`),
  CONSTRAINT `expense_categories_ibfk_1` FOREIGN KEY (`account_id`) REFERENCES `chart_of_accounts` (`id`)
) ENGINE=InnoDB AUTO_INCREMENT=14 DEFAULT CHARSET=utf8mb4 COLLATE=utf8mb4_general_ci;
/*!40101 SET character_set_client = @saved_cs_client */;

--
-- Dumping data for table `expense_categories`
--

LOCK TABLES `expense_categories` WRITE;
/*!40000 ALTER TABLE `expense_categories` DISABLE KEYS */;
INSERT INTO `expense_categories` VALUES (1,'Salaries','SAL',29,NULL,1,'2026-03-13 01:03:27'),(2,'Rent','RNT',30,NULL,1,'2026-03-13 01:03:27'),(3,'Utilities','UTL',31,NULL,1,'2026-03-13 01:03:27'),(4,'Office Supplies','OFF',32,NULL,1,'2026-03-13 01:03:27'),(5,'Communication','COM',33,NULL,1,'2026-03-13 01:03:27'),(6,'Travel','TRV',34,NULL,1,'2026-03-13 01:03:27'),(7,'Training','TRN',35,NULL,1,'2026-03-13 01:03:27'),(8,'Marketing','MKT',36,NULL,1,'2026-03-13 01:03:27'),(9,'Professional Fees','PRO',37,NULL,1,'2026-03-13 01:03:27'),(10,'Bank Charges','BNK',38,NULL,1,'2026-03-13 01:03:27'),(11,'Depreciation','DEP',39,NULL,1,'2026-03-13 01:03:27'),(12,'Maintenance','MNT',40,NULL,1,'2026-03-13 01:03:27'),(13,'Insurance','INS',41,NULL,1,'2026-03-13 01:03:27');
/*!40000 ALTER TABLE `expense_categories` ENABLE KEYS */;
UNLOCK TABLES;

--
-- Table structure for table `expenses`
--

DROP TABLE IF EXISTS `expenses`;
/*!40101 SET @saved_cs_client     = @@character_set_client */;
/*!40101 SET character_set_client = utf8mb4 */;
CREATE TABLE `expenses` (
  `id` int(11) NOT NULL AUTO_INCREMENT,
  `expense_date` date NOT NULL,
  `expense_type` enum('operational','administrative','salary','rent','utilities','maintenance','travel','training','marketing','legal','consultancy','other') NOT NULL,
  `amount` decimal(10,2) NOT NULL,
  `payment_method` enum('cash','bank','mpesa','cheque','credit_card') NOT NULL,
  `reference_no` varchar(50) DEFAULT NULL,
  `description` text NOT NULL,
  `paid_to` varchar(100) NOT NULL,
  `category_id` int(11) DEFAULT NULL,
  `notes` text DEFAULT NULL,
  `receipt_path` varchar(255) DEFAULT NULL,
  `created_by` int(11) DEFAULT NULL,
  `created_at` timestamp NOT NULL DEFAULT current_timestamp(),
  `updated_at` timestamp NULL DEFAULT NULL ON UPDATE current_timestamp(),
  PRIMARY KEY (`id`),
  KEY `category_id` (`category_id`),
  KEY `created_by` (`created_by`),
  CONSTRAINT `expenses_ibfk_1` FOREIGN KEY (`category_id`) REFERENCES `expense_categories` (`id`),
  CONSTRAINT `expenses_ibfk_2` FOREIGN KEY (`created_by`) REFERENCES `users` (`id`)
) ENGINE=InnoDB DEFAULT CHARSET=utf8mb4 COLLATE=utf8mb4_general_ci;
/*!40101 SET character_set_client = @saved_cs_client */;

--
-- Dumping data for table `expenses`
--

LOCK TABLES `expenses` WRITE;
/*!40000 ALTER TABLE `expenses` DISABLE KEYS */;
/*!40000 ALTER TABLE `expenses` ENABLE KEYS */;
UNLOCK TABLES;

--
-- Table structure for table `financial_ratios`
--

DROP TABLE IF EXISTS `financial_ratios`;
/*!40101 SET @saved_cs_client     = @@character_set_client */;
/*!40101 SET character_set_client = utf8mb4 */;
CREATE TABLE `financial_ratios` (
  `id` int(11) NOT NULL AUTO_INCREMENT,
  `ratio_date` date NOT NULL,
  `ratio_type` enum('liquidity','solvency','profitability','efficiency') NOT NULL,
  `ratio_name` varchar(100) NOT NULL,
  `value` decimal(10,4) NOT NULL,
  `benchmark` decimal(10,4) DEFAULT NULL,
  `interpretation` text DEFAULT NULL,
  `created_at` timestamp NOT NULL DEFAULT current_timestamp(),
  PRIMARY KEY (`id`)
) ENGINE=InnoDB DEFAULT CHARSET=utf8mb4 COLLATE=utf8mb4_general_ci;
/*!40101 SET character_set_client = @saved_cs_client */;

--
-- Dumping data for table `financial_ratios`
--

LOCK TABLES `financial_ratios` WRITE;
/*!40000 ALTER TABLE `financial_ratios` DISABLE KEYS */;
/*!40000 ALTER TABLE `financial_ratios` ENABLE KEYS */;
UNLOCK TABLES;

--
-- Table structure for table `income`
--

DROP TABLE IF EXISTS `income`;
/*!40101 SET @saved_cs_client     = @@character_set_client */;
/*!40101 SET character_set_client = utf8mb4 */;
CREATE TABLE `income` (
  `id` int(11) NOT NULL AUTO_INCREMENT,
  `income_date` date NOT NULL,
  `income_type` enum('interest','fees','penalties','dividend_income','other') NOT NULL,
  `amount` decimal(10,2) NOT NULL,
  `reference_no` varchar(50) DEFAULT NULL,
  `description` text NOT NULL,
  `received_from` varchar(100) DEFAULT NULL,
  `category_id` int(11) DEFAULT NULL,
  `payment_method` enum('cash','bank','mpesa','cheque') NOT NULL,
  `notes` text DEFAULT NULL,
  `created_by` int(11) DEFAULT NULL,
  `created_at` timestamp NOT NULL DEFAULT current_timestamp(),
  PRIMARY KEY (`id`),
  KEY `category_id` (`category_id`),
  KEY `created_by` (`created_by`),
  CONSTRAINT `income_ibfk_1` FOREIGN KEY (`category_id`) REFERENCES `expense_categories` (`id`),
  CONSTRAINT `income_ibfk_2` FOREIGN KEY (`created_by`) REFERENCES `users` (`id`)
) ENGINE=InnoDB DEFAULT CHARSET=utf8mb4 COLLATE=utf8mb4_general_ci;
/*!40101 SET character_set_client = @saved_cs_client */;

--
-- Dumping data for table `income`
--

LOCK TABLES `income` WRITE;
/*!40000 ALTER TABLE `income` DISABLE KEYS */;
/*!40000 ALTER TABLE `income` ENABLE KEYS */;
UNLOCK TABLES;

--
-- Table structure for table `interest_calculation_summary`
--

DROP TABLE IF EXISTS `interest_calculation_summary`;
/*!40101 SET @saved_cs_client     = @@character_set_client */;
/*!40101 SET character_set_client = utf8mb4 */;
CREATE TABLE `interest_calculation_summary` (
  `id` int(11) NOT NULL AUTO_INCREMENT,
  `financial_year` year(4) NOT NULL,
  `calculation_type` enum('interest','dividend') NOT NULL,
  `total_members` int(11) DEFAULT 0,
  `total_gross` decimal(10,2) DEFAULT 0.00,
  `total_tax` decimal(10,2) DEFAULT 0.00,
  `total_net` decimal(10,2) DEFAULT 0.00,
  `interest_rate` decimal(5,2) DEFAULT 0.00,
  `total_pool` decimal(10,2) DEFAULT 0.00,
  `created_by` int(11) DEFAULT NULL,
  `created_at` timestamp NOT NULL DEFAULT current_timestamp(),
  PRIMARY KEY (`id`),
  KEY `created_by` (`created_by`),
  KEY `idx_year_type` (`financial_year`,`calculation_type`),
  CONSTRAINT `interest_calculation_summary_ibfk_1` FOREIGN KEY (`created_by`) REFERENCES `users` (`id`)
) ENGINE=InnoDB DEFAULT CHARSET=utf8mb4 COLLATE=utf8mb4_general_ci;
/*!40101 SET character_set_client = @saved_cs_client */;

--
-- Dumping data for table `interest_calculation_summary`
--

LOCK TABLES `interest_calculation_summary` WRITE;
/*!40000 ALTER TABLE `interest_calculation_summary` DISABLE KEYS */;
/*!40000 ALTER TABLE `interest_calculation_summary` ENABLE KEYS */;
UNLOCK TABLES;

--
-- Table structure for table `interest_calculations`
--

DROP TABLE IF EXISTS `interest_calculations`;
/*!40101 SET @saved_cs_client     = @@character_set_client */;
/*!40101 SET character_set_client = utf8mb4 */;
CREATE TABLE `interest_calculations` (
  `id` int(11) NOT NULL AUTO_INCREMENT,
  `member_id` int(11) NOT NULL,
  `financial_year` year(4) NOT NULL,
  `opening_balance` decimal(10,2) DEFAULT 0.00,
  `opening_interest` decimal(10,2) DEFAULT 0.00,
  `weighted_contributions` decimal(10,2) DEFAULT 0.00,
  `weighted_value` decimal(10,2) DEFAULT 0.00,
  `pro_rata_interest` decimal(10,2) DEFAULT 0.00,
  `gross_interest` decimal(10,2) DEFAULT 0.00,
  `withholding_tax` decimal(10,2) DEFAULT 0.00,
  `net_interest` decimal(10,2) DEFAULT 0.00,
  `interest_rate` decimal(5,2) DEFAULT 0.00,
  `total_share_value` decimal(10,2) DEFAULT 0.00,
  `eligible_months` int(11) DEFAULT 0,
  `weighted_shares` decimal(10,2) DEFAULT 0.00,
  `gross_dividend` decimal(10,2) DEFAULT 0.00,
  `net_dividend` decimal(10,2) DEFAULT 0.00,
  `calculation_type` enum('interest','dividend') NOT NULL,
  `created_by` int(11) DEFAULT NULL,
  `created_at` timestamp NOT NULL DEFAULT current_timestamp(),
  PRIMARY KEY (`id`),
  KEY `created_by` (`created_by`),
  KEY `idx_member_year` (`member_id`,`financial_year`),
  KEY `idx_type_year` (`calculation_type`,`financial_year`),
  CONSTRAINT `interest_calculations_ibfk_1` FOREIGN KEY (`member_id`) REFERENCES `members` (`id`),
  CONSTRAINT `interest_calculations_ibfk_2` FOREIGN KEY (`created_by`) REFERENCES `users` (`id`)
) ENGINE=InnoDB AUTO_INCREMENT=253 DEFAULT CHARSET=utf8mb4 COLLATE=utf8mb4_general_ci;
/*!40101 SET character_set_client = @saved_cs_client */;

--
-- Dumping data for table `interest_calculations`
--

LOCK TABLES `interest_calculations` WRITE;
/*!40000 ALTER TABLE `interest_calculations` DISABLE KEYS */;
/*!40000 ALTER TABLE `interest_calculations` ENABLE KEYS */;
UNLOCK TABLES;

--
-- Table structure for table `journal_details`
--

DROP TABLE IF EXISTS `journal_details`;
/*!40101 SET @saved_cs_client     = @@character_set_client */;
/*!40101 SET character_set_client = utf8mb4 */;
CREATE TABLE `journal_details` (
  `id` int(11) NOT NULL AUTO_INCREMENT,
  `journal_id` int(11) NOT NULL,
  `account_code` varchar(20) NOT NULL,
  `account_name` varchar(100) DEFAULT NULL,
  `debit_amount` decimal(10,2) DEFAULT 0.00,
  `credit_amount` decimal(10,2) DEFAULT 0.00,
  `description` text DEFAULT NULL,
  `created_at` timestamp NOT NULL DEFAULT current_timestamp(),
  PRIMARY KEY (`id`),
  KEY `journal_id` (`journal_id`),
  KEY `account_code` (`account_code`),
  CONSTRAINT `journal_details_ibfk_1` FOREIGN KEY (`journal_id`) REFERENCES `journal_entries` (`id`) ON DELETE CASCADE,
  CONSTRAINT `journal_details_ibfk_2` FOREIGN KEY (`account_code`) REFERENCES `chart_of_accounts` (`account_code`)
) ENGINE=InnoDB AUTO_INCREMENT=47 DEFAULT CHARSET=utf8mb4 COLLATE=utf8mb4_general_ci;
/*!40101 SET character_set_client = @saved_cs_client */;

--
-- Dumping data for table `journal_details`
--

LOCK TABLES `journal_details` WRITE;
/*!40000 ALTER TABLE `journal_details` DISABLE KEYS */;
INSERT INTO `journal_details` VALUES (1,1,'3000',NULL,1000.00,0.00,'Share capital deduction for member ID: 4 - Reference: SCD1774599541586','2026-03-27 08:19:01'),(2,1,'2010',NULL,0.00,1000.00,'Share capital deduction for member ID: 4 - Reference: SCD1774599541586','2026-03-27 08:19:01'),(3,2,'3000',NULL,1000.00,0.00,'Share capital deduction for member ID: 5 - Reference: SCD1774601858161','2026-03-27 08:57:38'),(4,2,'2010',NULL,0.00,1000.00,'Share capital deduction for member ID: 5 - Reference: SCD1774601858161','2026-03-27 08:57:38'),(5,3,'3000',NULL,1000.00,0.00,'Share capital deduction for member ID: 8 - Reference: SCD1774603136298','2026-03-27 09:18:56'),(6,3,'2010',NULL,0.00,1000.00,'Share capital deduction for member ID: 8 - Reference: SCD1774603136298','2026-03-27 09:18:56'),(7,4,'3000',NULL,1000.00,0.00,'Share capital deduction for member ID: 14 - Reference: SCD1774611940462','2026-03-27 11:45:40'),(8,4,'2010',NULL,0.00,1000.00,'Share capital deduction for member ID: 14 - Reference: SCD1774611940462','2026-03-27 11:45:40'),(9,5,'3000',NULL,1000.00,0.00,'Share capital deduction for member ID: 16 - Reference: SCD1774632551996','2026-03-27 17:29:11'),(10,5,'2010',NULL,0.00,1000.00,'Share capital deduction for member ID: 16 - Reference: SCD1774632551996','2026-03-27 17:29:11'),(11,6,'3000',NULL,1000.00,0.00,'Share capital deduction for member ID: 21 - Reference: SCD1774682962272','2026-03-28 07:29:22'),(12,6,'2010',NULL,0.00,1000.00,'Share capital deduction for member ID: 21 - Reference: SCD1774682962272','2026-03-28 07:29:22'),(13,7,'3000',NULL,1000.00,0.00,'Share capital deduction for member ID: 29 - Reference: SCD1774729844503','2026-03-28 20:30:44'),(14,7,'2010',NULL,0.00,1000.00,'Share capital deduction for member ID: 29 - Reference: SCD1774729844503','2026-03-28 20:30:44'),(15,8,'3000',NULL,2000.00,0.00,'Share capital deduction for member ID: 42 - Reference: SCD1774730836354','2026-03-28 20:47:16'),(16,8,'2010',NULL,0.00,2000.00,'Share capital deduction for member ID: 42 - Reference: SCD1774730836354','2026-03-28 20:47:16'),(17,9,'3000',NULL,1000.00,0.00,'Share capital deduction for member ID: 37 - Reference: SCD1774773087148','2026-03-29 08:31:27'),(18,9,'2010',NULL,0.00,1000.00,'Share capital deduction for member ID: 37 - Reference: SCD1774773087148','2026-03-29 08:31:27'),(19,10,'3000',NULL,1000.00,0.00,'Share capital deduction for member ID: 41 - Reference: SCD1774774932248','2026-03-29 09:02:12'),(20,10,'2010',NULL,0.00,1000.00,'Share capital deduction for member ID: 41 - Reference: SCD1774774932248','2026-03-29 09:02:12'),(21,11,'3000',NULL,1000.00,0.00,'Share capital deduction for member ID: 46 - Reference: SCD1774781934535','2026-03-29 10:58:54'),(22,11,'2010',NULL,0.00,1000.00,'Share capital deduction for member ID: 46 - Reference: SCD1774781934535','2026-03-29 10:58:54'),(23,12,'3000',NULL,1000.00,0.00,'Share capital deduction for member ID: 47 - Reference: SCD1774782897423','2026-03-29 11:14:57'),(24,12,'2010',NULL,0.00,1000.00,'Share capital deduction for member ID: 47 - Reference: SCD1774782897423','2026-03-29 11:14:57'),(25,13,'3000',NULL,1000.00,0.00,'Share capital deduction for member ID: 50 - Reference: SCD1774787836301','2026-03-29 12:37:16'),(26,13,'2010',NULL,0.00,1000.00,'Share capital deduction for member ID: 50 - Reference: SCD1774787836301','2026-03-29 12:37:16'),(27,14,'3000',NULL,1000.00,0.00,'Share capital deduction for member ID: 51 - Reference: SCD1774789227884','2026-03-29 13:00:27'),(28,14,'2010',NULL,0.00,1000.00,'Share capital deduction for member ID: 51 - Reference: SCD1774789227884','2026-03-29 13:00:27'),(29,15,'3000',NULL,1000.00,0.00,'Share capital deduction for member ID: 52 - Reference: SCD1774789250135','2026-03-29 13:00:50'),(30,15,'2010',NULL,0.00,1000.00,'Share capital deduction for member ID: 52 - Reference: SCD1774789250135','2026-03-29 13:00:50'),(31,16,'3000',NULL,1000.00,0.00,'Share capital deduction for member ID: 53 - Reference: SCD1774789276122','2026-03-29 13:01:16'),(32,16,'2010',NULL,0.00,1000.00,'Share capital deduction for member ID: 53 - Reference: SCD1774789276122','2026-03-29 13:01:16'),(33,17,'3000',NULL,1000.00,0.00,'Share capital deduction for member ID: 54 - Reference: SCD1774789318942','2026-03-29 13:01:58'),(34,17,'2010',NULL,0.00,1000.00,'Share capital deduction for member ID: 54 - Reference: SCD1774789318942','2026-03-29 13:01:58'),(35,18,'3000',NULL,1000.00,0.00,'Share capital deduction for member ID: 57 - Reference: SCD1774790656850','2026-03-29 13:24:16'),(36,18,'2010',NULL,0.00,1000.00,'Share capital deduction for member ID: 57 - Reference: SCD1774790656850','2026-03-29 13:24:16'),(37,19,'3000',NULL,1000.00,0.00,'Share capital deduction for member ID: 59 - Reference: SCD1774790678477','2026-03-29 13:24:38'),(38,19,'2010',NULL,0.00,1000.00,'Share capital deduction for member ID: 59 - Reference: SCD1774790678477','2026-03-29 13:24:38'),(39,20,'3000',NULL,1000.00,0.00,'Share capital deduction for member ID: 58 - Reference: SCD1774790698204','2026-03-29 13:24:58'),(40,20,'2010',NULL,0.00,1000.00,'Share capital deduction for member ID: 58 - Reference: SCD1774790698204','2026-03-29 13:24:58'),(41,21,'3000',NULL,1000.00,0.00,'Share capital deduction for member ID: 62 - Reference: SCD1774797605742','2026-03-29 15:20:05'),(42,21,'2010',NULL,0.00,1000.00,'Share capital deduction for member ID: 62 - Reference: SCD1774797605742','2026-03-29 15:20:05'),(43,22,'3000',NULL,1000.00,0.00,'Share capital deduction for member ID: 65 - Reference: SCD1774799973719','2026-03-29 15:59:33'),(44,22,'2010',NULL,0.00,1000.00,'Share capital deduction for member ID: 65 - Reference: SCD1774799973719','2026-03-29 15:59:33'),(45,23,'3000',NULL,1000.00,0.00,'Share capital deduction for member ID: 66 - Reference: SCD1774800235732','2026-03-29 16:03:55'),(46,23,'2010',NULL,0.00,1000.00,'Share capital deduction for member ID: 66 - Reference: SCD1774800235732','2026-03-29 16:03:55');
/*!40000 ALTER TABLE `journal_details` ENABLE KEYS */;
UNLOCK TABLES;

--
-- Table structure for table `journal_entries`
--

DROP TABLE IF EXISTS `journal_entries`;
/*!40101 SET @saved_cs_client     = @@character_set_client */;
/*!40101 SET character_set_client = utf8mb4 */;
CREATE TABLE `journal_entries` (
  `id` int(11) NOT NULL AUTO_INCREMENT,
  `entry_date` date NOT NULL,
  `journal_no` varchar(50) NOT NULL,
  `reference_type` enum('deposit','withdrawal','loan','repayment','dividend','share','expense','income','transfer','adjustment') NOT NULL,
  `reference_id` int(11) DEFAULT NULL,
  `description` text NOT NULL,
  `total_debit` decimal(10,2) DEFAULT 0.00,
  `total_credit` decimal(10,2) DEFAULT 0.00,
  `status` enum('draft','posted','void') DEFAULT 'draft',
  `created_by` int(11) DEFAULT NULL,
  `posted_by` int(11) DEFAULT NULL,
  `posted_at` datetime DEFAULT NULL,
  `created_at` timestamp NOT NULL DEFAULT current_timestamp(),
  PRIMARY KEY (`id`),
  UNIQUE KEY `journal_no` (`journal_no`),
  KEY `created_by` (`created_by`),
  KEY `posted_by` (`posted_by`),
  CONSTRAINT `journal_entries_ibfk_1` FOREIGN KEY (`created_by`) REFERENCES `users` (`id`),
  CONSTRAINT `journal_entries_ibfk_2` FOREIGN KEY (`posted_by`) REFERENCES `users` (`id`)
) ENGINE=InnoDB AUTO_INCREMENT=24 DEFAULT CHARSET=utf8mb4 COLLATE=utf8mb4_general_ci;
/*!40101 SET character_set_client = @saved_cs_client */;

--
-- Dumping data for table `journal_entries`
--

LOCK TABLES `journal_entries` WRITE;
/*!40000 ALTER TABLE `journal_entries` DISABLE KEYS */;
INSERT INTO `journal_entries` VALUES (1,'2026-03-27','JNL1774599541430','',4,'Share capital deduction for member ID: 4 - Reference: SCD1774599541586',1000.00,1000.00,'posted',1,NULL,NULL,'2026-03-27 08:19:01'),(2,'2026-03-27','JNL1774601858425','',5,'Share capital deduction for member ID: 5 - Reference: SCD1774601858161',1000.00,1000.00,'posted',1,NULL,NULL,'2026-03-27 08:57:38'),(3,'2026-03-27','JNL1774603136952','',8,'Share capital deduction for member ID: 8 - Reference: SCD1774603136298',1000.00,1000.00,'posted',1,NULL,NULL,'2026-03-27 09:18:56'),(4,'2026-03-27','JNL1774611940859','',14,'Share capital deduction for member ID: 14 - Reference: SCD1774611940462',1000.00,1000.00,'posted',1,NULL,NULL,'2026-03-27 11:45:40'),(5,'2026-03-27','JNL1774632551631','',16,'Share capital deduction for member ID: 16 - Reference: SCD1774632551996',1000.00,1000.00,'posted',1,NULL,NULL,'2026-03-27 17:29:11'),(6,'2026-03-28','JNL1774682962207','',21,'Share capital deduction for member ID: 21 - Reference: SCD1774682962272',1000.00,1000.00,'posted',1,NULL,NULL,'2026-03-28 07:29:22'),(7,'2026-03-28','JNL1774729844936','',29,'Share capital deduction for member ID: 29 - Reference: SCD1774729844503',1000.00,1000.00,'posted',1,NULL,NULL,'2026-03-28 20:30:44'),(8,'2026-03-28','JNL1774730836299','',42,'Share capital deduction for member ID: 42 - Reference: SCD1774730836354',2000.00,2000.00,'posted',1,NULL,NULL,'2026-03-28 20:47:16'),(9,'2026-03-29','JNL1774773087244','',37,'Share capital deduction for member ID: 37 - Reference: SCD1774773087148',1000.00,1000.00,'posted',1,NULL,NULL,'2026-03-29 08:31:27'),(10,'2026-03-29','JNL1774774932204','',41,'Share capital deduction for member ID: 41 - Reference: SCD1774774932248',1000.00,1000.00,'posted',1,NULL,NULL,'2026-03-29 09:02:12'),(11,'2026-03-29','JNL1774781934834','',46,'Share capital deduction for member ID: 46 - Reference: SCD1774781934535',1000.00,1000.00,'posted',1,NULL,NULL,'2026-03-29 10:58:54'),(12,'2026-03-29','JNL1774782897880','',47,'Share capital deduction for member ID: 47 - Reference: SCD1774782897423',1000.00,1000.00,'posted',1,NULL,NULL,'2026-03-29 11:14:57'),(13,'2026-03-29','JNL1774787836933','',50,'Share capital deduction for member ID: 50 - Reference: SCD1774787836301',1000.00,1000.00,'posted',1,NULL,NULL,'2026-03-29 12:37:16'),(14,'2026-03-29','JNL1774789227590','',51,'Share capital deduction for member ID: 51 - Reference: SCD1774789227884',1000.00,1000.00,'posted',1,NULL,NULL,'2026-03-29 13:00:27'),(15,'2026-03-29','JNL1774789250853','',52,'Share capital deduction for member ID: 52 - Reference: SCD1774789250135',1000.00,1000.00,'posted',1,NULL,NULL,'2026-03-29 13:00:50'),(16,'2026-03-29','JNL1774789276713','',53,'Share capital deduction for member ID: 53 - Reference: SCD1774789276122',1000.00,1000.00,'posted',1,NULL,NULL,'2026-03-29 13:01:16'),(17,'2026-03-29','JNL1774789318468','',54,'Share capital deduction for member ID: 54 - Reference: SCD1774789318942',1000.00,1000.00,'posted',1,NULL,NULL,'2026-03-29 13:01:58'),(18,'2026-03-29','JNL1774790656738','',57,'Share capital deduction for member ID: 57 - Reference: SCD1774790656850',1000.00,1000.00,'posted',1,NULL,NULL,'2026-03-29 13:24:16'),(19,'2026-03-29','JNL1774790678871','',59,'Share capital deduction for member ID: 59 - Reference: SCD1774790678477',1000.00,1000.00,'posted',1,NULL,NULL,'2026-03-29 13:24:38'),(20,'2026-03-29','JNL1774790698393','',58,'Share capital deduction for member ID: 58 - Reference: SCD1774790698204',1000.00,1000.00,'posted',1,NULL,NULL,'2026-03-29 13:24:58'),(21,'2026-03-29','JNL1774797605798','',62,'Share capital deduction for member ID: 62 - Reference: SCD1774797605742',1000.00,1000.00,'posted',1,NULL,NULL,'2026-03-29 15:20:05'),(22,'2026-03-29','JNL1774799973529','',65,'Share capital deduction for member ID: 65 - Reference: SCD1774799973719',1000.00,1000.00,'posted',1,NULL,NULL,'2026-03-29 15:59:33'),(23,'2026-03-29','JNL1774800235450','',66,'Share capital deduction for member ID: 66 - Reference: SCD1774800235732',1000.00,1000.00,'posted',1,NULL,NULL,'2026-03-29 16:03:55');
/*!40000 ALTER TABLE `journal_entries` ENABLE KEYS */;
UNLOCK TABLES;

--
-- Table structure for table `loan_guarantors`
--

DROP TABLE IF EXISTS `loan_guarantors`;
/*!40101 SET @saved_cs_client     = @@character_set_client */;
/*!40101 SET character_set_client = utf8mb4 */;
CREATE TABLE `loan_guarantors` (
  `id` int(11) NOT NULL AUTO_INCREMENT,
  `loan_id` int(11) NOT NULL,
  `guarantor_member_id` int(11) NOT NULL,
  `guaranteed_amount` decimal(10,2) NOT NULL,
  `status` enum('pending','approved','rejected') DEFAULT 'pending',
  `approval_date` date DEFAULT NULL,
  `notes` text DEFAULT NULL,
  `created_at` timestamp NOT NULL DEFAULT current_timestamp(),
  `approved_by` int(11) DEFAULT NULL,
  `approved_at` datetime DEFAULT NULL,
  PRIMARY KEY (`id`),
  KEY `loan_id` (`loan_id`),
  KEY `guarantor_member_id` (`guarantor_member_id`),
  KEY `approved_by` (`approved_by`),
  CONSTRAINT `loan_guarantors_ibfk_1` FOREIGN KEY (`loan_id`) REFERENCES `loans` (`id`),
  CONSTRAINT `loan_guarantors_ibfk_2` FOREIGN KEY (`guarantor_member_id`) REFERENCES `members` (`id`),
  CONSTRAINT `loan_guarantors_ibfk_3` FOREIGN KEY (`approved_by`) REFERENCES `users` (`id`)
) ENGINE=InnoDB DEFAULT CHARSET=utf8mb4 COLLATE=utf8mb4_general_ci;
/*!40101 SET character_set_client = @saved_cs_client */;

--
-- Dumping data for table `loan_guarantors`
--

LOCK TABLES `loan_guarantors` WRITE;
/*!40000 ALTER TABLE `loan_guarantors` DISABLE KEYS */;
/*!40000 ALTER TABLE `loan_guarantors` ENABLE KEYS */;
UNLOCK TABLES;

--
-- Table structure for table `loan_products`
--

DROP TABLE IF EXISTS `loan_products`;
/*!40101 SET @saved_cs_client     = @@character_set_client */;
/*!40101 SET character_set_client = utf8mb4 */;
CREATE TABLE `loan_products` (
  `id` int(11) NOT NULL AUTO_INCREMENT,
  `product_name` varchar(50) NOT NULL,
  `product_code` varchar(50) DEFAULT NULL,
  `interest_rate` decimal(5,2) NOT NULL,
  `interest_type` varchar(50) DEFAULT 'fixed',
  `interest_calculation` varchar(50) DEFAULT 'flat',
  `max_duration_months` int(11) NOT NULL,
  `min_amount` decimal(10,2) DEFAULT NULL,
  `max_amount` decimal(10,2) DEFAULT NULL,
  `min_duration` int(11) DEFAULT 1,
  `max_duration` int(11) DEFAULT 12,
  `duration_unit` varchar(20) DEFAULT 'months',
  `repayment_frequency` varchar(20) DEFAULT 'monthly',
  `grace_period` int(11) DEFAULT 0,
  `late_payment_penalty` decimal(10,2) DEFAULT 0.00,
  `penalty_type` varchar(20) DEFAULT 'percentage',
  `processing_fee` decimal(10,2) DEFAULT 0.00,
  `processing_fee_type` varchar(20) DEFAULT 'percentage',
  `insurance_fee` decimal(10,2) DEFAULT 0.00,
  `insurance_fee_type` varchar(20) DEFAULT 'percentage',
  `guarantor_required` tinyint(1) DEFAULT 1,
  `min_guarantors` int(11) DEFAULT 1,
  `max_guarantors` int(11) DEFAULT 3,
  `guarantor_coverage` decimal(5,2) DEFAULT 100.00,
  `membership_min_months` int(11) DEFAULT 6,
  `min_savings_balance` decimal(10,2) DEFAULT 0.00,
  `min_shares_value` decimal(10,2) DEFAULT 0.00,
  `max_loans_active` int(11) DEFAULT 1,
  `allow_topup` tinyint(1) DEFAULT 0,
  `allow_restructuring` tinyint(1) DEFAULT 0,
  `allow_early_repayment` tinyint(1) DEFAULT 0,
  `early_repayment_penalty` decimal(5,2) DEFAULT 0.00,
  `collateral_required` tinyint(1) DEFAULT 0,
  `collateral_type` varchar(100) DEFAULT NULL,
  `description` text DEFAULT NULL,
  `status` tinyint(1) DEFAULT 1,
  `created_at` timestamp NULL DEFAULT NULL ON UPDATE current_timestamp(),
  `updated_at` timestamp NULL DEFAULT NULL ON UPDATE current_timestamp(),
  PRIMARY KEY (`id`)
) ENGINE=InnoDB AUTO_INCREMENT=4 DEFAULT CHARSET=utf8mb4 COLLATE=utf8mb4_general_ci;
/*!40101 SET character_set_client = @saved_cs_client */;

--
-- Dumping data for table `loan_products`
--

LOCK TABLES `loan_products` WRITE;
/*!40000 ALTER TABLE `loan_products` DISABLE KEYS */;
INSERT INTO `loan_products` VALUES (1,'Development Loan',NULL,12.00,'fixed','flat',24,10000.00,5000000.00,1,12,'months','monthly',0,0.00,'percentage',0.00,'percentage',0.00,'percentage',1,1,3,100.00,6,0.00,0.00,1,0,0,0,0.00,0,NULL,'Standard loan product for general purposes',1,'2026-03-27 08:22:46','2026-03-27 08:22:46'),(2,'Emergency Loan',NULL,10.00,'fixed','flat',12,5000.00,100000.00,1,12,'months','monthly',0,0.00,'percentage',0.00,'percentage',0.00,'percentage',1,1,3,100.00,6,0.00,0.00,1,0,0,0,0.00,0,NULL,'Quick loan for emergencies',1,NULL,NULL),(3,'School Fees Loan','n12ull',14.00,'fixed','flat',36,50000.00,1000000.00,1,12,'months','monthly',0,0.00,'percentage',0.00,'percentage',0.00,'percentage',1,1,3,100.00,6,0.00,0.00,1,1,1,1,0.00,1,'','Long-term loan for development projects',1,'2026-03-27 08:22:09','2026-03-27 08:22:09');
/*!40000 ALTER TABLE `loan_products` ENABLE KEYS */;
UNLOCK TABLES;

--
-- Table structure for table `loan_repayments`
--

DROP TABLE IF EXISTS `loan_repayments`;
/*!40101 SET @saved_cs_client     = @@character_set_client */;
/*!40101 SET character_set_client = utf8mb4 */;
CREATE TABLE `loan_repayments` (
  `id` int(11) NOT NULL AUTO_INCREMENT,
  `loan_id` int(11) NOT NULL,
  `payment_date` date NOT NULL,
  `amount_paid` decimal(10,2) NOT NULL,
  `principal_paid` decimal(10,2) NOT NULL,
  `interest_paid` decimal(10,2) NOT NULL,
  `penalty_paid` decimal(10,2) DEFAULT 0.00,
  `balance` decimal(10,2) NOT NULL,
  `payment_method` enum('cash','bank','mpesa','mobile') NOT NULL,
  `reference_no` varchar(50) DEFAULT NULL,
  `created_by` int(11) DEFAULT NULL,
  `created_at` timestamp NOT NULL DEFAULT current_timestamp(),
  PRIMARY KEY (`id`),
  KEY `loan_id` (`loan_id`),
  KEY `created_by` (`created_by`),
  CONSTRAINT `loan_repayments_ibfk_1` FOREIGN KEY (`loan_id`) REFERENCES `loans` (`id`),
  CONSTRAINT `loan_repayments_ibfk_2` FOREIGN KEY (`created_by`) REFERENCES `users` (`id`)
) ENGINE=InnoDB DEFAULT CHARSET=utf8mb4 COLLATE=utf8mb4_general_ci;
/*!40101 SET character_set_client = @saved_cs_client */;

--
-- Dumping data for table `loan_repayments`
--

LOCK TABLES `loan_repayments` WRITE;
/*!40000 ALTER TABLE `loan_repayments` DISABLE KEYS */;
/*!40000 ALTER TABLE `loan_repayments` ENABLE KEYS */;
UNLOCK TABLES;

--
-- Table structure for table `loans`
--

DROP TABLE IF EXISTS `loans`;
/*!40101 SET @saved_cs_client     = @@character_set_client */;
/*!40101 SET character_set_client = utf8mb4 */;
CREATE TABLE `loans` (
  `id` int(11) NOT NULL AUTO_INCREMENT,
  `loan_no` varchar(20) NOT NULL,
  `member_id` int(11) NOT NULL,
  `product_id` int(11) NOT NULL,
  `principal_amount` decimal(10,2) NOT NULL,
  `interest_amount` decimal(10,2) NOT NULL,
  `total_amount` decimal(10,2) NOT NULL,
  `balance` decimal(10,2) DEFAULT 0.00,
  `duration_months` int(11) NOT NULL,
  `interest_rate` decimal(5,2) NOT NULL,
  `application_date` date NOT NULL,
  `approval_date` date DEFAULT NULL,
  `disbursement_date` date DEFAULT NULL,
  `first_payment_date` date DEFAULT NULL,
  `status` enum('pending','guarantor_pending','approved','disbursed','active','completed','defaulted','rejected') DEFAULT 'pending',
  `created_by` int(11) DEFAULT NULL,
  `approved_by` int(11) DEFAULT NULL,
  `disbursed_by` int(11) DEFAULT NULL,
  `created_at` timestamp NOT NULL DEFAULT current_timestamp(),
  `updated_at` timestamp NULL DEFAULT NULL ON UPDATE current_timestamp(),
  `remarks` text DEFAULT NULL,
  `is_opening_balance` tinyint(1) DEFAULT 0,
  `opening_balance_id` int(11) DEFAULT NULL,
  `total_penalties` decimal(10,2) DEFAULT 0.00,
  `penalties_paid` decimal(10,2) DEFAULT 0.00,
  `penalties_outstanding` decimal(10,2) GENERATED ALWAYS AS (`total_penalties` - `penalties_paid`) STORED,
  `processing_fee` decimal(10,2) DEFAULT 0.00,
  `insurance_fee` decimal(10,2) DEFAULT 0.00,
  `guarantor_fees` decimal(10,2) DEFAULT 0.00,
  `total_loan_charges` decimal(10,2) GENERATED ALWAYS AS (`processing_fee` + `insurance_fee` + `guarantor_fees`) STORED,
  `loan_charges_paid` decimal(10,2) DEFAULT 0.00,
  PRIMARY KEY (`id`),
  UNIQUE KEY `loan_no` (`loan_no`),
  KEY `member_id` (`member_id`),
  KEY `product_id` (`product_id`),
  KEY `created_by` (`created_by`),
  KEY `approved_by` (`approved_by`),
  KEY `opening_balance_id` (`opening_balance_id`),
  CONSTRAINT `loans_ibfk_1` FOREIGN KEY (`member_id`) REFERENCES `members` (`id`),
  CONSTRAINT `loans_ibfk_2` FOREIGN KEY (`product_id`) REFERENCES `loan_products` (`id`),
  CONSTRAINT `loans_ibfk_3` FOREIGN KEY (`created_by`) REFERENCES `users` (`id`),
  CONSTRAINT `loans_ibfk_4` FOREIGN KEY (`approved_by`) REFERENCES `users` (`id`),
  CONSTRAINT `loans_ibfk_5` FOREIGN KEY (`approved_by`) REFERENCES `users` (`id`),
  CONSTRAINT `loans_ibfk_6` FOREIGN KEY (`opening_balance_id`) REFERENCES `opening_balances` (`id`)
) ENGINE=InnoDB AUTO_INCREMENT=47 DEFAULT CHARSET=utf8mb4 COLLATE=utf8mb4_general_ci;
/*!40101 SET character_set_client = @saved_cs_client */;

--
-- Dumping data for table `loans`
--

LOCK TABLES `loans` WRITE;
/*!40000 ALTER TABLE `loans` DISABLE KEYS */;
INSERT INTO `loans` VALUES (8,'OLD20260001',15,1,44109.00,5293.08,49402.08,0.00,12,12.00,'2025-12-31',NULL,'2025-12-31',NULL,'active',1,NULL,NULL,'2026-03-26 23:26:26',NULL,NULL,1,163,0.00,0.00,0.00,0.00,0.00,0.00,0.00,0.00),(9,'OLD20260002',34,1,85647.00,10277.64,95924.64,0.00,12,12.00,'2025-12-31',NULL,'2025-12-31',NULL,'active',1,NULL,NULL,'2026-03-26 23:26:26',NULL,NULL,1,164,0.00,0.00,0.00,0.00,0.00,0.00,0.00,0.00),(10,'OLD20260003',22,1,32092.00,3851.04,35943.04,0.00,12,12.00,'2025-12-31',NULL,'2025-12-31',NULL,'active',1,NULL,NULL,'2026-03-26 23:26:26',NULL,NULL,1,165,0.00,0.00,0.00,0.00,0.00,0.00,0.00,0.00),(11,'OLD20260004',49,1,59352.00,7122.24,66474.24,0.00,12,12.00,'2025-12-31',NULL,'2025-12-31',NULL,'active',1,NULL,NULL,'2026-03-26 23:26:26',NULL,NULL,1,166,0.00,0.00,0.00,0.00,0.00,0.00,0.00,0.00),(12,'OLD20260005',36,1,2095.00,251.40,2346.40,0.00,12,12.00,'2025-12-31',NULL,'2025-12-31',NULL,'active',1,NULL,NULL,'2026-03-26 23:26:26',NULL,NULL,1,167,0.00,0.00,0.00,0.00,0.00,0.00,0.00,0.00),(13,'OLD20260006',67,1,117673.00,14120.76,131793.76,0.00,12,12.00,'2025-12-31',NULL,'2025-12-31',NULL,'active',1,NULL,NULL,'2026-03-26 23:26:26',NULL,NULL,1,168,0.00,0.00,0.00,0.00,0.00,0.00,0.00,0.00),(14,'OLD20260007',13,1,59302.00,7116.24,66418.24,0.00,12,12.00,'2025-12-31',NULL,'2025-12-31',NULL,'active',1,NULL,NULL,'2026-03-26 23:26:26',NULL,NULL,1,169,0.00,0.00,0.00,0.00,0.00,0.00,0.00,0.00),(15,'OLD20260008',61,1,18960.00,2275.20,21235.20,0.00,12,12.00,'2025-12-31',NULL,'2025-12-31',NULL,'active',1,NULL,NULL,'2026-03-26 23:26:26',NULL,NULL,1,170,0.00,0.00,0.00,0.00,0.00,0.00,0.00,0.00),(16,'OLD20260009',68,1,2402.00,288.24,2690.24,0.00,12,12.00,'2025-12-31',NULL,'2025-12-31',NULL,'active',1,NULL,NULL,'2026-03-26 23:26:26',NULL,NULL,1,171,0.00,0.00,0.00,0.00,0.00,0.00,0.00,0.00),(17,'OLD20260010',18,1,229003.00,27480.36,256483.36,0.00,12,12.00,'2025-12-31',NULL,'2025-12-31',NULL,'active',1,NULL,NULL,'2026-03-26 23:26:26',NULL,NULL,1,172,0.00,0.00,0.00,0.00,0.00,0.00,0.00,0.00),(18,'OLD20260011',46,1,176780.00,21213.60,197993.60,0.00,12,12.00,'2025-12-31',NULL,'2025-12-31',NULL,'active',1,NULL,NULL,'2026-03-26 23:26:26',NULL,NULL,1,173,0.00,0.00,0.00,0.00,0.00,0.00,0.00,0.00),(19,'OLD20260012',70,1,19949.00,2393.88,22342.88,0.00,12,12.00,'2025-12-31',NULL,'2025-12-31',NULL,'active',1,NULL,NULL,'2026-03-26 23:26:26',NULL,NULL,1,174,0.00,0.00,0.00,0.00,0.00,0.00,0.00,0.00),(20,'OLD20260013',62,1,18463.00,2215.56,20678.56,0.00,12,12.00,'2025-12-31',NULL,'2025-12-31',NULL,'active',1,NULL,NULL,'2026-03-26 23:26:26',NULL,NULL,1,175,0.00,0.00,0.00,0.00,0.00,0.00,0.00,0.00),(21,'OLD20260014',3,1,82300.00,9876.00,92176.00,0.00,12,12.00,'2025-12-31',NULL,'2025-12-31',NULL,'active',1,NULL,NULL,'2026-03-26 23:26:26',NULL,NULL,1,176,0.00,0.00,0.00,0.00,0.00,0.00,0.00,0.00),(22,'OLD20260015',5,1,47571.00,5708.52,53279.52,0.00,12,12.00,'2025-12-31',NULL,'2025-12-31',NULL,'active',1,NULL,NULL,'2026-03-26 23:26:26',NULL,NULL,1,177,0.00,0.00,0.00,0.00,0.00,0.00,0.00,0.00),(23,'OLD20260016',65,1,468029.00,56163.48,524192.48,0.00,12,12.00,'2025-12-31',NULL,'2025-12-31',NULL,'active',1,NULL,NULL,'2026-03-26 23:26:26',NULL,NULL,1,178,0.00,0.00,0.00,0.00,0.00,0.00,0.00,0.00),(24,'OLD20260017',48,1,161524.00,19382.88,180906.88,0.00,12,12.00,'2025-12-31',NULL,'2025-12-31',NULL,'active',1,NULL,NULL,'2026-03-26 23:26:26',NULL,NULL,1,179,0.00,0.00,0.00,0.00,0.00,0.00,0.00,0.00),(25,'OLD20260018',24,1,23801.00,2856.12,26657.12,0.00,12,12.00,'2025-12-31',NULL,'2025-12-31',NULL,'active',1,NULL,NULL,'2026-03-26 23:26:26',NULL,NULL,1,180,0.00,0.00,0.00,0.00,0.00,0.00,0.00,0.00),(26,'OLD20260019',54,1,126714.00,15205.68,141919.68,0.00,12,12.00,'2025-12-31',NULL,'2025-12-31',NULL,'active',1,NULL,NULL,'2026-03-26 23:26:26',NULL,NULL,1,181,0.00,0.00,0.00,0.00,0.00,0.00,0.00,0.00),(27,'OLD20260020',8,1,106295.00,12755.40,119050.40,0.00,12,12.00,'2025-12-31',NULL,'2025-12-31',NULL,'active',1,NULL,NULL,'2026-03-26 23:26:26',NULL,NULL,1,182,0.00,0.00,0.00,0.00,0.00,0.00,0.00,0.00),(28,'OLD20260021',66,1,51352.00,6162.24,57514.24,0.00,12,12.00,'2025-12-31',NULL,'2025-12-31',NULL,'active',1,NULL,NULL,'2026-03-26 23:26:26',NULL,NULL,1,183,0.00,0.00,0.00,0.00,0.00,0.00,0.00,0.00),(29,'OLD20260022',58,1,113200.00,13584.00,126784.00,0.00,12,12.00,'2025-12-31',NULL,'2025-12-31',NULL,'active',1,NULL,NULL,'2026-03-26 23:26:26',NULL,NULL,1,184,0.00,0.00,0.00,0.00,0.00,0.00,0.00,0.00),(30,'OLD20260023',14,1,25593.00,3071.16,28664.16,0.00,12,12.00,'2025-12-31',NULL,'2025-12-31',NULL,'active',1,NULL,NULL,'2026-03-26 23:26:26',NULL,NULL,1,185,0.00,0.00,0.00,0.00,0.00,0.00,0.00,0.00),(31,'OLD20260024',47,1,135736.00,16288.32,152024.32,0.00,12,12.00,'2025-12-31',NULL,'2025-12-31',NULL,'active',1,NULL,NULL,'2026-03-26 23:26:26',NULL,NULL,1,186,0.00,0.00,0.00,0.00,0.00,0.00,0.00,0.00),(32,'OLD20260025',59,1,189620.00,22754.40,212374.40,0.00,12,12.00,'2025-12-31',NULL,'2025-12-31',NULL,'active',1,NULL,NULL,'2026-03-26 23:26:26',NULL,NULL,1,187,0.00,0.00,0.00,0.00,0.00,0.00,0.00,0.00),(33,'OLD20260026',69,1,48344.00,5801.28,54145.28,0.00,12,12.00,'2025-12-31',NULL,'2025-12-31',NULL,'active',1,NULL,NULL,'2026-03-26 23:26:26',NULL,NULL,1,188,0.00,0.00,0.00,0.00,0.00,0.00,0.00,0.00),(34,'OLD20260027',57,1,125760.00,15091.20,140851.20,0.00,12,12.00,'2025-12-31',NULL,'2025-12-31',NULL,'active',1,NULL,NULL,'2026-03-26 23:26:26',NULL,NULL,1,189,0.00,0.00,0.00,0.00,0.00,0.00,0.00,0.00),(35,'OLD20260028',76,1,43456.00,5214.72,48670.72,0.00,12,12.00,'2025-12-31',NULL,'2025-12-31',NULL,'active',1,NULL,NULL,'2026-03-26 23:26:26',NULL,NULL,1,190,0.00,0.00,0.00,0.00,0.00,0.00,0.00,0.00),(36,'OLD20260029',81,1,21500.00,2580.00,24080.00,0.00,12,12.00,'2025-12-31',NULL,'2025-12-31',NULL,'active',1,NULL,NULL,'2026-03-26 23:26:26',NULL,NULL,1,191,0.00,0.00,0.00,0.00,0.00,0.00,0.00,0.00),(37,'OLD20260030',25,1,108500.00,13020.00,121520.00,0.00,12,12.00,'2025-12-31',NULL,'2025-12-31',NULL,'active',1,NULL,NULL,'2026-03-26 23:26:26',NULL,NULL,1,192,0.00,0.00,0.00,0.00,0.00,0.00,0.00,0.00),(38,'OLD20260031',45,1,139200.00,16704.00,155904.00,0.00,12,12.00,'2025-12-31',NULL,'2025-12-31',NULL,'active',1,NULL,NULL,'2026-03-26 23:26:26',NULL,NULL,1,193,0.00,0.00,0.00,0.00,0.00,0.00,0.00,0.00),(39,'OLD20260032',29,1,182000.00,21840.00,203840.00,0.00,12,12.00,'2025-12-31',NULL,'2025-12-31',NULL,'active',1,NULL,NULL,'2026-03-26 23:26:26',NULL,NULL,1,194,0.00,0.00,0.00,0.00,0.00,0.00,0.00,0.00),(40,'OLD20260033',37,1,167000.00,20040.00,187040.00,0.00,12,12.00,'2025-12-31',NULL,'2025-12-31',NULL,'active',1,NULL,NULL,'2026-03-26 23:26:26',NULL,NULL,1,195,0.00,0.00,0.00,0.00,0.00,0.00,0.00,0.00),(41,'OLD20260034',74,1,200000.00,24000.00,224000.00,0.00,12,12.00,'2025-12-31',NULL,'2025-12-31',NULL,'active',1,NULL,NULL,'2026-03-26 23:26:26',NULL,NULL,1,196,0.00,0.00,0.00,0.00,0.00,0.00,0.00,0.00),(42,'OLD20260035',30,1,60200.00,7224.00,67424.00,0.00,12,12.00,'2025-12-31',NULL,'2025-12-31',NULL,'active',1,NULL,NULL,'2026-03-26 23:26:26',NULL,NULL,1,197,0.00,0.00,0.00,0.00,0.00,0.00,0.00,0.00),(43,'OLD20260036',11,1,83500.00,10020.00,93520.00,0.00,12,12.00,'2025-12-31',NULL,'2025-12-31',NULL,'active',1,NULL,NULL,'2026-03-26 23:26:26',NULL,NULL,1,198,0.00,0.00,0.00,0.00,0.00,0.00,0.00,0.00),(44,'OLD20260037',52,1,112000.00,13440.00,125440.00,0.00,12,12.00,'2025-12-31',NULL,'2025-12-31',NULL,'active',1,NULL,NULL,'2026-03-26 23:26:26',NULL,NULL,1,199,0.00,0.00,0.00,0.00,0.00,0.00,0.00,0.00),(45,'OLD20260038',53,1,95200.00,11424.00,106624.00,0.00,12,12.00,'2025-12-31',NULL,'2025-12-31',NULL,'active',1,NULL,NULL,'2026-03-26 23:26:26',NULL,NULL,1,200,0.00,0.00,0.00,0.00,0.00,0.00,0.00,0.00),(46,'OLD20260039',35,1,89600.00,10752.00,100352.00,0.00,12,12.00,'2025-12-31',NULL,'2025-12-31',NULL,'active',1,NULL,NULL,'2026-03-26 23:26:26',NULL,NULL,1,201,0.00,0.00,0.00,0.00,0.00,0.00,0.00,0.00);
/*!40000 ALTER TABLE `loans` ENABLE KEYS */;
UNLOCK TABLES;

--
-- Table structure for table `member_charge_summary`
--

DROP TABLE IF EXISTS `member_charge_summary`;
/*!40101 SET @saved_cs_client     = @@character_set_client */;
/*!40101 SET character_set_client = utf8mb4 */;
CREATE TABLE `member_charge_summary` (
  `id` int(11) NOT NULL AUTO_INCREMENT,
  `member_id` int(11) NOT NULL,
  `total_charges` decimal(10,2) DEFAULT 0.00,
  `total_paid` decimal(10,2) DEFAULT 0.00,
  `total_waived` decimal(10,2) DEFAULT 0.00,
  `outstanding_balance` decimal(10,2) GENERATED ALWAYS AS (`total_charges` - `total_paid` - `total_waived`) STORED,
  `last_charge_date` date DEFAULT NULL,
  `last_payment_date` date DEFAULT NULL,
  `updated_at` timestamp NOT NULL DEFAULT current_timestamp() ON UPDATE current_timestamp(),
  PRIMARY KEY (`id`),
  UNIQUE KEY `member_id` (`member_id`),
  KEY `idx_outstanding` (`outstanding_balance`),
  CONSTRAINT `member_charge_summary_ibfk_1` FOREIGN KEY (`member_id`) REFERENCES `members` (`id`)
) ENGINE=InnoDB AUTO_INCREMENT=221 DEFAULT CHARSET=utf8mb4 COLLATE=utf8mb4_general_ci;
/*!40101 SET character_set_client = @saved_cs_client */;

--
-- Dumping data for table `member_charge_summary`
--

LOCK TABLES `member_charge_summary` WRITE;
/*!40000 ALTER TABLE `member_charge_summary` DISABLE KEYS */;
INSERT INTO `member_charge_summary` VALUES (105,1,1000.00,0.00,0.00,1000.00,'2025-12-31',NULL,'2026-03-27 00:04:06'),(106,2,1000.00,0.00,0.00,1000.00,'2025-12-31',NULL,'2026-03-27 00:04:06'),(107,3,1000.00,0.00,0.00,1000.00,'2025-12-31',NULL,'2026-03-27 00:04:06'),(108,4,2000.00,0.00,0.00,2000.00,'2026-03-27',NULL,'2026-03-27 08:19:01'),(109,5,2000.00,0.00,0.00,2000.00,'2026-03-27',NULL,'2026-03-27 08:57:38'),(110,6,2000.00,0.00,0.00,2000.00,'2025-12-31',NULL,'2026-03-27 00:04:06'),(112,8,2000.00,0.00,0.00,2000.00,'2026-03-27',NULL,'2026-03-27 09:18:56'),(113,9,1000.00,0.00,0.00,1000.00,'2025-12-31',NULL,'2026-03-27 00:04:06'),(114,10,1000.00,0.00,0.00,1000.00,'2025-12-31',NULL,'2026-03-27 00:04:06'),(115,11,1000.00,0.00,0.00,1000.00,'2025-12-31',NULL,'2026-03-27 00:04:06'),(116,12,2000.00,0.00,0.00,2000.00,'2025-12-31',NULL,'2026-03-27 00:04:06'),(118,14,2000.00,0.00,0.00,2000.00,'2026-03-27',NULL,'2026-03-27 11:45:40'),(119,15,2000.00,0.00,0.00,2000.00,'2025-12-31',NULL,'2026-03-27 00:04:06'),(121,16,2000.00,0.00,0.00,2000.00,'2026-03-27',NULL,'2026-03-27 17:29:11'),(122,17,2000.00,0.00,0.00,2000.00,'2025-12-31',NULL,'2026-03-27 00:04:06'),(124,18,1000.00,0.00,0.00,1000.00,'2025-12-31',NULL,'2026-03-27 00:04:06'),(125,19,2000.00,0.00,0.00,2000.00,'2025-12-31',NULL,'2026-03-27 00:04:06'),(127,20,1000.00,0.00,0.00,1000.00,'2025-12-31',NULL,'2026-03-27 00:04:06'),(128,21,2000.00,0.00,0.00,2000.00,'2026-03-28',NULL,'2026-03-28 07:29:22'),(129,22,1000.00,0.00,0.00,1000.00,'2025-12-31',NULL,'2026-03-27 00:04:06'),(130,23,2000.00,0.00,0.00,2000.00,'2025-12-31',NULL,'2026-03-27 00:04:06'),(132,24,1000.00,0.00,0.00,1000.00,'2025-12-31',NULL,'2026-03-27 00:04:06'),(133,25,1000.00,0.00,0.00,1000.00,'2025-12-31',NULL,'2026-03-27 00:04:06'),(134,26,2000.00,0.00,0.00,2000.00,'2025-12-31',NULL,'2026-03-27 00:04:06'),(136,27,2000.00,0.00,0.00,2000.00,'2025-12-31',NULL,'2026-03-27 00:04:06'),(138,28,1000.00,0.00,0.00,1000.00,'2025-12-31',NULL,'2026-03-27 00:04:06'),(139,29,2000.00,0.00,0.00,2000.00,'2026-03-28',NULL,'2026-03-28 20:30:44'),(140,30,1000.00,0.00,0.00,1000.00,'2025-12-31',NULL,'2026-03-27 00:04:06'),(141,31,1000.00,0.00,0.00,1000.00,'2025-12-31',NULL,'2026-03-27 00:04:06'),(142,33,2000.00,0.00,0.00,2000.00,'2025-12-31',NULL,'2026-03-27 00:04:06'),(144,35,1000.00,0.00,0.00,1000.00,'2025-12-31',NULL,'2026-03-27 00:04:06'),(145,37,2000.00,0.00,0.00,2000.00,'2026-03-29',NULL,'2026-03-29 08:31:27'),(146,39,1000.00,0.00,0.00,1000.00,'2025-12-31',NULL,'2026-03-27 00:04:06'),(147,40,1000.00,0.00,0.00,1000.00,'2025-12-31',NULL,'2026-03-27 00:04:06'),(148,41,2000.00,0.00,0.00,2000.00,'2026-03-29',NULL,'2026-03-29 09:02:12'),(149,42,3000.00,0.00,0.00,3000.00,'2026-03-28',NULL,'2026-03-28 20:47:16'),(150,44,1000.00,0.00,0.00,1000.00,'2025-12-31',NULL,'2026-03-27 00:04:06'),(151,45,1000.00,0.00,0.00,1000.00,'2025-12-31',NULL,'2026-03-27 00:04:06'),(152,46,2000.00,0.00,0.00,2000.00,'2026-03-29',NULL,'2026-03-29 10:58:54'),(153,47,2000.00,0.00,0.00,2000.00,'2026-03-29',NULL,'2026-03-29 11:14:57'),(154,48,1000.00,0.00,0.00,1000.00,'2025-12-31',NULL,'2026-03-27 00:04:06'),(155,50,2000.00,0.00,0.00,2000.00,'2026-03-29',NULL,'2026-03-29 12:37:16'),(156,51,2000.00,0.00,0.00,2000.00,'2026-03-29',NULL,'2026-03-29 13:00:27'),(157,52,2000.00,0.00,0.00,2000.00,'2026-03-29',NULL,'2026-03-29 13:00:50'),(158,53,2000.00,0.00,0.00,2000.00,'2026-03-29',NULL,'2026-03-29 13:01:16'),(159,54,2000.00,0.00,0.00,2000.00,'2026-03-29',NULL,'2026-03-29 13:01:58'),(160,55,1000.00,0.00,0.00,1000.00,'2025-12-31',NULL,'2026-03-27 00:04:06'),(161,56,1000.00,0.00,0.00,1000.00,'2025-12-31',NULL,'2026-03-27 00:04:06'),(162,57,2000.00,0.00,0.00,2000.00,'2026-03-29',NULL,'2026-03-29 13:24:16'),(163,58,2000.00,0.00,0.00,2000.00,'2026-03-29',NULL,'2026-03-29 13:24:58'),(164,59,2000.00,0.00,0.00,2000.00,'2026-03-29',NULL,'2026-03-29 13:24:38'),(165,60,2000.00,0.00,0.00,2000.00,'2025-12-31',NULL,'2026-03-27 00:04:06'),(167,62,2000.00,0.00,0.00,2000.00,'2026-03-29',NULL,'2026-03-29 15:20:05'),(168,65,2000.00,0.00,0.00,2000.00,'2026-03-29',NULL,'2026-03-29 15:59:33'),(169,66,2000.00,0.00,0.00,2000.00,'2026-03-29',NULL,'2026-03-29 16:03:55'),(170,69,1000.00,0.00,0.00,1000.00,'2025-12-31',NULL,'2026-03-27 00:04:06'),(171,70,2000.00,0.00,0.00,2000.00,'2025-12-31',NULL,'2026-03-27 00:04:06'),(173,71,2000.00,0.00,0.00,2000.00,'2025-12-31',NULL,'2026-03-27 00:04:06'),(175,72,2000.00,0.00,0.00,2000.00,'2025-12-31',NULL,'2026-03-27 00:04:06'),(177,73,2000.00,0.00,0.00,2000.00,'2025-12-31',NULL,'2026-03-27 00:04:06'),(179,74,2000.00,0.00,0.00,2000.00,'2025-12-31',NULL,'2026-03-27 00:04:06'),(181,76,2000.00,0.00,0.00,2000.00,'2025-12-31',NULL,'2026-03-27 00:04:06'),(183,77,2000.00,0.00,0.00,2000.00,'2025-12-31',NULL,'2026-03-27 00:04:06'),(185,78,1000.00,0.00,0.00,1000.00,'2025-12-31',NULL,'2026-03-27 00:04:06'),(186,79,2000.00,0.00,0.00,2000.00,'2025-12-31',NULL,'2026-03-27 00:04:06'),(188,80,2000.00,0.00,0.00,2000.00,'2025-12-31',NULL,'2026-03-27 00:04:06'),(190,81,2000.00,0.00,0.00,2000.00,'2025-12-31',NULL,'2026-03-27 00:04:06'),(192,82,2000.00,0.00,0.00,2000.00,'2025-12-31',NULL,'2026-03-27 00:04:06'),(194,83,2000.00,0.00,0.00,2000.00,'2025-12-31',NULL,'2026-03-27 00:04:06'),(196,84,2000.00,0.00,0.00,2000.00,'2025-12-31',NULL,'2026-03-27 00:04:06');
/*!40000 ALTER TABLE `member_charge_summary` ENABLE KEYS */;
UNLOCK TABLES;

--
-- Table structure for table `members`
--

DROP TABLE IF EXISTS `members`;
/*!40101 SET @saved_cs_client     = @@character_set_client */;
/*!40101 SET character_set_client = utf8mb4 */;
CREATE TABLE `members` (
  `id` int(11) NOT NULL AUTO_INCREMENT,
  `member_no` varchar(20) NOT NULL,
  `full_name` varchar(100) NOT NULL,
  `national_id` varchar(20) NOT NULL,
  `phone` varchar(15) NOT NULL,
  `email` varchar(100) DEFAULT NULL,
  `address` text DEFAULT NULL,
  `date_joined` date NOT NULL,
  `membership_status` enum('pending','active','suspended','closed') DEFAULT 'pending',
  `kyc_documents` text DEFAULT NULL,
  `user_id` int(11) DEFAULT NULL,
  `created_by` int(11) DEFAULT NULL,
  `created_at` timestamp NOT NULL DEFAULT current_timestamp(),
  `updated_at` timestamp NULL DEFAULT NULL ON UPDATE current_timestamp(),
  `updated_by` int(11) DEFAULT NULL,
  `rejected_reason` text DEFAULT NULL,
  `approval_remarks` text DEFAULT NULL,
  `reviewed_at` datetime DEFAULT NULL,
  `reviewed_by` int(11) DEFAULT NULL,
  `registration_fee_paid` decimal(10,2) DEFAULT 0.00,
  `bylaws_fee_paid` decimal(10,2) DEFAULT 0.00,
  `registration_date` date DEFAULT NULL,
  `registration_receipt_no` varchar(50) DEFAULT NULL,
  `total_share_contributions` decimal(10,2) DEFAULT 0.00,
  `full_shares_issued` int(11) DEFAULT 0,
  `partial_share_balance` decimal(10,2) DEFAULT 0.00,
  `approved_at` datetime DEFAULT NULL,
  `rejected_by` int(11) DEFAULT NULL,
  `rejected_at` datetime DEFAULT NULL,
  `approved_by` int(11) DEFAULT NULL,
  `opening_balance_initialized` tinyint(1) DEFAULT 0,
  `opening_balance_date` date DEFAULT NULL,
  `imported_contributions` decimal(10,2) DEFAULT 0.00,
  `imported_shares_issued` int(11) DEFAULT 0,
  `total_penalties_paid` decimal(10,2) DEFAULT 0.00,
  `total_penalties_waived` decimal(10,2) DEFAULT 0.00,
  `last_penalty_date` date DEFAULT NULL,
  `total_admin_charges` decimal(10,2) DEFAULT 0.00,
  `admin_charges_paid` decimal(10,2) DEFAULT 0.00,
  `admin_charges_waived` decimal(10,2) DEFAULT 0.00,
  `last_charge_date` date DEFAULT NULL,
  `last_charge_payment_date` date DEFAULT NULL,
  `share_capital_shortfall` decimal(10,2) DEFAULT 0.00,
  `last_share_charge_date` date DEFAULT NULL,
  `last_admin_charge_date` date DEFAULT NULL,
  `total_admin_charges_year` decimal(10,2) DEFAULT 0.00,
  `share_charge_waived` tinyint(1) DEFAULT 0,
  `share_charge_waive_reason` text DEFAULT NULL,
  PRIMARY KEY (`id`),
  UNIQUE KEY `member_no` (`member_no`),
  UNIQUE KEY `national_id` (`national_id`),
  KEY `user_id` (`user_id`),
  KEY `created_by` (`created_by`),
  KEY `fk_members_updated_by` (`updated_by`),
  KEY `fk_members_reviewed_by` (`reviewed_by`),
  KEY `approved_by` (`approved_by`),
  CONSTRAINT `fk_members_reviewed_by` FOREIGN KEY (`reviewed_by`) REFERENCES `users` (`id`) ON DELETE SET NULL ON UPDATE CASCADE,
  CONSTRAINT `fk_members_updated_by` FOREIGN KEY (`updated_by`) REFERENCES `users` (`id`) ON DELETE SET NULL ON UPDATE CASCADE,
  CONSTRAINT `members_ibfk_1` FOREIGN KEY (`user_id`) REFERENCES `users` (`id`),
  CONSTRAINT `members_ibfk_2` FOREIGN KEY (`created_by`) REFERENCES `users` (`id`),
  CONSTRAINT `members_ibfk_3` FOREIGN KEY (`approved_by`) REFERENCES `users` (`id`)
) ENGINE=InnoDB AUTO_INCREMENT=87 DEFAULT CHARSET=utf8mb4 COLLATE=utf8mb4_general_ci;
/*!40101 SET character_set_client = @saved_cs_client */;

--
-- Dumping data for table `members`
--

LOCK TABLES `members` WRITE;
/*!40000 ALTER TABLE `members` DISABLE KEYS */;
INSERT INTO `members` VALUES (1,'1','CHARLES G. NDERITU','1','1','email@sacco.co.ke','1','2025-01-01','active',NULL,NULL,1,'2026-03-13 09:49:04','2026-03-27 09:47:53',NULL,NULL,NULL,NULL,NULL,0.00,0.00,NULL,NULL,20000.00,2,0.00,NULL,NULL,NULL,NULL,0,NULL,20000.00,2,0.00,0.00,NULL,0.00,0.00,0.00,NULL,NULL,0.00,NULL,'2025-12-31',1000.00,0,NULL),(2,'2','MARAGARA GACHIE','2','2','email@sacco.co.ke','2','2025-01-01','active',NULL,NULL,1,'2026-03-13 09:49:04','2026-03-27 09:48:01',NULL,NULL,NULL,NULL,NULL,0.00,0.00,NULL,NULL,20000.00,2,0.00,NULL,NULL,NULL,NULL,0,NULL,20000.00,2,0.00,0.00,NULL,0.00,0.00,0.00,NULL,NULL,0.00,NULL,'2025-12-31',1000.00,0,NULL),(3,'3','SIMON K. NDAGURI','3','3','email@sacco.co.ke','3','2025-01-01','active',NULL,NULL,1,'2026-03-13 09:49:05','2026-03-27 09:48:03',NULL,NULL,NULL,NULL,NULL,0.00,0.00,NULL,NULL,20000.00,2,0.00,NULL,NULL,NULL,NULL,0,NULL,20000.00,2,0.00,0.00,NULL,0.00,0.00,0.00,NULL,NULL,0.00,NULL,'2025-12-31',1000.00,0,NULL),(4,'6','DAVID M. MUCHIRI','6','6','email@sacco.co.ke','6','2025-01-01','active',NULL,NULL,1,'2026-03-13 09:49:05','2026-03-27 09:49:47',NULL,NULL,NULL,NULL,NULL,0.00,0.00,NULL,NULL,5000.00,0,5000.00,NULL,NULL,NULL,NULL,0,NULL,5000.00,1,0.00,0.00,NULL,0.00,0.00,0.00,NULL,NULL,0.00,'2026-03-27','2025-12-31',1000.00,0,NULL),(5,'7','FRANCIS MUNUHE','7','7','email@sacco.co.ke','7','2025-01-01','active',NULL,NULL,1,'2026-03-13 09:49:05','2026-03-28 08:55:14',NULL,NULL,NULL,NULL,NULL,0.00,0.00,NULL,NULL,7000.00,0,7000.00,NULL,NULL,NULL,NULL,0,NULL,7000.00,0,0.00,0.00,NULL,0.00,0.00,0.00,NULL,NULL,0.00,'2026-03-27','2025-12-31',1000.00,0,NULL),(6,'12','PETER MBUGUA','12','12','email@sacco.co.ke','12','2025-01-01','active',NULL,NULL,1,'2026-03-13 09:49:05','2026-03-27 09:49:47',NULL,NULL,NULL,NULL,NULL,0.00,0.00,NULL,NULL,30000.00,3,0.00,NULL,NULL,NULL,NULL,0,NULL,30000.00,3,0.00,0.00,NULL,0.00,0.00,0.00,NULL,NULL,0.00,'0000-00-00','2025-12-31',1000.00,0,NULL),(7,'13','DANIEL NDEGWA','13','13','email@sacco.co.ke','13','2025-01-01','active',NULL,NULL,1,'2026-03-13 09:49:05',NULL,NULL,NULL,NULL,NULL,NULL,0.00,0.00,NULL,NULL,0.00,0,0.00,NULL,NULL,NULL,NULL,0,NULL,0.00,0,0.00,0.00,NULL,0.00,0.00,0.00,NULL,NULL,0.00,NULL,NULL,0.00,0,NULL),(8,'15','DANIEL MAINA NJOROGE','15','15','email@sacco.co.ke','15','2025-01-01','active',NULL,NULL,1,'2026-03-13 09:49:05','2026-03-28 08:55:20',NULL,NULL,NULL,NULL,NULL,0.00,0.00,NULL,NULL,7000.00,0,7000.00,NULL,NULL,NULL,NULL,0,NULL,7000.00,0,0.00,0.00,NULL,0.00,0.00,0.00,NULL,NULL,0.00,'2026-03-27','2025-12-31',1000.00,0,NULL),(9,'17','SUSAN W. GITAU','17','17','email@sacco.co.ke','17','2025-01-01','active',NULL,NULL,1,'2026-03-13 09:49:05','2026-03-27 09:32:45',NULL,NULL,NULL,NULL,NULL,0.00,0.00,NULL,NULL,60000.00,6,0.00,NULL,NULL,NULL,NULL,0,NULL,60000.00,2,0.00,0.00,NULL,0.00,0.00,0.00,NULL,NULL,0.00,NULL,'2025-12-31',1000.00,0,NULL),(10,'19','KEZIAH WAITHIRA','19','19','email@sacco.co.ke','19','2025-01-01','active',NULL,NULL,1,'2026-03-13 09:49:05','2026-03-27 09:49:47',NULL,NULL,NULL,NULL,NULL,0.00,0.00,NULL,NULL,20000.00,2,0.00,NULL,NULL,NULL,NULL,0,NULL,20000.00,2,0.00,0.00,NULL,0.00,0.00,0.00,NULL,NULL,0.00,NULL,'2025-12-31',1000.00,0,NULL),(11,'20','JAMES M. THUITA','20','20','email@sacco.co.ke','20','2025-01-01','active',NULL,NULL,1,'2026-03-13 09:49:05','2026-03-27 09:51:18',NULL,NULL,NULL,NULL,NULL,0.00,0.00,NULL,NULL,20000.00,2,0.00,NULL,NULL,NULL,NULL,0,NULL,20000.00,0,0.00,0.00,NULL,0.00,0.00,0.00,NULL,NULL,0.00,NULL,'2025-12-31',1000.00,0,NULL),(12,'21','JASON KIRAGU','21','21','email@sacco.co.ke','21','2025-01-01','active',NULL,NULL,1,'2026-03-13 09:49:05','2026-03-27 09:49:47',NULL,NULL,NULL,NULL,NULL,0.00,0.00,NULL,NULL,5000.00,0,5000.00,NULL,NULL,NULL,NULL,0,NULL,5000.00,0,0.00,0.00,NULL,0.00,0.00,0.00,NULL,NULL,0.00,'0000-00-00','2025-12-31',1000.00,0,NULL),(13,'25','PETER WAITHAKA KIMANI','25','25','email@sacco.co.ke','25','2025-01-01','active',NULL,NULL,1,'2026-03-13 09:49:05','2026-03-28 08:55:26',NULL,NULL,NULL,NULL,NULL,0.00,0.00,NULL,NULL,4000.00,0,4000.00,NULL,NULL,NULL,NULL,0,NULL,7000.00,0,0.00,0.00,NULL,0.00,0.00,0.00,NULL,NULL,0.00,NULL,NULL,0.00,0,NULL),(14,'29','TABITHA WANYOIKE','29','29','email@sacco.co.ke','29','2025-01-01','active',NULL,NULL,1,'2026-03-13 09:49:05','2026-03-27 11:45:40',NULL,NULL,NULL,NULL,NULL,0.00,0.00,NULL,NULL,7000.00,0,7000.00,NULL,NULL,NULL,NULL,0,NULL,6000.00,0,0.00,0.00,NULL,0.00,0.00,0.00,NULL,NULL,0.00,'2026-03-27','2025-12-31',1000.00,0,NULL),(15,'31','ELIUD NJOROGE','31','31','email@sacco.co.ke','31','2025-01-01','active',NULL,NULL,1,'2026-03-13 09:49:05','2026-03-28 08:55:31',NULL,NULL,NULL,NULL,NULL,0.00,0.00,NULL,NULL,4000.00,1,4000.00,NULL,NULL,NULL,NULL,0,NULL,11000.00,1,0.00,0.00,NULL,0.00,0.00,0.00,NULL,NULL,0.00,'0000-00-00','2025-12-31',1000.00,0,NULL),(16,'36','CHRISTINE NJERI MAHUGU','36','36','email@sacco.co.ke','36','2025-01-01','active',NULL,NULL,1,'2026-03-13 09:49:05','2026-03-27 17:35:50',NULL,NULL,NULL,NULL,NULL,0.00,0.00,NULL,NULL,10000.00,1,0.00,NULL,NULL,NULL,NULL,0,NULL,9000.00,0,0.00,0.00,NULL,0.00,0.00,0.00,NULL,NULL,0.00,'2026-03-27','2025-12-31',1000.00,0,NULL),(17,'37','GRACE WANGUI WANJOHI','37','37','email@sacco.co.ke','37','2025-01-01','active',NULL,NULL,1,'2026-03-13 09:49:05','2026-03-28 08:55:37',NULL,NULL,NULL,NULL,NULL,0.00,0.00,NULL,NULL,7000.00,0,7000.00,NULL,NULL,NULL,NULL,0,NULL,6000.00,0,0.00,0.00,NULL,0.00,0.00,0.00,NULL,NULL,0.00,'0000-00-00','2025-12-31',1000.00,0,NULL),(18,'41','NANCY WAMBUI NJOROGE','41','41','email@sacco.co.ke','41','2025-01-01','active',NULL,NULL,1,'2026-03-13 09:49:05','2026-03-29 08:47:04',NULL,NULL,NULL,NULL,NULL,0.00,0.00,NULL,NULL,20000.00,2,0.00,NULL,NULL,NULL,NULL,0,NULL,20000.00,0,0.00,0.00,NULL,0.00,0.00,0.00,NULL,NULL,0.00,NULL,'2025-12-31',1000.00,0,NULL),(19,'44','JULIA MUTHONI GITHINJI','44','44','email@sacco.co.ke','44','2025-01-01','active',NULL,NULL,1,'2026-03-13 09:49:05','2026-03-29 08:46:29',NULL,NULL,NULL,NULL,NULL,0.00,0.00,NULL,NULL,11000.00,1,1000.00,NULL,NULL,NULL,NULL,0,NULL,11000.00,1,0.00,0.00,NULL,0.00,0.00,0.00,NULL,NULL,0.00,'0000-00-00','2025-12-31',1000.00,0,NULL),(20,'45','JACQUELINE W. KAMAU','45','45','email@sacco.co.ke','45','2025-01-01','active',NULL,NULL,1,'2026-03-13 09:49:05','2026-03-28 07:12:27',NULL,NULL,NULL,NULL,NULL,0.00,0.00,NULL,NULL,10000.00,1,0.00,NULL,NULL,NULL,NULL,0,NULL,10000.00,1,0.00,0.00,NULL,0.00,0.00,0.00,NULL,NULL,0.00,NULL,'2025-12-31',1000.00,0,NULL),(21,'48','SAMUEL WAITHAKA','48','48','email@sacco.co.ke','48','2025-01-01','active',NULL,NULL,1,'2026-03-13 09:49:05','2026-03-28 07:29:22',NULL,NULL,NULL,NULL,NULL,0.00,0.00,NULL,NULL,7000.00,0,7000.00,NULL,NULL,NULL,NULL,0,NULL,7000.00,0,0.00,0.00,NULL,0.00,0.00,0.00,NULL,NULL,0.00,'2026-03-28','2025-12-31',6000.00,0,NULL),(22,'51','MICHAEL KIMANI','51','51','email@sacco.co.ke','51','2025-01-01','active',NULL,NULL,1,'2026-03-13 09:49:05','2026-03-28 07:41:14',NULL,NULL,NULL,NULL,NULL,0.00,0.00,NULL,NULL,6000.00,0,6000.00,NULL,NULL,NULL,NULL,0,NULL,6000.00,0,0.00,0.00,NULL,0.00,0.00,0.00,NULL,NULL,0.00,NULL,'2025-12-31',1000.00,0,NULL),(23,'52','CHARLES MATHENGE WACHIRA','52','52','email@sacco.co.ke','52','2025-01-01','active',NULL,NULL,1,'2026-03-13 09:49:05','2026-03-28 08:56:42',NULL,NULL,NULL,NULL,NULL,0.00,0.00,NULL,NULL,7000.00,0,7000.00,NULL,NULL,NULL,NULL,0,NULL,7000.00,0,0.00,0.00,NULL,0.00,0.00,0.00,NULL,NULL,0.00,'0000-00-00','2025-12-31',1000.00,0,NULL),(24,'53','EDWARD N. KANYONJI','53','53','email@sacco.co.ke','53','2025-01-01','active',NULL,NULL,1,'2026-03-13 09:49:05','2026-03-28 08:57:20',NULL,NULL,NULL,NULL,NULL,0.00,0.00,NULL,NULL,10000.00,1,0.00,NULL,NULL,NULL,NULL,0,NULL,10000.00,1,0.00,0.00,NULL,0.00,0.00,0.00,NULL,NULL,0.00,NULL,'2025-12-31',1000.00,0,NULL),(25,'54','MUSA MUCHAI','54','54','email@sacco.co.ke','54','2025-01-01','active',NULL,NULL,1,'2026-03-13 09:49:05','2026-03-29 08:45:06',NULL,NULL,NULL,NULL,NULL,0.00,0.00,NULL,NULL,47000.00,4,7000.00,NULL,NULL,NULL,NULL,0,NULL,47000.00,4,0.00,0.00,NULL,0.00,0.00,0.00,NULL,NULL,0.00,NULL,'2025-12-31',1000.00,0,NULL),(26,'55','ARTHUR NDERITU GITONGA','55','55','email@sacco.co.ke','55','2025-01-01','active',NULL,NULL,1,'2026-03-13 09:49:05','2026-03-29 08:45:09',NULL,NULL,NULL,NULL,NULL,0.00,0.00,NULL,NULL,6000.00,0,6000.00,NULL,NULL,NULL,NULL,0,NULL,6000.00,0,0.00,0.00,NULL,0.00,0.00,0.00,NULL,NULL,0.00,'0000-00-00','2025-12-31',1000.00,0,NULL),(27,'56','MARY WAITHIEGENI GITONGA','56','56','email@sacco.co.ke','56','2025-01-01','active',NULL,NULL,1,'2026-03-13 09:49:05','2026-03-29 08:45:12',NULL,NULL,NULL,NULL,NULL,0.00,0.00,NULL,NULL,3000.00,0,3000.00,NULL,NULL,NULL,NULL,0,NULL,3000.00,0,0.00,0.00,NULL,0.00,0.00,0.00,NULL,NULL,0.00,'0000-00-00','2025-12-31',1000.00,0,NULL),(28,'57','EUNICE N KIONGO','57','57','email@sacco.co.ke','57','2025-01-01','active',NULL,NULL,1,'2026-03-13 09:49:05','2026-03-27 09:49:47',NULL,NULL,NULL,NULL,NULL,0.00,0.00,NULL,NULL,10000.00,1,0.00,NULL,NULL,NULL,NULL,0,NULL,10000.00,1,0.00,0.00,NULL,0.00,0.00,0.00,NULL,NULL,0.00,NULL,'2025-12-31',1000.00,0,NULL),(29,'58','KELLEN MUTHONI MBAE','58','58','email@sacco.co.ke','58','2025-01-01','active',NULL,NULL,1,'2026-03-13 09:49:05','2026-03-28 20:30:44',NULL,NULL,NULL,NULL,NULL,0.00,0.00,NULL,NULL,10000.00,1,0.00,NULL,NULL,NULL,NULL,0,NULL,9000.00,0,0.00,0.00,NULL,0.00,0.00,0.00,NULL,NULL,0.00,'2026-03-28','2025-12-31',1000.00,0,NULL),(30,'62','MARY NJERI NJOROGE','62','62','email@sacco.co.ke','62','2025-01-01','active',NULL,NULL,1,'2026-03-13 09:49:05','2026-03-28 20:35:08',NULL,NULL,NULL,NULL,NULL,0.00,0.00,NULL,NULL,10000.00,1,0.00,NULL,NULL,NULL,NULL,0,NULL,10000.00,1,0.00,0.00,NULL,0.00,0.00,0.00,NULL,NULL,0.00,NULL,'2025-12-31',1000.00,0,NULL),(31,'65','MARGARET KAMAU','65','65','email@sacco.co.ke','65','2025-01-01','active',NULL,NULL,1,'2026-03-13 09:49:05','2026-03-29 06:47:00',NULL,NULL,NULL,NULL,NULL,0.00,0.00,NULL,NULL,10000.00,1,0.00,NULL,NULL,NULL,NULL,0,NULL,8000.00,0,0.00,0.00,NULL,0.00,0.00,0.00,NULL,NULL,0.00,NULL,'2025-12-31',1000.00,0,NULL),(32,'67','EDITH NJOKI ITUI','67','67','email@sacco.co.ke','67','2025-01-01','active',NULL,NULL,1,'2026-03-13 09:49:05','2026-03-29 06:56:35',NULL,NULL,NULL,NULL,NULL,0.00,0.00,NULL,NULL,0.00,0,0.00,NULL,NULL,NULL,NULL,0,NULL,0.00,0,0.00,0.00,NULL,0.00,0.00,0.00,NULL,NULL,0.00,NULL,NULL,0.00,0,NULL),(33,'73','GEOFFREY NGANGA','73','73','email@sacco.co.ke','73','2025-01-01','active',NULL,NULL,1,'2026-03-13 09:49:05','2026-03-29 08:45:17',NULL,NULL,NULL,NULL,NULL,0.00,0.00,NULL,NULL,7000.00,0,7000.00,NULL,NULL,NULL,NULL,0,NULL,7000.00,0,0.00,0.00,NULL,0.00,0.00,0.00,NULL,NULL,0.00,'0000-00-00','2025-12-31',1000.00,0,NULL),(34,'74','SAMMY MAINA','74','74','email@sacco.co.ke','74','2025-01-01','active',NULL,NULL,1,'2026-03-13 09:49:05','2026-03-27 09:49:47',NULL,NULL,NULL,NULL,NULL,0.00,0.00,NULL,NULL,4000.00,0,4000.00,NULL,NULL,NULL,NULL,0,NULL,4000.00,0,0.00,0.00,NULL,0.00,0.00,0.00,NULL,NULL,0.00,NULL,NULL,0.00,0,NULL),(35,'78','LAWRENCE NDERITU','78','78','email@sacco.co.ke','78','2025-01-01','active',NULL,NULL,1,'2026-03-13 09:49:05','2026-03-29 08:19:59',NULL,NULL,NULL,NULL,NULL,0.00,0.00,NULL,NULL,10000.00,1,0.00,NULL,NULL,NULL,NULL,0,NULL,10000.00,0,0.00,0.00,NULL,0.00,0.00,0.00,NULL,NULL,0.00,NULL,'2025-12-31',1000.00,0,NULL),(36,'84','DANIEL KAMAU GUCHU','84','84','email@sacco.co.ke','84','2025-01-01','active',NULL,NULL,1,'2026-03-13 09:49:05','2026-03-29 08:45:24',NULL,NULL,NULL,NULL,NULL,0.00,0.00,NULL,NULL,4000.00,0,4000.00,NULL,NULL,NULL,NULL,0,NULL,4000.00,0,0.00,0.00,NULL,0.00,0.00,0.00,NULL,NULL,0.00,NULL,NULL,0.00,0,NULL),(37,'92','JANE WANGECHI MUTURI','92','92','email@sacco.co.ke','92','2025-01-01','active',NULL,NULL,1,'2026-03-13 09:49:05','2026-03-29 08:46:01',NULL,NULL,NULL,NULL,NULL,0.00,0.00,NULL,NULL,7000.00,0,7000.00,NULL,NULL,NULL,NULL,0,NULL,7000.00,0,0.00,0.00,NULL,0.00,0.00,0.00,NULL,NULL,0.00,'2026-03-29','2025-12-31',1000.00,0,NULL),(38,'94','SALOME WAMBUI KINGI','94','94','email@sacco.co.ke','94','2025-01-01','active',NULL,NULL,1,'2026-03-13 09:49:05','2026-03-29 08:45:28',NULL,NULL,NULL,NULL,NULL,0.00,0.00,NULL,NULL,6000.00,0,6000.00,NULL,NULL,NULL,NULL,0,NULL,6000.00,0,0.00,0.00,NULL,0.00,0.00,0.00,NULL,NULL,0.00,NULL,NULL,0.00,0,NULL),(39,'98','JOSEPH KIHUNYU MAINA','98','98','email@sacco.co.ke','98','2025-01-01','active',NULL,NULL,1,'2026-03-13 09:49:05','2026-03-27 09:49:47',NULL,NULL,NULL,NULL,NULL,0.00,0.00,NULL,NULL,14000.00,1,4000.00,NULL,NULL,NULL,NULL,0,NULL,14000.00,1,0.00,0.00,NULL,0.00,0.00,0.00,NULL,NULL,0.00,NULL,'2025-12-31',1000.00,0,NULL),(40,'99','JOYCE WARINGA GITUKIA','99','99','email@sacco.co.ke','99','2025-01-01','active',NULL,NULL,1,'2026-03-13 09:49:05','2026-03-27 09:49:47',NULL,NULL,NULL,NULL,NULL,0.00,0.00,NULL,NULL,10000.00,1,0.00,NULL,NULL,NULL,NULL,0,NULL,10000.00,1,0.00,0.00,NULL,0.00,0.00,0.00,NULL,NULL,0.00,NULL,'2025-12-31',1000.00,0,NULL),(41,'101','GRACE WANJIKU MAHUGU','101','101','email@sacco.co.ke','101','2025-01-01','active',NULL,NULL,1,'2026-03-13 09:49:05','2026-03-29 09:02:12',NULL,NULL,NULL,NULL,NULL,0.00,0.00,NULL,NULL,7000.00,0,7000.00,NULL,NULL,NULL,NULL,0,NULL,7000.00,0,0.00,0.00,NULL,0.00,0.00,0.00,NULL,NULL,0.00,'2026-03-29','2025-12-31',1000.00,0,NULL),(42,'113','MARGARET WANJIRU KAMAU','113','113','email@sacco.co.ke','113','2025-01-01','active',NULL,NULL,1,'2026-03-13 09:49:05','2026-03-29 09:07:05',NULL,NULL,NULL,NULL,NULL,0.00,0.00,NULL,NULL,10000.00,1,0.00,NULL,NULL,NULL,NULL,0,NULL,10000.00,1,0.00,0.00,NULL,0.00,0.00,0.00,NULL,NULL,0.00,'2026-03-28','2025-12-31',1000.00,0,NULL),(43,'114','SUSAN WARUKIRA MAINA','114','114','email@sacco.co.ke','114','2025-01-01','active',NULL,NULL,1,'2026-03-13 09:49:05','2026-03-27 09:49:47',NULL,NULL,NULL,NULL,NULL,0.00,0.00,NULL,NULL,6000.00,0,6000.00,NULL,NULL,NULL,NULL,0,NULL,6000.00,0,0.00,0.00,NULL,0.00,0.00,0.00,NULL,NULL,0.00,NULL,NULL,0.00,0,NULL),(44,'116','ALEX WAHOME NDIRANGU','116','116','email@sacco.co.ke','116','2025-01-01','active',NULL,NULL,1,'2026-03-13 09:49:05','2026-03-27 09:49:47',NULL,NULL,NULL,NULL,NULL,0.00,0.00,NULL,NULL,20000.00,2,0.00,NULL,NULL,NULL,NULL,0,NULL,20000.00,2,0.00,0.00,NULL,0.00,0.00,0.00,NULL,NULL,0.00,NULL,'2025-12-31',1000.00,0,NULL),(45,'121','JAMES MUNENE MIRITI','121','121','email@sacco.co.ke','121','2025-01-01','active',NULL,NULL,1,'2026-03-13 09:49:05','2026-03-27 09:49:47',NULL,NULL,NULL,NULL,NULL,0.00,0.00,NULL,NULL,10000.00,1,0.00,NULL,NULL,NULL,NULL,0,NULL,10000.00,1,0.00,0.00,NULL,0.00,0.00,0.00,NULL,NULL,0.00,NULL,'2025-12-31',1000.00,0,NULL),(46,'123','CATHERINE WANJOHI','123','123','email@sacco.co.ke','123','2025-01-01','active',NULL,NULL,1,'2026-03-13 09:49:05','2026-03-29 10:58:54',NULL,NULL,NULL,NULL,NULL,0.00,0.00,NULL,NULL,7000.00,0,7000.00,NULL,NULL,NULL,NULL,0,NULL,6000.00,0,0.00,0.00,NULL,0.00,0.00,0.00,NULL,NULL,0.00,'2026-03-29','2025-12-31',1000.00,0,NULL),(47,'128','MERCY WANJIRU KAMAU','128','128','email@sacco.co.ke','128','2025-01-01','active',NULL,NULL,1,'2026-03-13 09:49:05','2026-03-29 11:14:57',NULL,NULL,NULL,NULL,NULL,0.00,0.00,NULL,NULL,7000.00,0,7000.00,NULL,NULL,NULL,NULL,0,NULL,7000.00,0,0.00,0.00,NULL,0.00,0.00,0.00,NULL,NULL,0.00,'2026-03-29','2025-12-31',1000.00,0,NULL),(48,'130','LEAH KAGURE NDECO','130','130','email@sacco.co.ke','130','2025-01-01','active',NULL,NULL,1,'2026-03-13 09:49:05','2026-03-27 09:49:47',NULL,NULL,NULL,NULL,NULL,0.00,0.00,NULL,NULL,6000.00,0,6000.00,NULL,NULL,NULL,NULL,0,NULL,6000.00,0,0.00,0.00,NULL,0.00,0.00,0.00,NULL,NULL,0.00,NULL,'2025-12-31',1000.00,0,NULL),(49,'135','ALICE NYAMBURA KARANJA','135','135','email@sacco.co.ke','135','2025-01-01','active',NULL,NULL,1,'2026-03-13 09:49:05','2026-03-27 09:49:47',NULL,NULL,NULL,NULL,NULL,0.00,0.00,NULL,NULL,3000.00,0,3000.00,NULL,NULL,NULL,NULL,0,NULL,3000.00,0,0.00,0.00,NULL,0.00,0.00,0.00,NULL,NULL,0.00,NULL,NULL,0.00,0,NULL),(50,'136','RACHAEL WANJIKU','136','136','email@sacco.co.ke','136','2025-01-01','active',NULL,NULL,1,'2026-03-13 09:49:05','2026-03-29 12:37:16',NULL,NULL,NULL,NULL,NULL,0.00,0.00,NULL,NULL,7000.00,0,7000.00,NULL,NULL,NULL,NULL,0,NULL,6000.00,0,0.00,0.00,NULL,0.00,0.00,0.00,NULL,NULL,0.00,'2026-03-29','2025-12-31',1000.00,0,NULL),(51,'137','EUNICE NJAMBI KAMAU','137','137','email@sacco.co.ke','137','2025-01-01','active',NULL,NULL,1,'2026-03-13 09:49:05','2026-03-29 13:00:27',NULL,NULL,NULL,NULL,NULL,0.00,0.00,NULL,NULL,7000.00,0,7000.00,NULL,NULL,NULL,NULL,0,NULL,6000.00,0,0.00,0.00,NULL,0.00,0.00,0.00,NULL,NULL,0.00,'2026-03-29','2025-12-31',1000.00,0,NULL),(52,'140','MARY WACHEKE MWARI','140','140','email@sacco.co.ke','140','2025-01-01','active',NULL,NULL,1,'2026-03-13 09:49:05','2026-03-29 13:00:50',NULL,NULL,NULL,NULL,NULL,0.00,0.00,NULL,NULL,7000.00,0,7000.00,NULL,NULL,NULL,NULL,0,NULL,6000.00,0,0.00,0.00,NULL,0.00,0.00,0.00,NULL,NULL,0.00,'2026-03-29','2025-12-31',1000.00,0,NULL),(53,'143','ANGELA WANJIRU KAMAU','143','143','email@sacco.co.ke','143','2025-01-01','active',NULL,NULL,1,'2026-03-13 09:49:05','2026-03-29 13:01:16',NULL,NULL,NULL,NULL,NULL,0.00,0.00,NULL,NULL,7000.00,0,7000.00,NULL,NULL,NULL,NULL,0,NULL,6000.00,0,0.00,0.00,NULL,0.00,0.00,0.00,NULL,NULL,0.00,'2026-03-29','2025-12-31',1000.00,0,NULL),(54,'144','EUNICE WANJA WAIGANJO','144','144','email@sacco.co.ke','144','2025-01-01','active',NULL,NULL,1,'2026-03-13 09:49:05','2026-03-29 13:01:58',NULL,NULL,NULL,NULL,NULL,0.00,0.00,NULL,NULL,7000.00,0,7000.00,NULL,NULL,NULL,NULL,0,NULL,6000.00,0,0.00,0.00,NULL,0.00,0.00,0.00,NULL,NULL,0.00,'2026-03-29','2025-12-31',1000.00,0,NULL),(55,'145','RUTH WANGUI MAINA','145','145','email@sacco.co.ke','145','2025-01-01','active',NULL,NULL,1,'2026-03-13 09:49:05','2026-03-27 09:49:47',NULL,NULL,NULL,NULL,NULL,0.00,0.00,NULL,NULL,10000.00,1,0.00,NULL,NULL,NULL,NULL,0,NULL,10000.00,1,0.00,0.00,NULL,0.00,0.00,0.00,NULL,NULL,0.00,NULL,'2025-12-31',1000.00,0,NULL),(56,'147','JACKSON NDAGURI KAMAU','147','147','email@sacco.co.ke','147','2025-01-01','active',NULL,NULL,1,'2026-03-13 09:49:05','2026-03-27 09:49:47',NULL,NULL,NULL,NULL,NULL,0.00,0.00,NULL,NULL,10000.00,1,0.00,NULL,NULL,NULL,NULL,0,NULL,10000.00,1,0.00,0.00,NULL,0.00,0.00,0.00,NULL,NULL,0.00,NULL,'2025-12-31',1000.00,0,NULL),(57,'148','FLORENCE WAIRIMU WAROTHE','148','148','email@sacco.co.ke','148','2025-01-01','active',NULL,NULL,1,'2026-03-13 09:49:05','2026-03-29 13:24:16',NULL,NULL,NULL,NULL,NULL,0.00,0.00,NULL,NULL,7000.00,0,7000.00,NULL,NULL,NULL,NULL,0,NULL,6000.00,0,0.00,0.00,NULL,0.00,0.00,0.00,NULL,NULL,0.00,'2026-03-29','2025-12-31',1000.00,0,NULL),(58,'149','CATHERINE NJERI NJAGI','149','149','email@sacco.co.ke','149','2025-01-01','active',NULL,NULL,1,'2026-03-13 09:49:05','2026-03-29 13:24:58',NULL,NULL,NULL,NULL,NULL,0.00,0.00,NULL,NULL,7000.00,0,7000.00,NULL,NULL,NULL,NULL,0,NULL,6000.00,0,0.00,0.00,NULL,0.00,0.00,0.00,NULL,NULL,0.00,'2026-03-29','2025-12-31',1000.00,0,NULL),(59,'150','LLOYD NJAGI','150','150','email@sacco.co.ke','150','2025-01-01','active',NULL,NULL,1,'2026-03-13 09:49:05','2026-03-29 13:24:38',NULL,NULL,NULL,NULL,NULL,0.00,0.00,NULL,NULL,7000.00,0,7000.00,NULL,NULL,NULL,NULL,0,NULL,6000.00,0,0.00,0.00,NULL,0.00,0.00,0.00,NULL,NULL,0.00,'2026-03-29','2025-12-31',1000.00,0,NULL),(60,'154','JAMES GICHUHI NJOGU','154','154','email@sacco.co.ke','154','2025-01-01','active',NULL,NULL,1,'2026-03-13 09:49:05','2026-03-27 09:49:47',NULL,NULL,NULL,NULL,NULL,0.00,0.00,NULL,NULL,2000.00,0,2000.00,NULL,NULL,NULL,NULL,0,NULL,2000.00,0,0.00,0.00,NULL,0.00,0.00,0.00,NULL,NULL,0.00,'0000-00-00','2025-12-31',1000.00,0,NULL),(61,'155','JOHN NJUENI KARANJA','155','155','email@sacco.co.ke','155','2025-01-01','active',NULL,NULL,1,'2026-03-13 09:49:05','2026-03-27 09:49:47',NULL,NULL,NULL,NULL,NULL,0.00,0.00,NULL,NULL,4000.00,0,4000.00,NULL,NULL,NULL,NULL,0,NULL,4000.00,0,0.00,0.00,NULL,0.00,0.00,0.00,NULL,NULL,0.00,NULL,NULL,0.00,0,NULL),(62,'159','JOHN NJOROGE GACHIE','159','159','email@sacco.co.ke','159','2025-01-01','active',NULL,NULL,1,'2026-03-13 09:49:05','2026-03-29 15:20:52',NULL,NULL,NULL,NULL,NULL,0.00,0.00,NULL,NULL,7000.00,0,7000.00,NULL,NULL,NULL,NULL,0,NULL,6000.00,0,0.00,0.00,NULL,0.00,0.00,0.00,NULL,NULL,0.00,'2026-03-29','2025-12-31',1000.00,0,NULL),(63,'160','JOHN NDUNGU NJOROGE','160','160','email@sacco.co.ke','160','2025-01-01','active',NULL,NULL,1,'2026-03-13 09:49:05','2026-03-29 15:47:09',NULL,NULL,NULL,NULL,NULL,0.00,0.00,NULL,NULL,5000.00,0,5000.00,NULL,NULL,NULL,NULL,0,NULL,5000.00,0,0.00,0.00,NULL,0.00,0.00,0.00,NULL,NULL,0.00,NULL,NULL,0.00,0,NULL),(64,'161','LUCY KIENDE','161','161','email@sacco.co.ke','161','2025-01-01','active',NULL,NULL,1,'2026-03-13 09:49:05','2026-03-29 15:49:00',NULL,NULL,NULL,NULL,NULL,0.00,0.00,NULL,NULL,6000.00,0,6000.00,NULL,NULL,NULL,NULL,0,NULL,5000.00,0,0.00,0.00,NULL,0.00,0.00,0.00,NULL,NULL,0.00,NULL,NULL,0.00,0,NULL),(65,'162','PETER RWERIA','162','162','email@sacco.co.ke','162','2025-01-01','active',NULL,NULL,1,'2026-03-13 09:49:05','2026-03-29 15:59:33',NULL,NULL,NULL,NULL,NULL,0.00,0.00,NULL,NULL,7000.00,0,7000.00,NULL,NULL,NULL,NULL,0,NULL,6000.00,0,0.00,0.00,NULL,0.00,0.00,0.00,NULL,NULL,0.00,'2026-03-29','2025-12-31',1000.00,0,NULL),(66,'164','LUCY WANJIRU KAMAU','164','164','email@sacco.co.ke','164','2025-01-01','active',NULL,NULL,1,'2026-03-13 09:49:05','2026-03-29 16:03:55',NULL,NULL,NULL,NULL,NULL,0.00,0.00,NULL,NULL,7000.00,0,7000.00,NULL,NULL,NULL,NULL,0,NULL,6000.00,0,0.00,0.00,NULL,0.00,0.00,0.00,NULL,NULL,0.00,'2026-03-29','2025-12-31',1000.00,0,NULL),(67,'165','WILSON KAMAU KARANJA','165','165','email@sacco.co.ke','165','2025-01-01','active',NULL,NULL,1,'2026-03-13 09:49:05','2026-03-29 16:08:55',NULL,NULL,NULL,NULL,NULL,0.00,0.00,NULL,NULL,2000.00,0,2000.00,NULL,NULL,NULL,NULL,0,NULL,2000.00,0,0.00,0.00,NULL,0.00,0.00,0.00,NULL,NULL,0.00,NULL,NULL,0.00,0,NULL),(68,'166','MARGARET WAMBUI KIBE','166','166','email@sacco.co.ke','166','2025-01-01','active',NULL,NULL,1,'2026-03-13 09:49:05','2026-03-29 16:12:12',NULL,NULL,NULL,NULL,NULL,0.00,0.00,NULL,NULL,0.00,0,0.00,NULL,NULL,NULL,NULL,0,NULL,0.00,0,0.00,0.00,NULL,0.00,0.00,0.00,NULL,NULL,0.00,NULL,NULL,0.00,0,NULL),(69,'167','EUNICE NJAMBI RWERIA','167','167','email@sacco.co.ke','167','2025-01-01','active',NULL,NULL,1,'2026-03-13 09:49:05','2026-03-27 09:49:47',NULL,NULL,NULL,NULL,NULL,0.00,0.00,NULL,NULL,10000.00,1,0.00,NULL,NULL,NULL,NULL,0,NULL,10000.00,1,0.00,0.00,NULL,0.00,0.00,0.00,NULL,NULL,0.00,NULL,'2025-12-31',1000.00,0,NULL),(70,'170','JUDDY WAMBUI NDUNGU','170','170','email@sacco.co.ke','170','2025-01-01','active',NULL,NULL,1,'2026-03-13 09:49:05','2026-03-27 09:49:47',NULL,NULL,NULL,NULL,NULL,0.00,0.00,NULL,NULL,4000.00,0,4000.00,NULL,NULL,NULL,NULL,0,NULL,4000.00,0,0.00,0.00,NULL,0.00,0.00,0.00,NULL,NULL,0.00,'0000-00-00','2025-12-31',1000.00,0,NULL),(71,'172','SUSAN W. WAMBUGU','172','172','email@sacco.co.ke','172','2025-01-01','active',NULL,NULL,1,'2026-03-13 09:49:05','2026-03-27 09:49:47',NULL,NULL,NULL,NULL,NULL,0.00,0.00,NULL,NULL,4000.00,0,4000.00,NULL,NULL,NULL,NULL,0,NULL,4000.00,0,0.00,0.00,NULL,0.00,0.00,0.00,NULL,NULL,0.00,'0000-00-00','2025-12-31',1000.00,0,NULL),(72,'176','JOSEPH KAMAU MUCHAI','176','176','email@sacco.co.ke','176','2025-01-01','active',NULL,NULL,1,'2026-03-13 09:49:05','2026-03-29 16:27:43',NULL,NULL,NULL,NULL,NULL,0.00,0.00,NULL,NULL,0.00,0,0.00,NULL,NULL,NULL,NULL,0,NULL,0.00,0,0.00,0.00,NULL,0.00,0.00,0.00,NULL,NULL,0.00,'0000-00-00','2025-12-31',1000.00,0,NULL),(73,'179','MERCY MUTHONI MUNGAI','179','179','email@sacco.co.ke','179','2025-01-01','active',NULL,NULL,1,'2026-03-13 09:49:05','2026-03-29 16:29:50',NULL,NULL,NULL,NULL,NULL,0.00,0.00,NULL,NULL,0.00,0,0.00,NULL,NULL,NULL,NULL,0,NULL,0.00,0,0.00,0.00,NULL,0.00,0.00,0.00,NULL,NULL,0.00,'0000-00-00','2025-12-31',1000.00,0,NULL),(74,'180','JOHN MURIITHI','180','180','email@sacco.co.ke','180','2025-01-01','active',NULL,NULL,1,'2026-03-13 09:49:05','2026-03-29 16:33:18',NULL,NULL,NULL,NULL,NULL,0.00,0.00,NULL,NULL,4000.00,0,4000.00,NULL,NULL,NULL,NULL,0,NULL,4000.00,0,0.00,0.00,NULL,0.00,0.00,0.00,NULL,NULL,0.00,'0000-00-00','2025-12-31',1000.00,0,NULL),(75,'181','JANE W. KIRAGU','181','181','email@sacco.co.ke','181','2025-01-01','active',NULL,NULL,1,'2026-03-13 09:49:05','2026-03-29 16:36:53',NULL,NULL,NULL,NULL,NULL,0.00,0.00,NULL,NULL,0.00,0,0.00,NULL,NULL,NULL,NULL,0,NULL,0.00,0,0.00,0.00,NULL,0.00,0.00,0.00,NULL,NULL,0.00,NULL,NULL,0.00,0,NULL),(76,'182','ESTHER NDUTA MWANIKI','182','182','email@sacco.co.ke','182','2025-01-01','active',NULL,NULL,1,'2026-03-13 09:49:05','2026-03-27 09:49:47',NULL,NULL,NULL,NULL,NULL,0.00,0.00,NULL,NULL,4000.00,0,4000.00,NULL,NULL,NULL,NULL,0,NULL,4000.00,0,0.00,0.00,NULL,0.00,0.00,0.00,NULL,NULL,0.00,'0000-00-00','2025-12-31',1000.00,0,NULL),(77,'183','NANCY NYAKINYUA GITAU','183','183','email@sacco.co.ke','183','2025-01-01','active',NULL,NULL,1,'2026-03-13 09:49:05','2026-03-29 16:42:38',NULL,NULL,NULL,NULL,NULL,0.00,0.00,NULL,NULL,0.00,0,0.00,NULL,NULL,NULL,NULL,0,NULL,0.00,0,0.00,0.00,NULL,0.00,0.00,0.00,NULL,NULL,0.00,'0000-00-00','2025-12-31',1000.00,0,NULL),(78,'184','CAROLINE WANJIRU KANGARUA','184','184','email@sacco.co.ke','184','2025-01-01','active',NULL,NULL,1,'2026-03-13 09:49:05','2026-03-29 16:42:40',NULL,NULL,NULL,NULL,NULL,0.00,0.00,NULL,NULL,0.00,1,0.00,NULL,NULL,NULL,NULL,0,NULL,0.00,1,0.00,0.00,NULL,0.00,0.00,0.00,NULL,NULL,0.00,NULL,'2025-12-31',1000.00,0,NULL),(79,'89','BETHWEL MBUGUA','89','89','email@sacco.co.ke','89','2025-01-01','active',NULL,NULL,1,'2026-03-13 09:49:05','2026-03-29 16:42:42',NULL,NULL,NULL,NULL,NULL,0.00,0.00,NULL,NULL,0.00,0,0.00,NULL,NULL,NULL,NULL,0,NULL,0.00,0,0.00,0.00,NULL,0.00,0.00,0.00,NULL,NULL,0.00,'0000-00-00','2025-12-31',1000.00,0,NULL),(80,'185','BETHSAIDA CHURCH','185','185','email@sacco.co.ke','185','2025-01-01','active',NULL,NULL,1,'2026-03-13 09:49:05','2026-03-29 16:51:46',NULL,NULL,NULL,NULL,NULL,0.00,0.00,NULL,NULL,2000.00,0,2000.00,NULL,NULL,NULL,NULL,0,NULL,1000.00,0,0.00,0.00,NULL,0.00,0.00,0.00,NULL,NULL,0.00,'0000-00-00','2025-12-31',1000.00,0,NULL),(81,'186','CECILIA NYAMBURA MACHARIA','186','186','email@sacco.co.ke','186','2025-01-01','active',NULL,NULL,1,'2026-03-13 09:49:05','2026-03-29 16:58:35',NULL,NULL,NULL,NULL,NULL,0.00,0.00,NULL,NULL,2000.00,0,2000.00,NULL,NULL,NULL,NULL,0,NULL,2000.00,0,0.00,0.00,NULL,0.00,0.00,0.00,NULL,NULL,0.00,'0000-00-00','2025-12-31',1000.00,0,NULL),(82,'187','TERESIA NJOKI WAMBUI','187','187','email@sacco.co.ke','187','2025-01-01','active',NULL,NULL,1,'2026-03-13 09:49:05','2026-03-29 17:03:19',NULL,NULL,NULL,NULL,NULL,0.00,0.00,NULL,NULL,3000.00,0,3000.00,NULL,NULL,NULL,NULL,0,NULL,3000.00,0,0.00,0.00,NULL,0.00,0.00,0.00,NULL,NULL,0.00,'0000-00-00','2025-12-31',1000.00,0,NULL),(83,'188','STANSLAUS MASILA NGULA','188','188','email@sacco.co.ke','188','2025-01-01','active',NULL,NULL,1,'2026-03-13 09:49:05','2026-03-27 09:49:47',NULL,NULL,NULL,NULL,NULL,0.00,0.00,NULL,NULL,1000.00,0,1000.00,NULL,NULL,NULL,NULL,0,NULL,1000.00,0,0.00,0.00,NULL,0.00,0.00,0.00,NULL,NULL,0.00,'0000-00-00','2025-12-31',1000.00,0,NULL),(84,'190','PRINCE MICHAEL MWENDA GITAU','190','190','email@sacco.co.ke','190','2025-01-01','active',NULL,NULL,1,'2026-03-13 09:49:05','2026-03-29 17:08:39',NULL,NULL,NULL,NULL,NULL,0.00,0.00,NULL,NULL,10000.00,1,0.00,NULL,NULL,NULL,NULL,0,NULL,10000.00,0,0.00,0.00,NULL,0.00,0.00,0.00,NULL,NULL,0.00,'0000-00-00','2025-12-31',1000.00,0,NULL);
/*!40000 ALTER TABLE `members` ENABLE KEYS */;
UNLOCK TABLES;

--
-- Table structure for table `monthly_contribution_imports`
--

DROP TABLE IF EXISTS `monthly_contribution_imports`;
/*!40101 SET @saved_cs_client     = @@character_set_client */;
/*!40101 SET character_set_client = utf8mb4 */;
CREATE TABLE `monthly_contribution_imports` (
  `id` int(11) NOT NULL AUTO_INCREMENT,
  `batch_no` varchar(50) NOT NULL,
  `member_id` int(11) NOT NULL,
  `member_no` varchar(50) NOT NULL,
  `member_name` varchar(100) NOT NULL,
  `contribution_month` date NOT NULL,
  `amount` decimal(10,2) NOT NULL,
  `month_name` varchar(20) DEFAULT NULL,
  `year` int(11) NOT NULL,
  `reference_no` varchar(50) DEFAULT NULL,
  `status` enum('pending','processed','skipped') DEFAULT 'pending',
  `notes` text DEFAULT NULL,
  `created_at` timestamp NOT NULL DEFAULT current_timestamp(),
  `processed_at` timestamp NULL DEFAULT NULL,
  PRIMARY KEY (`id`),
  KEY `member_id` (`member_id`),
  KEY `idx_batch` (`batch_no`),
  KEY `idx_status` (`status`),
  CONSTRAINT `monthly_contribution_imports_ibfk_1` FOREIGN KEY (`member_id`) REFERENCES `members` (`id`)
) ENGINE=InnoDB AUTO_INCREMENT=415 DEFAULT CHARSET=utf8mb4 COLLATE=utf8mb4_general_ci;
/*!40101 SET character_set_client = @saved_cs_client */;

--
-- Dumping data for table `monthly_contribution_imports`
--

LOCK TABLES `monthly_contribution_imports` WRITE;
/*!40000 ALTER TABLE `monthly_contribution_imports` DISABLE KEYS */;
INSERT INTO `monthly_contribution_imports` VALUES (1,'MONTHLY202603148437',1,'1','CHARLES G. NDERITU','2025-03-01',8655.00,'0',2025,'IMPMONTHLY2026031484373','processed',NULL,'2026-03-14 10:55:04','2026-03-14 11:41:15'),(2,'MONTHLY202603148437',1,'1','CHARLES G. NDERITU','2025-07-01',55000.00,'0',2025,'IMPMONTHLY2026031484377','processed',NULL,'2026-03-14 10:55:04','2026-03-14 11:41:15'),(3,'MONTHLY202603148437',1,'1','CHARLES G. NDERITU','2025-09-01',17000.00,'0',2025,'IMPMONTHLY2026031484379','processed',NULL,'2026-03-14 10:55:04','2026-03-14 11:41:15'),(4,'MONTHLY202603148437',1,'1','CHARLES G. NDERITU','2025-10-01',2000.00,'0',2025,'IMPMONTHLY20260314843710','processed',NULL,'2026-03-14 10:55:04','2026-03-14 11:41:15'),(5,'MONTHLY202603148437',2,'2','MARAGARA GACHIE','2025-01-01',1000.00,'0',2025,'IMPMONTHLY2026031484371','processed',NULL,'2026-03-14 10:55:04','2026-03-14 11:41:15'),(6,'MONTHLY202603148437',2,'2','MARAGARA GACHIE','2025-02-01',1000.00,'0',2025,'IMPMONTHLY2026031484372','processed',NULL,'2026-03-14 10:55:04','2026-03-14 11:41:15'),(7,'MONTHLY202603148437',2,'2','MARAGARA GACHIE','2025-03-01',1000.00,'0',2025,'IMPMONTHLY2026031484373','processed',NULL,'2026-03-14 10:55:04','2026-03-14 11:41:15'),(8,'MONTHLY202603148437',2,'2','MARAGARA GACHIE','2025-04-01',1000.00,'0',2025,'IMPMONTHLY2026031484374','processed',NULL,'2026-03-14 10:55:04','2026-03-14 11:41:15'),(9,'MONTHLY202603148437',2,'2','MARAGARA GACHIE','2025-05-01',1000.00,'0',2025,'IMPMONTHLY2026031484375','processed',NULL,'2026-03-14 10:55:04','2026-03-14 11:41:15'),(10,'MONTHLY202603148437',2,'2','MARAGARA GACHIE','2025-06-01',1000.00,'0',2025,'IMPMONTHLY2026031484376','processed',NULL,'2026-03-14 10:55:04','2026-03-14 11:41:15'),(11,'MONTHLY202603148437',2,'2','MARAGARA GACHIE','2025-07-01',1000.00,'0',2025,'IMPMONTHLY2026031484377','processed',NULL,'2026-03-14 10:55:04','2026-03-14 11:41:15'),(12,'MONTHLY202603148437',2,'2','MARAGARA GACHIE','2025-08-01',1000.00,'0',2025,'IMPMONTHLY2026031484378','processed',NULL,'2026-03-14 10:55:04','2026-03-14 11:41:15'),(13,'MONTHLY202603148437',2,'2','MARAGARA GACHIE','2025-09-01',1000.00,'0',2025,'IMPMONTHLY2026031484379','processed',NULL,'2026-03-14 10:55:04','2026-03-14 11:41:15'),(14,'MONTHLY202603148437',2,'2','MARAGARA GACHIE','2025-10-01',1000.00,'0',2025,'IMPMONTHLY20260314843710','processed',NULL,'2026-03-14 10:55:04','2026-03-14 11:41:15'),(15,'MONTHLY202603148437',2,'2','MARAGARA GACHIE','2025-11-01',1000.00,'0',2025,'IMPMONTHLY20260314843711','processed',NULL,'2026-03-14 10:55:04','2026-03-14 11:41:15'),(16,'MONTHLY202603148437',2,'2','MARAGARA GACHIE','2025-12-01',1000.00,'0',2025,'IMPMONTHLY20260314843712','processed',NULL,'2026-03-14 10:55:04','2026-03-14 11:41:15'),(17,'MONTHLY202603148437',3,'3','SIMON K. NDAGURI','2025-01-01',1000.00,'0',2025,'IMPMONTHLY2026031484371','processed',NULL,'2026-03-14 10:55:04','2026-03-14 11:41:15'),(18,'MONTHLY202603148437',3,'3','SIMON K. NDAGURI','2025-02-01',1000.00,'0',2025,'IMPMONTHLY2026031484372','processed',NULL,'2026-03-14 10:55:04','2026-03-14 11:41:15'),(19,'MONTHLY202603148437',3,'3','SIMON K. NDAGURI','2025-03-01',1000.00,'0',2025,'IMPMONTHLY2026031484373','processed',NULL,'2026-03-14 10:55:04','2026-03-14 11:41:15'),(20,'MONTHLY202603148437',3,'3','SIMON K. NDAGURI','2025-04-01',1000.00,'0',2025,'IMPMONTHLY2026031484374','processed',NULL,'2026-03-14 10:55:04','2026-03-14 11:41:15'),(21,'MONTHLY202603148437',3,'3','SIMON K. NDAGURI','2025-05-01',1000.00,'0',2025,'IMPMONTHLY2026031484375','processed',NULL,'2026-03-14 10:55:04','2026-03-14 11:41:15'),(22,'MONTHLY202603148437',3,'3','SIMON K. NDAGURI','2025-06-01',1000.00,'0',2025,'IMPMONTHLY2026031484376','processed',NULL,'2026-03-14 10:55:04','2026-03-14 11:41:15'),(23,'MONTHLY202603148437',3,'3','SIMON K. NDAGURI','2025-07-01',1000.00,'0',2025,'IMPMONTHLY2026031484377','processed',NULL,'2026-03-14 10:55:04','2026-03-14 11:41:15'),(24,'MONTHLY202603148437',3,'3','SIMON K. NDAGURI','2025-08-01',1000.00,'0',2025,'IMPMONTHLY2026031484378','processed',NULL,'2026-03-14 10:55:04','2026-03-14 11:41:16'),(25,'MONTHLY202603148437',3,'3','SIMON K. NDAGURI','2025-09-01',1000.00,'0',2025,'IMPMONTHLY2026031484379','processed',NULL,'2026-03-14 10:55:04','2026-03-14 11:41:16'),(26,'MONTHLY202603148437',3,'3','SIMON K. NDAGURI','2025-10-01',1000.00,'0',2025,'IMPMONTHLY20260314843710','processed',NULL,'2026-03-14 10:55:04','2026-03-14 11:41:16'),(27,'MONTHLY202603148437',3,'3','SIMON K. NDAGURI','2025-11-01',1000.00,'0',2025,'IMPMONTHLY20260314843711','processed',NULL,'2026-03-14 10:55:04','2026-03-14 11:41:16'),(28,'MONTHLY202603148437',3,'3','SIMON K. NDAGURI','2025-12-01',1000.00,'0',2025,'IMPMONTHLY20260314843712','processed',NULL,'2026-03-14 10:55:04','2026-03-14 11:41:16'),(29,'MONTHLY202603148437',4,'6','DAVID M. MUCHIRI','2025-05-01',2000.00,'0',2025,'IMPMONTHLY2026031484375','processed',NULL,'2026-03-14 10:55:04','2026-03-14 11:41:16'),(30,'MONTHLY202603148437',5,'7','FRANCIS MUNUHE','2025-01-01',1000.00,'0',2025,'IMPMONTHLY2026031484371','processed',NULL,'2026-03-14 10:55:04','2026-03-14 11:41:16'),(31,'MONTHLY202603148437',5,'7','FRANCIS MUNUHE','2025-04-01',1000.00,'0',2025,'IMPMONTHLY2026031484374','processed',NULL,'2026-03-14 10:55:04','2026-03-14 11:41:16'),(32,'MONTHLY202603148437',5,'7','FRANCIS MUNUHE','2025-05-01',1000.00,'0',2025,'IMPMONTHLY2026031484375','processed',NULL,'2026-03-14 10:55:04','2026-03-14 11:41:16'),(33,'MONTHLY202603148437',5,'7','FRANCIS MUNUHE','2025-07-01',1000.00,'0',2025,'IMPMONTHLY2026031484377','processed',NULL,'2026-03-14 10:55:04','2026-03-14 11:41:16'),(34,'MONTHLY202603148437',5,'7','FRANCIS MUNUHE','2025-08-01',1000.00,'0',2025,'IMPMONTHLY2026031484378','processed',NULL,'2026-03-14 10:55:04','2026-03-14 11:41:16'),(35,'MONTHLY202603148437',5,'7','FRANCIS MUNUHE','2025-09-01',1000.00,'0',2025,'IMPMONTHLY2026031484379','processed',NULL,'2026-03-14 10:55:04','2026-03-14 11:41:16'),(36,'MONTHLY202603148437',5,'7','FRANCIS MUNUHE','2025-10-01',1000.00,'0',2025,'IMPMONTHLY20260314843710','processed',NULL,'2026-03-14 10:55:04','2026-03-14 11:41:16'),(37,'MONTHLY202603148437',5,'7','FRANCIS MUNUHE','2025-11-01',1000.00,'0',2025,'IMPMONTHLY20260314843711','processed',NULL,'2026-03-14 10:55:04','2026-03-14 11:41:16'),(38,'MONTHLY202603148437',5,'7','FRANCIS MUNUHE','2025-12-01',1000.00,'0',2025,'IMPMONTHLY20260314843712','processed',NULL,'2026-03-14 10:55:04','2026-03-14 11:41:16'),(39,'MONTHLY202603148437',6,'12','PETER MBUGUA','2025-01-01',5000.00,'0',2025,'IMPMONTHLY2026031484371','processed',NULL,'2026-03-14 10:55:04','2026-03-14 11:41:16'),(40,'MONTHLY202603148437',6,'12','PETER MBUGUA','2025-03-01',5000.00,'0',2025,'IMPMONTHLY2026031484373','processed',NULL,'2026-03-14 10:55:04','2026-03-14 11:41:16'),(41,'MONTHLY202603148437',6,'12','PETER MBUGUA','2025-04-01',5000.00,'0',2025,'IMPMONTHLY2026031484374','processed',NULL,'2026-03-14 10:55:04','2026-03-14 11:41:16'),(42,'MONTHLY202603148437',6,'12','PETER MBUGUA','2025-05-01',10000.00,'0',2025,'IMPMONTHLY2026031484375','processed',NULL,'2026-03-14 10:55:04','2026-03-14 11:41:16'),(43,'MONTHLY202603148437',6,'12','PETER MBUGUA','2025-07-01',5000.00,'0',2025,'IMPMONTHLY2026031484377','processed',NULL,'2026-03-14 10:55:04','2026-03-14 11:41:16'),(44,'MONTHLY202603148437',6,'12','PETER MBUGUA','2025-08-01',5000.00,'0',2025,'IMPMONTHLY2026031484378','processed',NULL,'2026-03-14 10:55:04','2026-03-14 11:41:16'),(45,'MONTHLY202603148437',6,'12','PETER MBUGUA','2025-09-01',10000.00,'0',2025,'IMPMONTHLY2026031484379','processed',NULL,'2026-03-14 10:55:04','2026-03-14 11:41:16'),(46,'MONTHLY202603148437',6,'12','PETER MBUGUA','2025-11-01',10000.00,'0',2025,'IMPMONTHLY20260314843711','processed',NULL,'2026-03-14 10:55:04','2026-03-14 11:41:16'),(47,'MONTHLY202603148437',6,'12','PETER MBUGUA','2025-12-01',10000.00,'0',2025,'IMPMONTHLY20260314843712','processed',NULL,'2026-03-14 10:55:04','2026-03-14 11:41:16'),(48,'MONTHLY202603148437',8,'15','DANIEL MAINA NJOROGE','2025-01-01',1000.00,'0',2025,'IMPMONTHLY2026031484371','processed',NULL,'2026-03-14 10:55:04','2026-03-14 11:41:16'),(49,'MONTHLY202603148437',8,'15','DANIEL MAINA NJOROGE','2025-02-01',1000.00,'0',2025,'IMPMONTHLY2026031484372','processed',NULL,'2026-03-14 10:55:04','2026-03-14 11:41:16'),(50,'MONTHLY202603148437',8,'15','DANIEL MAINA NJOROGE','2025-03-01',1000.00,'0',2025,'IMPMONTHLY2026031484373','processed',NULL,'2026-03-14 10:55:04','2026-03-14 11:41:16'),(51,'MONTHLY202603148437',8,'15','DANIEL MAINA NJOROGE','2025-04-01',1000.00,'0',2025,'IMPMONTHLY2026031484374','processed',NULL,'2026-03-14 10:55:04','2026-03-14 11:41:16'),(52,'MONTHLY202603148437',8,'15','DANIEL MAINA NJOROGE','2025-05-01',1000.00,'0',2025,'IMPMONTHLY2026031484375','processed',NULL,'2026-03-14 10:55:04','2026-03-14 11:41:16'),(53,'MONTHLY202603148437',8,'15','DANIEL MAINA NJOROGE','2025-06-01',1000.00,'0',2025,'IMPMONTHLY2026031484376','skipped','Duplicate entry \'TXN1773488476310\' for key \'transaction_no\'','2026-03-14 10:55:04',NULL),(54,'MONTHLY202603148437',8,'15','DANIEL MAINA NJOROGE','2025-08-01',1000.00,'0',2025,'IMPMONTHLY2026031484378','skipped','Duplicate entry \'TXN1773488476141\' for key \'transaction_no\'','2026-03-14 10:55:04',NULL),(55,'MONTHLY202603148437',8,'15','DANIEL MAINA NJOROGE','2025-10-01',2000.00,'0',2025,'IMPMONTHLY20260314843710','processed',NULL,'2026-03-14 10:55:04','2026-03-14 11:41:16'),(56,'MONTHLY202603148437',8,'15','DANIEL MAINA NJOROGE','2025-11-01',1000.00,'0',2025,'IMPMONTHLY20260314843711','processed',NULL,'2026-03-14 10:55:04','2026-03-14 11:41:16'),(57,'MONTHLY202603148437',8,'15','DANIEL MAINA NJOROGE','2025-12-01',1000.00,'0',2025,'IMPMONTHLY20260314843712','processed',NULL,'2026-03-14 10:55:04','2026-03-14 11:41:16'),(58,'MONTHLY202603148437',9,'17','SUSAN W. GITAU','2025-01-01',1000.00,'0',2025,'IMPMONTHLY2026031484371','processed',NULL,'2026-03-14 10:55:04','2026-03-14 11:41:16'),(59,'MONTHLY202603148437',9,'17','SUSAN W. GITAU','2025-02-01',2000.00,'0',2025,'IMPMONTHLY2026031484372','processed',NULL,'2026-03-14 10:55:04','2026-03-14 11:41:16'),(60,'MONTHLY202603148437',9,'17','SUSAN W. GITAU','2025-03-01',1000.00,'0',2025,'IMPMONTHLY2026031484373','processed',NULL,'2026-03-14 10:55:04','2026-03-14 11:41:16'),(61,'MONTHLY202603148437',9,'17','SUSAN W. GITAU','2025-04-01',1000.00,'0',2025,'IMPMONTHLY2026031484374','processed',NULL,'2026-03-14 10:55:04','2026-03-14 11:41:16'),(62,'MONTHLY202603148437',9,'17','SUSAN W. GITAU','2025-05-01',1000.00,'0',2025,'IMPMONTHLY2026031484375','processed',NULL,'2026-03-14 10:55:04','2026-03-14 11:41:16'),(63,'MONTHLY202603148437',9,'17','SUSAN W. GITAU','2025-06-01',1000.00,'0',2025,'IMPMONTHLY2026031484376','processed',NULL,'2026-03-14 10:55:04','2026-03-14 11:41:16'),(64,'MONTHLY202603148437',9,'17','SUSAN W. GITAU','2025-08-01',6000.00,'0',2025,'IMPMONTHLY2026031484378','processed',NULL,'2026-03-14 10:55:04','2026-03-14 11:41:16'),(65,'MONTHLY202603148437',9,'17','SUSAN W. GITAU','2025-09-01',3000.00,'0',2025,'IMPMONTHLY2026031484379','processed',NULL,'2026-03-14 10:55:04','2026-03-14 11:41:16'),(66,'MONTHLY202603148437',9,'17','SUSAN W. GITAU','2025-10-01',5000.00,'0',2025,'IMPMONTHLY20260314843710','processed',NULL,'2026-03-14 10:55:04','2026-03-14 11:41:16'),(67,'MONTHLY202603148437',9,'17','SUSAN W. GITAU','2025-11-01',3000.00,'0',2025,'IMPMONTHLY20260314843711','processed',NULL,'2026-03-14 10:55:04','2026-03-14 11:41:16'),(68,'MONTHLY202603148437',9,'17','SUSAN W. GITAU','2025-12-01',4000.00,'0',2025,'IMPMONTHLY20260314843712','processed',NULL,'2026-03-14 10:55:04','2026-03-14 11:41:16'),(69,'MONTHLY202603148437',10,'19','KEZIAH WAITHIRA','2025-03-01',1000.00,'0',2025,'IMPMONTHLY2026031484373','skipped','Duplicate entry \'TXN1773488476475\' for key \'transaction_no\'','2026-03-14 10:55:04',NULL),(70,'MONTHLY202603148437',10,'19','KEZIAH WAITHIRA','2025-04-01',5400.00,'0',2025,'IMPMONTHLY2026031484374','processed',NULL,'2026-03-14 10:55:04','2026-03-14 11:41:16'),(71,'MONTHLY202603148437',10,'19','KEZIAH WAITHIRA','2025-09-01',1000.00,'0',2025,'IMPMONTHLY2026031484379','processed',NULL,'2026-03-14 10:55:04','2026-03-14 11:41:16'),(72,'MONTHLY202603148437',11,'20','JAMES M. THUITA','2025-01-01',1000.00,'0',2025,'IMPMONTHLY2026031484371','processed',NULL,'2026-03-14 10:55:04','2026-03-14 11:41:16'),(73,'MONTHLY202603148437',11,'20','JAMES M. THUITA','2025-02-01',1000.00,'0',2025,'IMPMONTHLY2026031484372','skipped','Duplicate entry \'TXN1773488476953\' for key \'transaction_no\'','2026-03-14 10:55:04',NULL),(74,'MONTHLY202603148437',11,'20','JAMES M. THUITA','2025-03-01',1000.00,'0',2025,'IMPMONTHLY2026031484373','processed',NULL,'2026-03-14 10:55:04','2026-03-14 11:41:16'),(75,'MONTHLY202603148437',11,'20','JAMES M. THUITA','2025-04-01',1500.00,'0',2025,'IMPMONTHLY2026031484374','skipped','Duplicate entry \'TXN1773488476139\' for key \'transaction_no\'','2026-03-14 10:55:04',NULL),(76,'MONTHLY202603148437',11,'20','JAMES M. THUITA','2025-05-01',1000.00,'0',2025,'IMPMONTHLY2026031484375','processed',NULL,'2026-03-14 10:55:04','2026-03-14 11:41:16'),(77,'MONTHLY202603148437',11,'20','JAMES M. THUITA','2025-06-01',1000.00,'0',2025,'IMPMONTHLY2026031484376','processed',NULL,'2026-03-14 10:55:04','2026-03-14 11:41:16'),(78,'MONTHLY202603148437',11,'20','JAMES M. THUITA','2025-07-01',1000.00,'0',2025,'IMPMONTHLY2026031484377','processed',NULL,'2026-03-14 10:55:04','2026-03-14 11:41:16'),(79,'MONTHLY202603148437',11,'20','JAMES M. THUITA','2025-09-01',1000.00,'0',2025,'IMPMONTHLY2026031484379','processed',NULL,'2026-03-14 10:55:04','2026-03-14 11:41:16'),(80,'MONTHLY202603148437',11,'20','JAMES M. THUITA','2025-10-01',1000.00,'0',2025,'IMPMONTHLY20260314843710','processed',NULL,'2026-03-14 10:55:04','2026-03-14 11:41:16'),(81,'MONTHLY202603148437',11,'20','JAMES M. THUITA','2025-11-01',1000.00,'0',2025,'IMPMONTHLY20260314843711','processed',NULL,'2026-03-14 10:55:04','2026-03-14 11:41:16'),(82,'MONTHLY202603148437',11,'20','JAMES M. THUITA','2025-12-01',1000.00,'0',2025,'IMPMONTHLY20260314843712','processed',NULL,'2026-03-14 10:55:04','2026-03-14 11:41:16'),(83,'MONTHLY202603148437',16,'36','CHRISTINE NJERI MAHUGU','2025-01-01',1000.00,'0',2025,'IMPMONTHLY2026031484371','skipped','Duplicate entry \'TXN1773488476487\' for key \'transaction_no\'','2026-03-14 10:55:04',NULL),(84,'MONTHLY202603148437',16,'36','CHRISTINE NJERI MAHUGU','2025-02-01',1000.00,'0',2025,'IMPMONTHLY2026031484372','processed',NULL,'2026-03-14 10:55:04','2026-03-14 11:41:16'),(85,'MONTHLY202603148437',16,'36','CHRISTINE NJERI MAHUGU','2025-03-01',1000.00,'0',2025,'IMPMONTHLY2026031484373','processed',NULL,'2026-03-14 10:55:04','2026-03-14 11:41:16'),(86,'MONTHLY202603148437',16,'36','CHRISTINE NJERI MAHUGU','2025-04-01',1000.00,'0',2025,'IMPMONTHLY2026031484374','processed',NULL,'2026-03-14 10:55:04','2026-03-14 11:41:16'),(87,'MONTHLY202603148437',16,'36','CHRISTINE NJERI MAHUGU','2025-05-01',1000.00,'0',2025,'IMPMONTHLY2026031484375','processed',NULL,'2026-03-14 10:55:04','2026-03-14 11:41:16'),(88,'MONTHLY202603148437',16,'36','CHRISTINE NJERI MAHUGU','2025-06-01',1000.00,'0',2025,'IMPMONTHLY2026031484376','processed',NULL,'2026-03-14 10:55:04','2026-03-14 11:41:16'),(89,'MONTHLY202603148437',16,'36','CHRISTINE NJERI MAHUGU','2025-07-01',1000.00,'0',2025,'IMPMONTHLY2026031484377','processed',NULL,'2026-03-14 10:55:04','2026-03-14 11:41:16'),(90,'MONTHLY202603148437',16,'36','CHRISTINE NJERI MAHUGU','2025-08-01',1000.00,'0',2025,'IMPMONTHLY2026031484378','processed',NULL,'2026-03-14 10:55:04','2026-03-14 11:41:16'),(91,'MONTHLY202603148437',16,'36','CHRISTINE NJERI MAHUGU','2025-09-01',1000.00,'0',2025,'IMPMONTHLY2026031484379','processed',NULL,'2026-03-14 10:55:04','2026-03-14 11:41:16'),(92,'MONTHLY202603148437',16,'36','CHRISTINE NJERI MAHUGU','2025-11-01',2000.00,'0',2025,'IMPMONTHLY20260314843711','processed',NULL,'2026-03-14 10:55:04','2026-03-14 11:41:16'),(93,'MONTHLY202603148437',16,'36','CHRISTINE NJERI MAHUGU','2025-12-01',1000.00,'0',2025,'IMPMONTHLY20260314843712','processed',NULL,'2026-03-14 10:55:04','2026-03-14 11:41:16'),(94,'MONTHLY202603148437',17,'37','GRACE WANGUI WANJOHI','2025-05-01',1000.00,'0',2025,'IMPMONTHLY2026031484375','processed',NULL,'2026-03-14 10:55:04','2026-03-14 11:41:16'),(95,'MONTHLY202603148437',17,'37','GRACE WANGUI WANJOHI','2025-07-01',1000.00,'0',2025,'IMPMONTHLY2026031484377','processed',NULL,'2026-03-14 10:55:04','2026-03-14 11:41:16'),(96,'MONTHLY202603148437',17,'37','GRACE WANGUI WANJOHI','2025-08-01',1000.00,'0',2025,'IMPMONTHLY2026031484378','processed',NULL,'2026-03-14 10:55:04','2026-03-14 11:41:16'),(97,'MONTHLY202603148437',17,'37','GRACE WANGUI WANJOHI','2025-12-01',1000.00,'0',2025,'IMPMONTHLY20260314843712','skipped','Duplicate entry \'TXN1773488476644\' for key \'transaction_no\'','2026-03-14 10:55:04',NULL),(98,'MONTHLY202603148437',18,'41','NANCY WAMBUI NJOROGE','2025-01-01',1000.00,'0',2025,'IMPMONTHLY2026031484371','processed',NULL,'2026-03-14 10:55:04','2026-03-14 11:41:16'),(99,'MONTHLY202603148437',18,'41','NANCY WAMBUI NJOROGE','2025-02-01',1000.00,'0',2025,'IMPMONTHLY2026031484372','processed',NULL,'2026-03-14 10:55:04','2026-03-14 11:41:16'),(100,'MONTHLY202603148437',18,'41','NANCY WAMBUI NJOROGE','2025-03-01',1000.00,'0',2025,'IMPMONTHLY2026031484373','processed',NULL,'2026-03-14 10:55:04','2026-03-14 11:41:16'),(101,'MONTHLY202603148437',18,'41','NANCY WAMBUI NJOROGE','2025-04-01',1000.00,'0',2025,'IMPMONTHLY2026031484374','processed',NULL,'2026-03-14 10:55:04','2026-03-14 11:41:16'),(102,'MONTHLY202603148437',18,'41','NANCY WAMBUI NJOROGE','2025-05-01',1000.00,'0',2025,'IMPMONTHLY2026031484375','processed',NULL,'2026-03-14 10:55:04','2026-03-14 11:41:16'),(103,'MONTHLY202603148437',18,'41','NANCY WAMBUI NJOROGE','2025-07-01',1000.00,'0',2025,'IMPMONTHLY2026031484377','processed',NULL,'2026-03-14 10:55:04','2026-03-14 11:41:16'),(104,'MONTHLY202603148437',18,'41','NANCY WAMBUI NJOROGE','2025-08-01',1000.00,'0',2025,'IMPMONTHLY2026031484378','processed',NULL,'2026-03-14 10:55:04','2026-03-14 11:41:16'),(105,'MONTHLY202603148437',18,'41','NANCY WAMBUI NJOROGE','2025-09-01',1000.00,'0',2025,'IMPMONTHLY2026031484379','processed',NULL,'2026-03-14 10:55:04','2026-03-14 11:41:16'),(106,'MONTHLY202603148437',18,'41','NANCY WAMBUI NJOROGE','2025-10-01',1000.00,'0',2025,'IMPMONTHLY20260314843710','processed',NULL,'2026-03-14 10:55:04','2026-03-14 11:41:16'),(107,'MONTHLY202603148437',18,'41','NANCY WAMBUI NJOROGE','2025-11-01',1000.00,'0',2025,'IMPMONTHLY20260314843711','processed',NULL,'2026-03-14 10:55:04','2026-03-14 11:41:16'),(108,'MONTHLY202603148437',19,'44','JULIA MUTHONI GITHINJI','2025-03-01',2000.00,'0',2025,'IMPMONTHLY2026031484373','processed',NULL,'2026-03-14 10:55:04','2026-03-14 11:41:16'),(109,'MONTHLY202603148437',19,'44','JULIA MUTHONI GITHINJI','2025-04-01',5000.00,'0',2025,'IMPMONTHLY2026031484374','processed',NULL,'2026-03-14 10:55:04','2026-03-14 11:41:16'),(110,'MONTHLY202603148437',20,'45','JACQUELINE W. KAMAU','2025-01-01',2000.00,'0',2025,'IMPMONTHLY2026031484371','processed',NULL,'2026-03-14 10:55:04','2026-03-14 11:41:16'),(111,'MONTHLY202603148437',20,'45','JACQUELINE W. KAMAU','2025-02-01',2000.00,'0',2025,'IMPMONTHLY2026031484372','processed',NULL,'2026-03-14 10:55:04','2026-03-14 11:41:16'),(112,'MONTHLY202603148437',20,'45','JACQUELINE W. KAMAU','2025-03-01',2000.00,'0',2025,'IMPMONTHLY2026031484373','processed',NULL,'2026-03-14 10:55:04','2026-03-14 11:41:16'),(113,'MONTHLY202603148437',20,'45','JACQUELINE W. KAMAU','2025-04-01',2000.00,'0',2025,'IMPMONTHLY2026031484374','processed',NULL,'2026-03-14 10:55:04','2026-03-14 11:41:16'),(114,'MONTHLY202603148437',20,'45','JACQUELINE W. KAMAU','2025-05-01',2000.00,'0',2025,'IMPMONTHLY2026031484375','processed',NULL,'2026-03-14 10:55:04','2026-03-14 11:41:16'),(115,'MONTHLY202603148437',20,'45','JACQUELINE W. KAMAU','2025-06-01',2000.00,'0',2025,'IMPMONTHLY2026031484376','processed',NULL,'2026-03-14 10:55:04','2026-03-14 11:41:16'),(116,'MONTHLY202603148437',20,'45','JACQUELINE W. KAMAU','2025-07-01',2000.00,'0',2025,'IMPMONTHLY2026031484377','processed',NULL,'2026-03-14 10:55:04','2026-03-14 11:41:16'),(117,'MONTHLY202603148437',20,'45','JACQUELINE W. KAMAU','2025-08-01',2000.00,'0',2025,'IMPMONTHLY2026031484378','processed',NULL,'2026-03-14 10:55:04','2026-03-14 11:41:16'),(118,'MONTHLY202603148437',20,'45','JACQUELINE W. KAMAU','2025-09-01',2000.00,'0',2025,'IMPMONTHLY2026031484379','processed',NULL,'2026-03-14 10:55:04','2026-03-14 11:41:16'),(119,'MONTHLY202603148437',20,'45','JACQUELINE W. KAMAU','2025-10-01',2000.00,'0',2025,'IMPMONTHLY20260314843710','processed',NULL,'2026-03-14 10:55:04','2026-03-14 11:41:16'),(120,'MONTHLY202603148437',20,'45','JACQUELINE W. KAMAU','2025-11-01',2000.00,'0',2025,'IMPMONTHLY20260314843711','processed',NULL,'2026-03-14 10:55:04','2026-03-14 11:41:16'),(121,'MONTHLY202603148437',21,'48','SAMUEL WAITHAKA','2025-01-01',2000.00,'0',2025,'IMPMONTHLY2026031484371','processed',NULL,'2026-03-14 10:55:04','2026-03-14 11:41:16'),(122,'MONTHLY202603148437',21,'48','SAMUEL WAITHAKA','2025-02-01',2000.00,'0',2025,'IMPMONTHLY2026031484372','processed',NULL,'2026-03-14 10:55:04','2026-03-14 11:41:16'),(123,'MONTHLY202603148437',21,'48','SAMUEL WAITHAKA','2025-07-01',1000.00,'0',2025,'IMPMONTHLY2026031484377','processed',NULL,'2026-03-14 10:55:04','2026-03-14 11:41:16'),(124,'MONTHLY202603148437',21,'48','SAMUEL WAITHAKA','2025-08-01',1000.00,'0',2025,'IMPMONTHLY2026031484378','processed',NULL,'2026-03-14 10:55:04','2026-03-14 11:41:16'),(125,'MONTHLY202603148437',21,'48','SAMUEL WAITHAKA','2025-09-01',1000.00,'0',2025,'IMPMONTHLY2026031484379','processed',NULL,'2026-03-14 10:55:04','2026-03-14 11:41:16'),(126,'MONTHLY202603148437',21,'48','SAMUEL WAITHAKA','2025-10-01',1000.00,'0',2025,'IMPMONTHLY20260314843710','processed',NULL,'2026-03-14 10:55:04','2026-03-14 11:41:16'),(127,'MONTHLY202603148437',22,'51','MICHAEL KIMANI','2025-03-01',1000.00,'0',2025,'IMPMONTHLY2026031484373','processed',NULL,'2026-03-14 10:55:04','2026-03-14 11:41:16'),(128,'MONTHLY202603148437',23,'52','CHARLES MATHENGE WACHIRA','2025-01-01',1000.00,'0',2025,'IMPMONTHLY2026031484371','processed',NULL,'2026-03-14 10:55:04','2026-03-14 11:41:16'),(129,'MONTHLY202603148437',23,'52','CHARLES MATHENGE WACHIRA','2025-02-01',1000.00,'0',2025,'IMPMONTHLY2026031484372','processed',NULL,'2026-03-14 10:55:04','2026-03-14 11:41:16'),(130,'MONTHLY202603148437',23,'52','CHARLES MATHENGE WACHIRA','2025-03-01',1000.00,'0',2025,'IMPMONTHLY2026031484373','processed',NULL,'2026-03-14 10:55:04','2026-03-14 11:41:16'),(131,'MONTHLY202603148437',23,'52','CHARLES MATHENGE WACHIRA','2025-04-01',1000.00,'0',2025,'IMPMONTHLY2026031484374','processed',NULL,'2026-03-14 10:55:04','2026-03-14 11:41:16'),(132,'MONTHLY202603148437',23,'52','CHARLES MATHENGE WACHIRA','2025-05-01',1000.00,'0',2025,'IMPMONTHLY2026031484375','processed',NULL,'2026-03-14 10:55:04','2026-03-14 11:41:16'),(133,'MONTHLY202603148437',23,'52','CHARLES MATHENGE WACHIRA','2025-06-01',1000.00,'0',2025,'IMPMONTHLY2026031484376','skipped','Duplicate entry \'TXN1773488476433\' for key \'transaction_no\'','2026-03-14 10:55:04',NULL),(134,'MONTHLY202603148437',23,'52','CHARLES MATHENGE WACHIRA','2025-07-01',1000.00,'0',2025,'IMPMONTHLY2026031484377','processed',NULL,'2026-03-14 10:55:04','2026-03-14 11:41:16'),(135,'MONTHLY202603148437',23,'52','CHARLES MATHENGE WACHIRA','2025-08-01',1000.00,'0',2025,'IMPMONTHLY2026031484378','processed',NULL,'2026-03-14 10:55:04','2026-03-14 11:41:16'),(136,'MONTHLY202603148437',23,'52','CHARLES MATHENGE WACHIRA','2025-09-01',1000.00,'0',2025,'IMPMONTHLY2026031484379','processed',NULL,'2026-03-14 10:55:04','2026-03-14 11:41:16'),(137,'MONTHLY202603148437',23,'52','CHARLES MATHENGE WACHIRA','2025-10-01',1000.00,'0',2025,'IMPMONTHLY20260314843710','processed',NULL,'2026-03-14 10:55:04','2026-03-14 11:41:16'),(138,'MONTHLY202603148437',23,'52','CHARLES MATHENGE WACHIRA','2025-11-01',1000.00,'0',2025,'IMPMONTHLY20260314843711','processed',NULL,'2026-03-14 10:55:05','2026-03-14 11:41:16'),(139,'MONTHLY202603148437',23,'52','CHARLES MATHENGE WACHIRA','2025-12-01',1000.00,'0',2025,'IMPMONTHLY20260314843712','processed',NULL,'2026-03-14 10:55:05','2026-03-14 11:41:16'),(140,'MONTHLY202603148437',24,'53','EDWARD N. KANYONJI','2025-03-01',1000.00,'0',2025,'IMPMONTHLY2026031484373','processed',NULL,'2026-03-14 10:55:05','2026-03-14 11:41:16'),(141,'MONTHLY202603148437',24,'53','EDWARD N. KANYONJI','2025-04-01',1000.00,'0',2025,'IMPMONTHLY2026031484374','processed',NULL,'2026-03-14 10:55:05','2026-03-14 11:41:16'),(142,'MONTHLY202603148437',24,'53','EDWARD N. KANYONJI','2025-06-01',1000.00,'0',2025,'IMPMONTHLY2026031484376','processed',NULL,'2026-03-14 10:55:05','2026-03-14 11:41:16'),(143,'MONTHLY202603148437',24,'53','EDWARD N. KANYONJI','2025-08-01',1000.00,'0',2025,'IMPMONTHLY2026031484378','processed',NULL,'2026-03-14 10:55:05','2026-03-14 11:41:16'),(144,'MONTHLY202603148437',24,'53','EDWARD N. KANYONJI','2025-11-01',1000.00,'0',2025,'IMPMONTHLY20260314843711','processed',NULL,'2026-03-14 10:55:05','2026-03-14 11:41:16'),(145,'MONTHLY202603148437',25,'54','MUSA MUCHAI','2025-01-01',10000.00,'0',2025,'IMPMONTHLY2026031484371','processed',NULL,'2026-03-14 10:55:05','2026-03-14 11:41:16'),(146,'MONTHLY202603148437',25,'54','MUSA MUCHAI','2025-02-01',6000.00,'0',2025,'IMPMONTHLY2026031484372','processed',NULL,'2026-03-14 10:55:05','2026-03-14 11:41:16'),(147,'MONTHLY202603148437',25,'54','MUSA MUCHAI','2025-03-01',2000.00,'0',2025,'IMPMONTHLY2026031484373','processed',NULL,'2026-03-14 10:55:05','2026-03-14 11:41:16'),(148,'MONTHLY202603148437',25,'54','MUSA MUCHAI','2025-04-01',4000.00,'0',2025,'IMPMONTHLY2026031484374','processed',NULL,'2026-03-14 10:55:05','2026-03-14 11:41:16'),(149,'MONTHLY202603148437',25,'54','MUSA MUCHAI','2025-05-01',2000.00,'0',2025,'IMPMONTHLY2026031484375','processed',NULL,'2026-03-14 10:55:05','2026-03-14 11:41:16'),(150,'MONTHLY202603148437',25,'54','MUSA MUCHAI','2025-06-01',5000.00,'0',2025,'IMPMONTHLY2026031484376','processed',NULL,'2026-03-14 10:55:05','2026-03-14 11:41:16'),(151,'MONTHLY202603148437',25,'54','MUSA MUCHAI','2025-07-01',1000.00,'0',2025,'IMPMONTHLY2026031484377','processed',NULL,'2026-03-14 10:55:05','2026-03-14 11:41:16'),(152,'MONTHLY202603148437',25,'54','MUSA MUCHAI','2025-09-01',1000.00,'0',2025,'IMPMONTHLY2026031484379','processed',NULL,'2026-03-14 10:55:05','2026-03-14 11:41:16'),(153,'MONTHLY202603148437',25,'54','MUSA MUCHAI','2025-10-01',1000.00,'0',2025,'IMPMONTHLY20260314843710','processed',NULL,'2026-03-14 10:55:05','2026-03-14 11:41:16'),(154,'MONTHLY202603148437',25,'54','MUSA MUCHAI','2025-11-01',4500.00,'0',2025,'IMPMONTHLY20260314843711','processed',NULL,'2026-03-14 10:55:05','2026-03-14 11:41:16'),(155,'MONTHLY202603148437',29,'58','KELLEN MUTHONI MBAE','2025-02-01',1000.00,'0',2025,'IMPMONTHLY2026031484372','processed',NULL,'2026-03-14 10:55:05','2026-03-14 11:41:16'),(156,'MONTHLY202603148437',29,'58','KELLEN MUTHONI MBAE','2025-05-01',1000.00,'0',2025,'IMPMONTHLY2026031484375','processed',NULL,'2026-03-14 10:55:05','2026-03-14 11:41:16'),(157,'MONTHLY202603148437',29,'58','KELLEN MUTHONI MBAE','2025-06-01',4580.00,'0',2025,'IMPMONTHLY2026031484376','processed',NULL,'2026-03-14 10:55:05','2026-03-14 11:41:16'),(158,'MONTHLY202603148437',29,'58','KELLEN MUTHONI MBAE','2025-08-01',1000.00,'0',2025,'IMPMONTHLY2026031484378','processed',NULL,'2026-03-14 10:55:05','2026-03-14 11:41:16'),(159,'MONTHLY202603148437',29,'58','KELLEN MUTHONI MBAE','2025-09-01',2000.00,'0',2025,'IMPMONTHLY2026031484379','processed',NULL,'2026-03-14 10:55:05','2026-03-14 11:41:16'),(160,'MONTHLY202603148437',29,'58','KELLEN MUTHONI MBAE','2025-10-01',1000.00,'0',2025,'IMPMONTHLY20260314843710','processed',NULL,'2026-03-14 10:55:05','2026-03-14 11:41:16'),(161,'MONTHLY202603148437',29,'58','KELLEN MUTHONI MBAE','2025-12-01',1000.00,'0',2025,'IMPMONTHLY20260314843712','processed',NULL,'2026-03-14 10:55:05','2026-03-14 11:41:16'),(162,'MONTHLY202603148437',30,'62','MARY NJERI NJOROGE','2025-01-01',1000.00,'0',2025,'IMPMONTHLY2026031484371','skipped','Duplicate entry \'TXN1773488476310\' for key \'transaction_no\'','2026-03-14 10:55:05',NULL),(163,'MONTHLY202603148437',30,'62','MARY NJERI NJOROGE','2025-02-01',1000.00,'0',2025,'IMPMONTHLY2026031484372','processed',NULL,'2026-03-14 10:55:05','2026-03-14 11:41:16'),(164,'MONTHLY202603148437',30,'62','MARY NJERI NJOROGE','2025-03-01',1000.00,'0',2025,'IMPMONTHLY2026031484373','processed',NULL,'2026-03-14 10:55:05','2026-03-14 11:41:16'),(165,'MONTHLY202603148437',30,'62','MARY NJERI NJOROGE','2025-04-01',1000.00,'0',2025,'IMPMONTHLY2026031484374','skipped','Duplicate entry \'TXN1773488476374\' for key \'transaction_no\'','2026-03-14 10:55:05',NULL),(166,'MONTHLY202603148437',30,'62','MARY NJERI NJOROGE','2025-05-01',1000.00,'0',2025,'IMPMONTHLY2026031484375','processed',NULL,'2026-03-14 10:55:05','2026-03-14 11:41:16'),(167,'MONTHLY202603148437',30,'62','MARY NJERI NJOROGE','2025-06-01',1000.00,'0',2025,'IMPMONTHLY2026031484376','processed',NULL,'2026-03-14 10:55:05','2026-03-14 11:41:16'),(168,'MONTHLY202603148437',30,'62','MARY NJERI NJOROGE','2025-07-01',1000.00,'0',2025,'IMPMONTHLY2026031484377','skipped','Duplicate entry \'TXN1773488476658\' for key \'transaction_no\'','2026-03-14 10:55:05',NULL),(169,'MONTHLY202603148437',30,'62','MARY NJERI NJOROGE','2025-09-01',1000.00,'0',2025,'IMPMONTHLY2026031484379','processed',NULL,'2026-03-14 10:55:05','2026-03-14 11:41:16'),(170,'MONTHLY202603148437',30,'62','MARY NJERI NJOROGE','2025-11-01',1000.00,'0',2025,'IMPMONTHLY20260314843711','processed',NULL,'2026-03-14 10:55:05','2026-03-14 11:41:16'),(171,'MONTHLY202603148437',30,'62','MARY NJERI NJOROGE','2025-12-01',1000.00,'0',2025,'IMPMONTHLY20260314843712','skipped','Duplicate entry \'TXN1773488476619\' for key \'transaction_no\'','2026-03-14 10:55:05',NULL),(172,'MONTHLY202603148437',31,'65','MARGARET KAMAU','2025-01-01',1000.00,'0',2025,'IMPMONTHLY2026031484371','processed',NULL,'2026-03-14 10:55:05','2026-03-14 11:41:16'),(173,'MONTHLY202603148437',31,'65','MARGARET KAMAU','2025-02-01',1000.00,'0',2025,'IMPMONTHLY2026031484372','processed',NULL,'2026-03-14 10:55:05','2026-03-14 11:41:16'),(174,'MONTHLY202603148437',31,'65','MARGARET KAMAU','2025-05-01',2000.00,'0',2025,'IMPMONTHLY2026031484375','processed',NULL,'2026-03-14 10:55:05','2026-03-14 11:41:16'),(175,'MONTHLY202603148437',31,'65','MARGARET KAMAU','2025-06-01',1000.00,'0',2025,'IMPMONTHLY2026031484376','processed',NULL,'2026-03-14 10:55:05','2026-03-14 11:41:16'),(176,'MONTHLY202603148437',31,'65','MARGARET KAMAU','2025-07-01',1000.00,'0',2025,'IMPMONTHLY2026031484377','processed',NULL,'2026-03-14 10:55:05','2026-03-14 11:41:16'),(177,'MONTHLY202603148437',31,'65','MARGARET KAMAU','2025-08-01',2000.00,'0',2025,'IMPMONTHLY2026031484378','processed',NULL,'2026-03-14 10:55:05','2026-03-14 11:41:16'),(178,'MONTHLY202603148437',31,'65','MARGARET KAMAU','2025-09-01',1000.00,'0',2025,'IMPMONTHLY2026031484379','processed',NULL,'2026-03-14 10:55:05','2026-03-14 11:41:16'),(179,'MONTHLY202603148437',31,'65','MARGARET KAMAU','2025-10-01',1000.00,'0',2025,'IMPMONTHLY20260314843710','processed',NULL,'2026-03-14 10:55:05','2026-03-14 11:41:16'),(180,'MONTHLY202603148437',31,'65','MARGARET KAMAU','2025-12-01',2000.00,'0',2025,'IMPMONTHLY20260314843712','processed',NULL,'2026-03-14 10:55:05','2026-03-14 11:41:16'),(181,'MONTHLY202603148437',33,'73','GEOFFREY NGANGA','2025-04-01',2850.00,'0',2025,'IMPMONTHLY2026031484374','processed',NULL,'2026-03-14 10:55:05','2026-03-14 11:41:16'),(182,'MONTHLY202603148437',35,'78','LAWRENCE NDERITU','2025-01-01',5000.00,'0',2025,'IMPMONTHLY2026031484371','processed',NULL,'2026-03-14 10:55:05','2026-03-14 11:41:16'),(183,'MONTHLY202603148437',35,'78','LAWRENCE NDERITU','2025-02-01',5000.00,'0',2025,'IMPMONTHLY2026031484372','processed',NULL,'2026-03-14 10:55:05','2026-03-14 11:41:16'),(184,'MONTHLY202603148437',35,'78','LAWRENCE NDERITU','2025-03-01',5000.00,'0',2025,'IMPMONTHLY2026031484373','skipped','Duplicate entry \'TXN1773488476147\' for key \'transaction_no\'','2026-03-14 10:55:05',NULL),(185,'MONTHLY202603148437',35,'78','LAWRENCE NDERITU','2025-05-01',5000.00,'0',2025,'IMPMONTHLY2026031484375','processed',NULL,'2026-03-14 10:55:05','2026-03-14 11:41:16'),(186,'MONTHLY202603148437',35,'78','LAWRENCE NDERITU','2025-06-01',5000.00,'0',2025,'IMPMONTHLY2026031484376','processed',NULL,'2026-03-14 10:55:05','2026-03-14 11:41:16'),(187,'MONTHLY202603148437',35,'78','LAWRENCE NDERITU','2025-07-01',3000.00,'0',2025,'IMPMONTHLY2026031484377','processed',NULL,'2026-03-14 10:55:05','2026-03-14 11:41:16'),(188,'MONTHLY202603148437',35,'78','LAWRENCE NDERITU','2025-08-01',1000.00,'0',2025,'IMPMONTHLY2026031484378','processed',NULL,'2026-03-14 10:55:05','2026-03-14 11:41:16'),(189,'MONTHLY202603148437',35,'78','LAWRENCE NDERITU','2025-09-01',1000.00,'0',2025,'IMPMONTHLY2026031484379','processed',NULL,'2026-03-14 10:55:05','2026-03-14 11:41:16'),(190,'MONTHLY202603148437',35,'78','LAWRENCE NDERITU','2025-10-01',3000.00,'0',2025,'IMPMONTHLY20260314843710','processed',NULL,'2026-03-14 10:55:05','2026-03-14 11:41:16'),(191,'MONTHLY202603148437',35,'78','LAWRENCE NDERITU','2025-11-01',5000.00,'0',2025,'IMPMONTHLY20260314843711','processed',NULL,'2026-03-14 10:55:05','2026-03-14 11:41:16'),(192,'MONTHLY202603148437',35,'78','LAWRENCE NDERITU','2025-12-01',4500.00,'0',2025,'IMPMONTHLY20260314843712','processed',NULL,'2026-03-14 10:55:05','2026-03-14 11:41:16'),(193,'MONTHLY202603148437',37,'92','JANE WANGECHI MUTURI','2025-01-01',1000.00,'0',2025,'IMPMONTHLY2026031484371','skipped','Duplicate entry \'TXN1773488476898\' for key \'transaction_no\'','2026-03-14 10:55:05',NULL),(194,'MONTHLY202603148437',37,'92','JANE WANGECHI MUTURI','2025-02-01',1000.00,'0',2025,'IMPMONTHLY2026031484372','processed',NULL,'2026-03-14 10:55:05','2026-03-14 11:41:16'),(195,'MONTHLY202603148437',37,'92','JANE WANGECHI MUTURI','2025-03-01',1000.00,'0',2025,'IMPMONTHLY2026031484373','processed',NULL,'2026-03-14 10:55:05','2026-03-14 11:41:16'),(196,'MONTHLY202603148437',37,'92','JANE WANGECHI MUTURI','2025-04-01',1000.00,'0',2025,'IMPMONTHLY2026031484374','processed',NULL,'2026-03-14 10:55:05','2026-03-14 11:41:16'),(197,'MONTHLY202603148437',37,'92','JANE WANGECHI MUTURI','2025-05-01',1000.00,'0',2025,'IMPMONTHLY2026031484375','processed',NULL,'2026-03-14 10:55:05','2026-03-14 11:41:16'),(198,'MONTHLY202603148437',37,'92','JANE WANGECHI MUTURI','2025-06-01',3000.00,'0',2025,'IMPMONTHLY2026031484376','processed',NULL,'2026-03-14 10:55:05','2026-03-14 11:41:16'),(199,'MONTHLY202603148437',37,'92','JANE WANGECHI MUTURI','2025-07-01',1000.00,'0',2025,'IMPMONTHLY2026031484377','processed',NULL,'2026-03-14 10:55:05','2026-03-14 11:41:16'),(200,'MONTHLY202603148437',37,'92','JANE WANGECHI MUTURI','2025-08-01',1000.00,'0',2025,'IMPMONTHLY2026031484378','processed',NULL,'2026-03-14 10:55:05','2026-03-14 11:41:16'),(201,'MONTHLY202603148437',37,'92','JANE WANGECHI MUTURI','2025-09-01',2000.00,'0',2025,'IMPMONTHLY2026031484379','processed',NULL,'2026-03-14 10:55:05','2026-03-14 11:41:16'),(202,'MONTHLY202603148437',37,'92','JANE WANGECHI MUTURI','2025-10-01',1000.00,'0',2025,'IMPMONTHLY20260314843710','processed',NULL,'2026-03-14 10:55:05','2026-03-14 11:41:16'),(203,'MONTHLY202603148437',37,'92','JANE WANGECHI MUTURI','2025-11-01',1000.00,'0',2025,'IMPMONTHLY20260314843711','processed',NULL,'2026-03-14 10:55:05','2026-03-14 11:41:16'),(204,'MONTHLY202603148437',37,'92','JANE WANGECHI MUTURI','2025-12-01',1000.00,'0',2025,'IMPMONTHLY20260314843712','skipped','Duplicate entry \'TXN1773488476675\' for key \'transaction_no\'','2026-03-14 10:55:05',NULL),(205,'MONTHLY202603148437',39,'98','JOSEPH KIHUNYU MAINA','2025-01-01',2000.00,'0',2025,'IMPMONTHLY2026031484371','processed',NULL,'2026-03-14 10:55:05','2026-03-14 11:41:16'),(206,'MONTHLY202603148437',39,'98','JOSEPH KIHUNYU MAINA','2025-02-01',2000.00,'0',2025,'IMPMONTHLY2026031484372','processed',NULL,'2026-03-14 10:55:05','2026-03-14 11:41:16'),(207,'MONTHLY202603148437',39,'98','JOSEPH KIHUNYU MAINA','2025-04-01',4000.00,'0',2025,'IMPMONTHLY2026031484374','processed',NULL,'2026-03-14 10:55:05','2026-03-14 11:41:16'),(208,'MONTHLY202603148437',39,'98','JOSEPH KIHUNYU MAINA','2025-05-01',2000.00,'0',2025,'IMPMONTHLY2026031484375','processed',NULL,'2026-03-14 10:55:05','2026-03-14 11:41:16'),(209,'MONTHLY202603148437',39,'98','JOSEPH KIHUNYU MAINA','2025-06-01',2000.00,'0',2025,'IMPMONTHLY2026031484376','processed',NULL,'2026-03-14 10:55:05','2026-03-14 11:41:16'),(210,'MONTHLY202603148437',39,'98','JOSEPH KIHUNYU MAINA','2025-07-01',2000.00,'0',2025,'IMPMONTHLY2026031484377','skipped','Duplicate entry \'TXN1773488476459\' for key \'transaction_no\'','2026-03-14 10:55:05',NULL),(211,'MONTHLY202603148437',39,'98','JOSEPH KIHUNYU MAINA','2025-08-01',2000.00,'0',2025,'IMPMONTHLY2026031484378','skipped','Duplicate entry \'TXN1773488476136\' for key \'transaction_no\'','2026-03-14 10:55:05',NULL),(212,'MONTHLY202603148437',39,'98','JOSEPH KIHUNYU MAINA','2025-09-01',2000.00,'0',2025,'IMPMONTHLY2026031484379','processed',NULL,'2026-03-14 10:55:05','2026-03-14 11:41:16'),(213,'MONTHLY202603148437',39,'98','JOSEPH KIHUNYU MAINA','2025-10-01',2000.00,'0',2025,'IMPMONTHLY20260314843710','skipped','Duplicate entry \'TXN1773488476868\' for key \'transaction_no\'','2026-03-14 10:55:05',NULL),(214,'MONTHLY202603148437',39,'98','JOSEPH KIHUNYU MAINA','2025-11-01',2104.00,'0',2025,'IMPMONTHLY20260314843711','processed',NULL,'2026-03-14 10:55:05','2026-03-14 11:41:16'),(215,'MONTHLY202603148437',39,'98','JOSEPH KIHUNYU MAINA','2025-12-01',2000.00,'0',2025,'IMPMONTHLY20260314843712','skipped','Duplicate entry \'TXN1773488476212\' for key \'transaction_no\'','2026-03-14 10:55:05',NULL),(216,'MONTHLY202603148437',40,'99','JOYCE WARINGA GITUKIA','2025-01-01',3000.00,'0',2025,'IMPMONTHLY2026031484371','processed',NULL,'2026-03-14 10:55:05','2026-03-14 11:41:16'),(217,'MONTHLY202603148437',40,'99','JOYCE WARINGA GITUKIA','2025-03-01',3000.00,'0',2025,'IMPMONTHLY2026031484373','skipped','Duplicate entry \'TXN1773488476420\' for key \'transaction_no\'','2026-03-14 10:55:05',NULL),(218,'MONTHLY202603148437',40,'99','JOYCE WARINGA GITUKIA','2025-04-01',3000.00,'0',2025,'IMPMONTHLY2026031484374','processed',NULL,'2026-03-14 10:55:05','2026-03-14 11:41:16'),(219,'MONTHLY202603148437',40,'99','JOYCE WARINGA GITUKIA','2025-05-01',5000.00,'0',2025,'IMPMONTHLY2026031484375','processed',NULL,'2026-03-14 10:55:05','2026-03-14 11:41:16'),(220,'MONTHLY202603148437',40,'99','JOYCE WARINGA GITUKIA','2025-07-01',3000.00,'0',2025,'IMPMONTHLY2026031484377','skipped','Duplicate entry \'TXN1773488476805\' for key \'transaction_no\'','2026-03-14 10:55:05',NULL),(221,'MONTHLY202603148437',40,'99','JOYCE WARINGA GITUKIA','2025-08-01',6000.00,'0',2025,'IMPMONTHLY2026031484378','processed',NULL,'2026-03-14 10:55:05','2026-03-14 11:41:16'),(222,'MONTHLY202603148437',40,'99','JOYCE WARINGA GITUKIA','2025-09-01',3000.00,'0',2025,'IMPMONTHLY2026031484379','skipped','Duplicate entry \'TXN1773488476975\' for key \'transaction_no\'','2026-03-14 10:55:05',NULL),(223,'MONTHLY202603148437',40,'99','JOYCE WARINGA GITUKIA','2025-11-01',6000.00,'0',2025,'IMPMONTHLY20260314843711','processed',NULL,'2026-03-14 10:55:05','2026-03-14 11:41:16'),(224,'MONTHLY202603148437',40,'99','JOYCE WARINGA GITUKIA','2025-12-01',6000.00,'0',2025,'IMPMONTHLY20260314843712','processed',NULL,'2026-03-14 10:55:05','2026-03-14 11:41:16'),(225,'MONTHLY202603148437',41,'101','GRACE WANJIKU MAHUGU','2025-01-01',1000.00,'0',2025,'IMPMONTHLY2026031484371','processed',NULL,'2026-03-14 10:55:05','2026-03-14 11:41:16'),(226,'MONTHLY202603148437',41,'101','GRACE WANJIKU MAHUGU','2025-02-01',1000.00,'0',2025,'IMPMONTHLY2026031484372','processed',NULL,'2026-03-14 10:55:05','2026-03-14 11:41:16'),(227,'MONTHLY202603148437',41,'101','GRACE WANJIKU MAHUGU','2025-03-01',1000.00,'0',2025,'IMPMONTHLY2026031484373','processed',NULL,'2026-03-14 10:55:05','2026-03-14 11:41:16'),(228,'MONTHLY202603148437',41,'101','GRACE WANJIKU MAHUGU','2025-04-01',1000.00,'0',2025,'IMPMONTHLY2026031484374','processed',NULL,'2026-03-14 10:55:05','2026-03-14 11:41:16'),(229,'MONTHLY202603148437',41,'101','GRACE WANJIKU MAHUGU','2025-06-01',1000.00,'0',2025,'IMPMONTHLY2026031484376','processed',NULL,'2026-03-14 10:55:05','2026-03-14 11:41:16'),(230,'MONTHLY202603148437',41,'101','GRACE WANJIKU MAHUGU','2025-07-01',1000.00,'0',2025,'IMPMONTHLY2026031484377','skipped','Duplicate entry \'TXN1773488476284\' for key \'transaction_no\'','2026-03-14 10:55:05',NULL),(231,'MONTHLY202603148437',41,'101','GRACE WANJIKU MAHUGU','2025-09-01',1000.00,'0',2025,'IMPMONTHLY2026031484379','skipped','Duplicate entry \'TXN1773488476452\' for key \'transaction_no\'','2026-03-14 10:55:05',NULL),(232,'MONTHLY202603148437',41,'101','GRACE WANJIKU MAHUGU','2025-10-01',1000.00,'0',2025,'IMPMONTHLY20260314843710','processed',NULL,'2026-03-14 10:55:05','2026-03-14 11:41:16'),(233,'MONTHLY202603148437',41,'101','GRACE WANJIKU MAHUGU','2025-12-01',3000.00,'0',2025,'IMPMONTHLY20260314843712','skipped','Duplicate entry \'TXN1773488476400\' for key \'transaction_no\'','2026-03-14 10:55:05',NULL),(234,'MONTHLY202603148437',42,'113','MARGARET WANJIRU KAMAU','2025-04-01',4000.00,'0',2025,'IMPMONTHLY2026031484374','processed',NULL,'2026-03-14 10:55:05','2026-03-14 11:41:16'),(235,'MONTHLY202603148437',42,'113','MARGARET WANJIRU KAMAU','2025-05-01',1000.00,'0',2025,'IMPMONTHLY2026031484375','skipped','Duplicate entry \'TXN1773488476295\' for key \'transaction_no\'','2026-03-14 10:55:05',NULL),(236,'MONTHLY202603148437',42,'113','MARGARET WANJIRU KAMAU','2025-09-01',4000.00,'0',2025,'IMPMONTHLY2026031484379','processed',NULL,'2026-03-14 10:55:05','2026-03-14 11:41:16'),(237,'MONTHLY202603148437',42,'113','MARGARET WANJIRU KAMAU','2025-10-01',1000.00,'0',2025,'IMPMONTHLY20260314843710','processed',NULL,'2026-03-14 10:55:05','2026-03-14 11:41:16'),(238,'MONTHLY202603148437',44,'116','ALEX WAHOME NDIRANGU','2025-01-01',3000.00,'0',2025,'IMPMONTHLY2026031484371','processed',NULL,'2026-03-14 10:55:05','2026-03-14 11:41:16'),(239,'MONTHLY202603148437',44,'116','ALEX WAHOME NDIRANGU','2025-02-01',3000.00,'0',2025,'IMPMONTHLY2026031484372','processed',NULL,'2026-03-14 10:55:05','2026-03-14 11:41:16'),(240,'MONTHLY202603148437',44,'116','ALEX WAHOME NDIRANGU','2025-03-01',3000.00,'0',2025,'IMPMONTHLY2026031484373','processed',NULL,'2026-03-14 10:55:05','2026-03-14 11:41:16'),(241,'MONTHLY202603148437',44,'116','ALEX WAHOME NDIRANGU','2025-04-01',3000.00,'0',2025,'IMPMONTHLY2026031484374','processed',NULL,'2026-03-14 10:55:05','2026-03-14 11:41:16'),(242,'MONTHLY202603148437',44,'116','ALEX WAHOME NDIRANGU','2025-05-01',3000.00,'0',2025,'IMPMONTHLY2026031484375','processed',NULL,'2026-03-14 10:55:05','2026-03-14 11:41:16'),(243,'MONTHLY202603148437',44,'116','ALEX WAHOME NDIRANGU','2025-06-01',3000.00,'0',2025,'IMPMONTHLY2026031484376','skipped','Duplicate entry \'TXN1773488476285\' for key \'transaction_no\'','2026-03-14 10:55:05',NULL),(244,'MONTHLY202603148437',44,'116','ALEX WAHOME NDIRANGU','2025-07-01',3000.00,'0',2025,'IMPMONTHLY2026031484377','processed',NULL,'2026-03-14 10:55:05','2026-03-14 11:41:16'),(245,'MONTHLY202603148437',44,'116','ALEX WAHOME NDIRANGU','2025-08-01',5000.00,'0',2025,'IMPMONTHLY2026031484378','processed',NULL,'2026-03-14 10:55:05','2026-03-14 11:41:16'),(246,'MONTHLY202603148437',44,'116','ALEX WAHOME NDIRANGU','2025-09-01',5000.00,'0',2025,'IMPMONTHLY2026031484379','skipped','Duplicate entry \'TXN1773488476303\' for key \'transaction_no\'','2026-03-14 10:55:05',NULL),(247,'MONTHLY202603148437',44,'116','ALEX WAHOME NDIRANGU','2025-10-01',5000.00,'0',2025,'IMPMONTHLY20260314843710','processed',NULL,'2026-03-14 10:55:05','2026-03-14 11:41:16'),(248,'MONTHLY202603148437',44,'116','ALEX WAHOME NDIRANGU','2025-11-01',5000.00,'0',2025,'IMPMONTHLY20260314843711','skipped','Duplicate entry \'TXN1773488476536\' for key \'transaction_no\'','2026-03-14 10:55:05',NULL),(249,'MONTHLY202603148437',44,'116','ALEX WAHOME NDIRANGU','2025-12-01',5000.00,'0',2025,'IMPMONTHLY20260314843712','processed',NULL,'2026-03-14 10:55:05','2026-03-14 11:41:16'),(250,'MONTHLY202603148437',45,'121','JAMES MUNENE MIRITI','2025-01-01',5000.00,'0',2025,'IMPMONTHLY2026031484371','processed',NULL,'2026-03-14 10:55:05','2026-03-14 11:41:16'),(251,'MONTHLY202603148437',45,'121','JAMES MUNENE MIRITI','2025-02-01',5000.00,'0',2025,'IMPMONTHLY2026031484372','processed',NULL,'2026-03-14 10:55:05','2026-03-14 11:41:16'),(252,'MONTHLY202603148437',45,'121','JAMES MUNENE MIRITI','2025-03-01',5000.00,'0',2025,'IMPMONTHLY2026031484373','processed',NULL,'2026-03-14 10:55:05','2026-03-14 11:41:16'),(253,'MONTHLY202603148437',45,'121','JAMES MUNENE MIRITI','2025-04-01',5000.00,'0',2025,'IMPMONTHLY2026031484374','processed',NULL,'2026-03-14 10:55:05','2026-03-14 11:41:16'),(254,'MONTHLY202603148437',45,'121','JAMES MUNENE MIRITI','2025-05-01',5000.00,'0',2025,'IMPMONTHLY2026031484375','processed',NULL,'2026-03-14 10:55:05','2026-03-14 11:41:16'),(255,'MONTHLY202603148437',45,'121','JAMES MUNENE MIRITI','2025-06-01',5000.00,'0',2025,'IMPMONTHLY2026031484376','skipped','Duplicate entry \'TXN1773488476378\' for key \'transaction_no\'','2026-03-14 10:55:05',NULL),(256,'MONTHLY202603148437',45,'121','JAMES MUNENE MIRITI','2025-07-01',5000.00,'0',2025,'IMPMONTHLY2026031484377','processed',NULL,'2026-03-14 10:55:05','2026-03-14 11:41:16'),(257,'MONTHLY202603148437',45,'121','JAMES MUNENE MIRITI','2025-08-01',5000.00,'0',2025,'IMPMONTHLY2026031484378','processed',NULL,'2026-03-14 10:55:05','2026-03-14 11:41:16'),(258,'MONTHLY202603148437',45,'121','JAMES MUNENE MIRITI','2025-09-01',5000.00,'0',2025,'IMPMONTHLY2026031484379','processed',NULL,'2026-03-14 10:55:05','2026-03-14 11:41:17'),(259,'MONTHLY202603148437',45,'121','JAMES MUNENE MIRITI','2025-10-01',5000.00,'0',2025,'IMPMONTHLY20260314843710','processed',NULL,'2026-03-14 10:55:05','2026-03-14 11:41:17'),(260,'MONTHLY202603148437',45,'121','JAMES MUNENE MIRITI','2025-11-01',5000.00,'0',2025,'IMPMONTHLY20260314843711','processed',NULL,'2026-03-14 10:55:05','2026-03-14 11:41:17'),(261,'MONTHLY202603148437',45,'121','JAMES MUNENE MIRITI','2025-12-01',5000.00,'0',2025,'IMPMONTHLY20260314843712','processed',NULL,'2026-03-14 10:55:05','2026-03-14 11:41:17'),(262,'MONTHLY202603148437',46,'123','CATHERINE WANJOHI','2025-04-01',1000.00,'0',2025,'IMPMONTHLY2026031484374','processed',NULL,'2026-03-14 10:55:05','2026-03-14 11:41:17'),(263,'MONTHLY202603148437',46,'123','CATHERINE WANJOHI','2025-10-01',1000.00,'0',2025,'IMPMONTHLY20260314843710','processed',NULL,'2026-03-14 10:55:05','2026-03-14 11:41:17'),(264,'MONTHLY202603148437',47,'128','MERCY WANJIRU KAMAU','2025-01-01',400.00,'0',2025,'IMPMONTHLY2026031484371','processed',NULL,'2026-03-14 10:55:05','2026-03-14 11:41:17'),(265,'MONTHLY202603148437',47,'128','MERCY WANJIRU KAMAU','2025-02-01',1000.00,'0',2025,'IMPMONTHLY2026031484372','processed',NULL,'2026-03-14 10:55:05','2026-03-14 11:41:17'),(266,'MONTHLY202603148437',47,'128','MERCY WANJIRU KAMAU','2025-03-01',1000.00,'0',2025,'IMPMONTHLY2026031484373','processed',NULL,'2026-03-14 10:55:05','2026-03-14 11:41:17'),(267,'MONTHLY202603148437',47,'128','MERCY WANJIRU KAMAU','2025-04-01',1000.00,'0',2025,'IMPMONTHLY2026031484374','processed',NULL,'2026-03-14 10:55:05','2026-03-14 11:41:17'),(268,'MONTHLY202603148437',47,'128','MERCY WANJIRU KAMAU','2025-07-01',1000.00,'0',2025,'IMPMONTHLY2026031484377','processed',NULL,'2026-03-14 10:55:05','2026-03-14 11:41:17'),(269,'MONTHLY202603148437',47,'128','MERCY WANJIRU KAMAU','2025-08-01',1000.00,'0',2025,'IMPMONTHLY2026031484378','processed',NULL,'2026-03-14 10:55:05','2026-03-14 11:41:17'),(270,'MONTHLY202603148437',47,'128','MERCY WANJIRU KAMAU','2025-09-01',1000.00,'0',2025,'IMPMONTHLY2026031484379','processed',NULL,'2026-03-14 10:55:05','2026-03-14 11:41:17'),(271,'MONTHLY202603148437',47,'128','MERCY WANJIRU KAMAU','2025-10-01',1000.00,'0',2025,'IMPMONTHLY20260314843710','processed',NULL,'2026-03-14 10:55:05','2026-03-14 11:41:17'),(272,'MONTHLY202603148437',47,'128','MERCY WANJIRU KAMAU','2025-11-01',1000.00,'0',2025,'IMPMONTHLY20260314843711','processed',NULL,'2026-03-14 10:55:05','2026-03-14 11:41:17'),(273,'MONTHLY202603148437',47,'128','MERCY WANJIRU KAMAU','2025-12-01',1000.00,'0',2025,'IMPMONTHLY20260314843712','processed',NULL,'2026-03-14 10:55:05','2026-03-14 11:41:17'),(274,'MONTHLY202603148437',51,'137','EUNICE NJAMBI KAMAU','2025-01-01',2000.00,'0',2025,'IMPMONTHLY2026031484371','processed',NULL,'2026-03-14 10:55:05','2026-03-14 11:41:17'),(275,'MONTHLY202603148437',51,'137','EUNICE NJAMBI KAMAU','2025-02-01',2000.00,'0',2025,'IMPMONTHLY2026031484372','skipped','Duplicate entry \'TXN1773488477969\' for key \'transaction_no\'','2026-03-14 10:55:05',NULL),(276,'MONTHLY202603148437',51,'137','EUNICE NJAMBI KAMAU','2025-03-01',2000.00,'0',2025,'IMPMONTHLY2026031484373','processed',NULL,'2026-03-14 10:55:05','2026-03-14 11:41:17'),(277,'MONTHLY202603148437',51,'137','EUNICE NJAMBI KAMAU','2025-04-01',2000.00,'0',2025,'IMPMONTHLY2026031484374','skipped','Duplicate entry \'TXN1773488477612\' for key \'transaction_no\'','2026-03-14 10:55:05',NULL),(278,'MONTHLY202603148437',51,'137','EUNICE NJAMBI KAMAU','2025-05-01',3000.00,'0',2025,'IMPMONTHLY2026031484375','processed',NULL,'2026-03-14 10:55:05','2026-03-14 11:41:17'),(279,'MONTHLY202603148437',51,'137','EUNICE NJAMBI KAMAU','2025-06-01',3000.00,'0',2025,'IMPMONTHLY2026031484376','processed',NULL,'2026-03-14 10:55:05','2026-03-14 11:41:17'),(280,'MONTHLY202603148437',51,'137','EUNICE NJAMBI KAMAU','2025-07-01',3000.00,'0',2025,'IMPMONTHLY2026031484377','processed',NULL,'2026-03-14 10:55:05','2026-03-14 11:41:17'),(281,'MONTHLY202603148437',51,'137','EUNICE NJAMBI KAMAU','2025-08-01',3000.00,'0',2025,'IMPMONTHLY2026031484378','processed',NULL,'2026-03-14 10:55:05','2026-03-14 11:41:17'),(282,'MONTHLY202603148437',51,'137','EUNICE NJAMBI KAMAU','2025-09-01',3000.00,'0',2025,'IMPMONTHLY2026031484379','processed',NULL,'2026-03-14 10:55:05','2026-03-14 11:41:17'),(283,'MONTHLY202603148437',51,'137','EUNICE NJAMBI KAMAU','2025-10-01',3000.00,'0',2025,'IMPMONTHLY20260314843710','processed',NULL,'2026-03-14 10:55:05','2026-03-14 11:41:17'),(284,'MONTHLY202603148437',51,'137','EUNICE NJAMBI KAMAU','2025-11-01',3000.00,'0',2025,'IMPMONTHLY20260314843711','processed',NULL,'2026-03-14 10:55:05','2026-03-14 11:41:17'),(285,'MONTHLY202603148437',51,'137','EUNICE NJAMBI KAMAU','2025-12-01',3000.00,'0',2025,'IMPMONTHLY20260314843712','processed',NULL,'2026-03-14 10:55:05','2026-03-14 11:41:17'),(286,'MONTHLY202603148437',52,'140','MARY WACHEKE MWARI','2025-01-01',2000.00,'0',2025,'IMPMONTHLY2026031484371','processed',NULL,'2026-03-14 10:55:05','2026-03-14 11:41:17'),(287,'MONTHLY202603148437',52,'140','MARY WACHEKE MWARI','2025-02-01',2000.00,'0',2025,'IMPMONTHLY2026031484372','processed',NULL,'2026-03-14 10:55:05','2026-03-14 11:41:17'),(288,'MONTHLY202603148437',52,'140','MARY WACHEKE MWARI','2025-03-01',2000.00,'0',2025,'IMPMONTHLY2026031484373','processed',NULL,'2026-03-14 10:55:05','2026-03-14 11:41:17'),(289,'MONTHLY202603148437',52,'140','MARY WACHEKE MWARI','2025-04-01',2900.00,'0',2025,'IMPMONTHLY2026031484374','processed',NULL,'2026-03-14 10:55:05','2026-03-14 11:41:17'),(290,'MONTHLY202603148437',52,'140','MARY WACHEKE MWARI','2025-05-01',2000.00,'0',2025,'IMPMONTHLY2026031484375','processed',NULL,'2026-03-14 10:55:05','2026-03-14 11:41:17'),(291,'MONTHLY202603148437',52,'140','MARY WACHEKE MWARI','2025-06-01',2000.00,'0',2025,'IMPMONTHLY2026031484376','processed',NULL,'2026-03-14 10:55:05','2026-03-14 11:41:17'),(292,'MONTHLY202603148437',52,'140','MARY WACHEKE MWARI','2025-07-01',2000.00,'0',2025,'IMPMONTHLY2026031484377','skipped','Duplicate entry \'TXN1773488477894\' for key \'transaction_no\'','2026-03-14 10:55:05',NULL),(293,'MONTHLY202603148437',52,'140','MARY WACHEKE MWARI','2025-08-01',2000.00,'0',2025,'IMPMONTHLY2026031484378','processed',NULL,'2026-03-14 10:55:05','2026-03-14 11:41:17'),(294,'MONTHLY202603148437',52,'140','MARY WACHEKE MWARI','2025-09-01',2000.00,'0',2025,'IMPMONTHLY2026031484379','processed',NULL,'2026-03-14 10:55:05','2026-03-14 11:41:17'),(295,'MONTHLY202603148437',52,'140','MARY WACHEKE MWARI','2025-10-01',2000.00,'0',2025,'IMPMONTHLY20260314843710','processed',NULL,'2026-03-14 10:55:05','2026-03-14 11:41:17'),(296,'MONTHLY202603148437',52,'140','MARY WACHEKE MWARI','2025-11-01',2000.00,'0',2025,'IMPMONTHLY20260314843711','processed',NULL,'2026-03-14 10:55:05','2026-03-14 11:41:17'),(297,'MONTHLY202603148437',52,'140','MARY WACHEKE MWARI','2025-12-01',2000.00,'0',2025,'IMPMONTHLY20260314843712','processed',NULL,'2026-03-14 10:55:05','2026-03-14 11:41:17'),(298,'MONTHLY202603148437',53,'143','ANGELA WANJIRU KAMAU','2025-01-01',1000.00,'0',2025,'IMPMONTHLY2026031484371','processed',NULL,'2026-03-14 10:55:05','2026-03-14 11:41:17'),(299,'MONTHLY202603148437',53,'143','ANGELA WANJIRU KAMAU','2025-02-01',1000.00,'0',2025,'IMPMONTHLY2026031484372','skipped','Duplicate entry \'TXN1773488477260\' for key \'transaction_no\'','2026-03-14 10:55:05',NULL),(300,'MONTHLY202603148437',53,'143','ANGELA WANJIRU KAMAU','2025-03-01',1000.00,'0',2025,'IMPMONTHLY2026031484373','processed',NULL,'2026-03-14 10:55:05','2026-03-14 11:41:17'),(301,'MONTHLY202603148437',53,'143','ANGELA WANJIRU KAMAU','2025-04-01',1000.00,'0',2025,'IMPMONTHLY2026031484374','processed',NULL,'2026-03-14 10:55:05','2026-03-14 11:41:17'),(302,'MONTHLY202603148437',53,'143','ANGELA WANJIRU KAMAU','2025-05-01',1000.00,'0',2025,'IMPMONTHLY2026031484375','processed',NULL,'2026-03-14 10:55:05','2026-03-14 11:41:17'),(303,'MONTHLY202603148437',53,'143','ANGELA WANJIRU KAMAU','2025-06-01',1000.00,'0',2025,'IMPMONTHLY2026031484376','processed',NULL,'2026-03-14 10:55:05','2026-03-14 11:41:17'),(304,'MONTHLY202603148437',53,'143','ANGELA WANJIRU KAMAU','2025-07-01',1000.00,'0',2025,'IMPMONTHLY2026031484377','processed',NULL,'2026-03-14 10:55:05','2026-03-14 11:41:17'),(305,'MONTHLY202603148437',53,'143','ANGELA WANJIRU KAMAU','2025-08-01',1000.00,'0',2025,'IMPMONTHLY2026031484378','processed',NULL,'2026-03-14 10:55:05','2026-03-14 11:41:17'),(306,'MONTHLY202603148437',53,'143','ANGELA WANJIRU KAMAU','2025-09-01',1000.00,'0',2025,'IMPMONTHLY2026031484379','processed',NULL,'2026-03-14 10:55:05','2026-03-14 11:41:17'),(307,'MONTHLY202603148437',53,'143','ANGELA WANJIRU KAMAU','2025-10-01',1000.00,'0',2025,'IMPMONTHLY20260314843710','processed',NULL,'2026-03-14 10:55:05','2026-03-14 11:41:17'),(308,'MONTHLY202603148437',53,'143','ANGELA WANJIRU KAMAU','2025-11-01',1000.00,'0',2025,'IMPMONTHLY20260314843711','processed',NULL,'2026-03-14 10:55:05','2026-03-14 11:41:17'),(309,'MONTHLY202603148437',53,'143','ANGELA WANJIRU KAMAU','2025-12-01',1000.00,'0',2025,'IMPMONTHLY20260314843712','processed',NULL,'2026-03-14 10:55:05','2026-03-14 11:41:17'),(310,'MONTHLY202603148437',54,'144','EUNICE WANJA WAIGANJO','2025-07-01',1000.00,'0',2025,'IMPMONTHLY2026031484377','processed',NULL,'2026-03-14 10:55:05','2026-03-14 11:41:17'),(311,'MONTHLY202603148437',54,'144','EUNICE WANJA WAIGANJO','2025-08-01',1000.00,'0',2025,'IMPMONTHLY2026031484378','processed',NULL,'2026-03-14 10:55:05','2026-03-14 11:41:17'),(312,'MONTHLY202603148437',54,'144','EUNICE WANJA WAIGANJO','2025-09-01',1000.00,'0',2025,'IMPMONTHLY2026031484379','processed',NULL,'2026-03-14 10:55:05','2026-03-14 11:41:17'),(313,'MONTHLY202603148437',54,'144','EUNICE WANJA WAIGANJO','2025-11-01',1000.00,'0',2025,'IMPMONTHLY20260314843711','processed',NULL,'2026-03-14 10:55:05','2026-03-14 11:41:17'),(314,'MONTHLY202603148437',55,'145','RUTH WANGUI MAINA','2025-01-01',3000.00,'0',2025,'IMPMONTHLY2026031484371','processed',NULL,'2026-03-14 10:55:05','2026-03-14 11:41:17'),(315,'MONTHLY202603148437',55,'145','RUTH WANGUI MAINA','2025-02-01',1000.00,'0',2025,'IMPMONTHLY2026031484372','processed',NULL,'2026-03-14 10:55:05','2026-03-14 11:41:17'),(316,'MONTHLY202603148437',55,'145','RUTH WANGUI MAINA','2025-03-01',1000.00,'0',2025,'IMPMONTHLY2026031484373','processed',NULL,'2026-03-14 10:55:05','2026-03-14 11:41:17'),(317,'MONTHLY202603148437',55,'145','RUTH WANGUI MAINA','2025-04-01',1000.00,'0',2025,'IMPMONTHLY2026031484374','processed',NULL,'2026-03-14 10:55:05','2026-03-14 11:41:17'),(318,'MONTHLY202603148437',55,'145','RUTH WANGUI MAINA','2025-05-01',1000.00,'0',2025,'IMPMONTHLY2026031484375','processed',NULL,'2026-03-14 10:55:05','2026-03-14 11:41:17'),(319,'MONTHLY202603148437',55,'145','RUTH WANGUI MAINA','2025-06-01',1000.00,'0',2025,'IMPMONTHLY2026031484376','processed',NULL,'2026-03-14 10:55:05','2026-03-14 11:41:17'),(320,'MONTHLY202603148437',55,'145','RUTH WANGUI MAINA','2025-07-01',1000.00,'0',2025,'IMPMONTHLY2026031484377','processed',NULL,'2026-03-14 10:55:05','2026-03-14 11:41:17'),(321,'MONTHLY202603148437',55,'145','RUTH WANGUI MAINA','2025-08-01',1000.00,'0',2025,'IMPMONTHLY2026031484378','processed',NULL,'2026-03-14 10:55:05','2026-03-14 11:41:17'),(322,'MONTHLY202603148437',55,'145','RUTH WANGUI MAINA','2025-11-01',2000.00,'0',2025,'IMPMONTHLY20260314843711','processed',NULL,'2026-03-14 10:55:05','2026-03-14 11:41:17'),(323,'MONTHLY202603148437',56,'147','JACKSON NDAGURI KAMAU','2025-01-01',1000.00,'0',2025,'IMPMONTHLY2026031484371','processed',NULL,'2026-03-14 10:55:05','2026-03-14 11:41:17'),(324,'MONTHLY202603148437',56,'147','JACKSON NDAGURI KAMAU','2025-04-01',1000.00,'0',2025,'IMPMONTHLY2026031484374','processed',NULL,'2026-03-14 10:55:05','2026-03-14 11:41:17'),(325,'MONTHLY202603148437',56,'147','JACKSON NDAGURI KAMAU','2025-06-01',2552.00,'0',2025,'IMPMONTHLY2026031484376','processed',NULL,'2026-03-14 10:55:05','2026-03-14 11:41:17'),(326,'MONTHLY202603148437',56,'147','JACKSON NDAGURI KAMAU','2025-09-01',4000.00,'0',2025,'IMPMONTHLY2026031484379','processed',NULL,'2026-03-14 10:55:05','2026-03-14 11:41:17'),(327,'MONTHLY202603148437',57,'148','FLORENCE WAIRIMU WAROTHE','2025-02-01',1000.00,'0',2025,'IMPMONTHLY2026031484372','processed',NULL,'2026-03-14 10:55:05','2026-03-14 11:41:17'),(328,'MONTHLY202603148437',57,'148','FLORENCE WAIRIMU WAROTHE','2025-04-01',1000.00,'0',2025,'IMPMONTHLY2026031484374','processed',NULL,'2026-03-14 10:55:05','2026-03-14 11:41:17'),(329,'MONTHLY202603148437',57,'148','FLORENCE WAIRIMU WAROTHE','2025-05-01',1000.00,'0',2025,'IMPMONTHLY2026031484375','processed',NULL,'2026-03-14 10:55:05','2026-03-14 11:41:17'),(330,'MONTHLY202603148437',57,'148','FLORENCE WAIRIMU WAROTHE','2025-06-01',1000.00,'0',2025,'IMPMONTHLY2026031484376','processed',NULL,'2026-03-14 10:55:05','2026-03-14 11:41:17'),(331,'MONTHLY202603148437',57,'148','FLORENCE WAIRIMU WAROTHE','2025-07-01',1000.00,'0',2025,'IMPMONTHLY2026031484377','processed',NULL,'2026-03-14 10:55:05','2026-03-14 11:41:17'),(332,'MONTHLY202603148437',57,'148','FLORENCE WAIRIMU WAROTHE','2025-08-01',1000.00,'0',2025,'IMPMONTHLY2026031484378','processed',NULL,'2026-03-14 10:55:05','2026-03-14 11:41:17'),(333,'MONTHLY202603148437',57,'148','FLORENCE WAIRIMU WAROTHE','2025-09-01',1000.00,'0',2025,'IMPMONTHLY2026031484379','processed',NULL,'2026-03-14 10:55:05','2026-03-14 11:41:17'),(334,'MONTHLY202603148437',57,'148','FLORENCE WAIRIMU WAROTHE','2025-11-01',1000.00,'0',2025,'IMPMONTHLY20260314843711','skipped','Duplicate entry \'TXN1773488477650\' for key \'transaction_no\'','2026-03-14 10:55:05',NULL),(335,'MONTHLY202603148437',57,'148','FLORENCE WAIRIMU WAROTHE','2025-12-01',1000.00,'0',2025,'IMPMONTHLY20260314843712','processed',NULL,'2026-03-14 10:55:05','2026-03-14 11:41:17'),(336,'MONTHLY202603148437',58,'149','CATHERINE NJERI NJAGI','2025-01-01',1000.00,'0',2025,'IMPMONTHLY2026031484371','processed',NULL,'2026-03-14 10:55:05','2026-03-14 11:41:17'),(337,'MONTHLY202603148437',58,'149','CATHERINE NJERI NJAGI','2025-02-01',1000.00,'0',2025,'IMPMONTHLY2026031484372','processed',NULL,'2026-03-14 10:55:05','2026-03-14 11:41:17'),(338,'MONTHLY202603148437',58,'149','CATHERINE NJERI NJAGI','2025-03-01',1000.00,'0',2025,'IMPMONTHLY2026031484373','processed',NULL,'2026-03-14 10:55:05','2026-03-14 11:41:17'),(339,'MONTHLY202603148437',58,'149','CATHERINE NJERI NJAGI','2025-04-01',1000.00,'0',2025,'IMPMONTHLY2026031484374','skipped','Duplicate entry \'TXN1773488477549\' for key \'transaction_no\'','2026-03-14 10:55:05',NULL),(340,'MONTHLY202603148437',58,'149','CATHERINE NJERI NJAGI','2025-05-01',1000.00,'0',2025,'IMPMONTHLY2026031484375','processed',NULL,'2026-03-14 10:55:05','2026-03-14 11:41:17'),(341,'MONTHLY202603148437',58,'149','CATHERINE NJERI NJAGI','2025-06-01',1000.00,'0',2025,'IMPMONTHLY2026031484376','processed',NULL,'2026-03-14 10:55:05','2026-03-14 11:41:17'),(342,'MONTHLY202603148437',58,'149','CATHERINE NJERI NJAGI','2025-07-01',1000.00,'0',2025,'IMPMONTHLY2026031484377','processed',NULL,'2026-03-14 10:55:05','2026-03-14 11:41:17'),(343,'MONTHLY202603148437',58,'149','CATHERINE NJERI NJAGI','2025-08-01',1000.00,'0',2025,'IMPMONTHLY2026031484378','processed',NULL,'2026-03-14 10:55:05','2026-03-14 11:41:17'),(344,'MONTHLY202603148437',58,'149','CATHERINE NJERI NJAGI','2025-09-01',1000.00,'0',2025,'IMPMONTHLY2026031484379','processed',NULL,'2026-03-14 10:55:05','2026-03-14 11:41:17'),(345,'MONTHLY202603148437',58,'149','CATHERINE NJERI NJAGI','2025-10-01',1000.00,'0',2025,'IMPMONTHLY20260314843710','processed',NULL,'2026-03-14 10:55:05','2026-03-14 11:41:17'),(346,'MONTHLY202603148437',58,'149','CATHERINE NJERI NJAGI','2025-11-01',1000.00,'0',2025,'IMPMONTHLY20260314843711','processed',NULL,'2026-03-14 10:55:05','2026-03-14 11:41:17'),(347,'MONTHLY202603148437',58,'149','CATHERINE NJERI NJAGI','2025-12-01',1000.00,'0',2025,'IMPMONTHLY20260314843712','processed',NULL,'2026-03-14 10:55:05','2026-03-14 11:41:17'),(348,'MONTHLY202603148437',59,'150','LLOYD NJAGI','2025-01-01',1000.00,'0',2025,'IMPMONTHLY2026031484371','processed',NULL,'2026-03-14 10:55:05','2026-03-14 11:41:17'),(349,'MONTHLY202603148437',59,'150','LLOYD NJAGI','2025-02-01',1000.00,'0',2025,'IMPMONTHLY2026031484372','processed',NULL,'2026-03-14 10:55:05','2026-03-14 11:41:17'),(350,'MONTHLY202603148437',59,'150','LLOYD NJAGI','2025-03-01',1000.00,'0',2025,'IMPMONTHLY2026031484373','processed',NULL,'2026-03-14 10:55:05','2026-03-14 11:41:17'),(351,'MONTHLY202603148437',59,'150','LLOYD NJAGI','2025-04-01',1000.00,'0',2025,'IMPMONTHLY2026031484374','processed',NULL,'2026-03-14 10:55:05','2026-03-14 11:41:17'),(352,'MONTHLY202603148437',59,'150','LLOYD NJAGI','2025-05-01',1000.00,'0',2025,'IMPMONTHLY2026031484375','processed',NULL,'2026-03-14 10:55:05','2026-03-14 11:41:17'),(353,'MONTHLY202603148437',59,'150','LLOYD NJAGI','2025-06-01',1000.00,'0',2025,'IMPMONTHLY2026031484376','processed',NULL,'2026-03-14 10:55:05','2026-03-14 11:41:17'),(354,'MONTHLY202603148437',59,'150','LLOYD NJAGI','2025-07-01',1000.00,'0',2025,'IMPMONTHLY2026031484377','processed',NULL,'2026-03-14 10:55:05','2026-03-14 11:41:17'),(355,'MONTHLY202603148437',59,'150','LLOYD NJAGI','2025-08-01',1000.00,'0',2025,'IMPMONTHLY2026031484378','processed',NULL,'2026-03-14 10:55:05','2026-03-14 11:41:17'),(356,'MONTHLY202603148437',59,'150','LLOYD NJAGI','2025-09-01',1000.00,'0',2025,'IMPMONTHLY2026031484379','processed',NULL,'2026-03-14 10:55:05','2026-03-14 11:41:17'),(357,'MONTHLY202603148437',59,'150','LLOYD NJAGI','2025-10-01',1000.00,'0',2025,'IMPMONTHLY20260314843710','processed',NULL,'2026-03-14 10:55:05','2026-03-14 11:41:17'),(358,'MONTHLY202603148437',59,'150','LLOYD NJAGI','2025-11-01',1000.00,'0',2025,'IMPMONTHLY20260314843711','processed',NULL,'2026-03-14 10:55:05','2026-03-14 11:41:17'),(359,'MONTHLY202603148437',59,'150','LLOYD NJAGI','2025-12-01',1000.00,'0',2025,'IMPMONTHLY20260314843712','processed',NULL,'2026-03-14 10:55:05','2026-03-14 11:41:17'),(360,'MONTHLY202603148437',62,'159','JOHN NJOROGE GACHIE','2025-01-01',1000.00,'0',2025,'IMPMONTHLY2026031484371','processed',NULL,'2026-03-14 10:55:05','2026-03-14 11:41:17'),(361,'MONTHLY202603148437',62,'159','JOHN NJOROGE GACHIE','2025-02-01',1000.00,'0',2025,'IMPMONTHLY2026031484372','processed',NULL,'2026-03-14 10:55:05','2026-03-14 11:41:17'),(362,'MONTHLY202603148437',62,'159','JOHN NJOROGE GACHIE','2025-03-01',1000.00,'0',2025,'IMPMONTHLY2026031484373','processed',NULL,'2026-03-14 10:55:05','2026-03-14 11:41:17'),(363,'MONTHLY202603148437',62,'159','JOHN NJOROGE GACHIE','2025-04-01',1000.00,'0',2025,'IMPMONTHLY2026031484374','processed',NULL,'2026-03-14 10:55:05','2026-03-14 11:41:17'),(364,'MONTHLY202603148437',62,'159','JOHN NJOROGE GACHIE','2025-05-01',1000.00,'0',2025,'IMPMONTHLY2026031484375','processed',NULL,'2026-03-14 10:55:05','2026-03-14 11:41:17'),(365,'MONTHLY202603148437',62,'159','JOHN NJOROGE GACHIE','2025-06-01',1000.00,'0',2025,'IMPMONTHLY2026031484376','processed',NULL,'2026-03-14 10:55:05','2026-03-14 11:41:17'),(366,'MONTHLY202603148437',62,'159','JOHN NJOROGE GACHIE','2025-07-01',1000.00,'0',2025,'IMPMONTHLY2026031484377','skipped','Duplicate entry \'TXN1773488477343\' for key \'transaction_no\'','2026-03-14 10:55:05',NULL),(367,'MONTHLY202603148437',62,'159','JOHN NJOROGE GACHIE','2025-08-01',1000.00,'0',2025,'IMPMONTHLY2026031484378','processed',NULL,'2026-03-14 10:55:05','2026-03-14 11:41:17'),(368,'MONTHLY202603148437',62,'159','JOHN NJOROGE GACHIE','2025-09-01',1000.00,'0',2025,'IMPMONTHLY2026031484379','processed',NULL,'2026-03-14 10:55:05','2026-03-14 11:41:17'),(369,'MONTHLY202603148437',62,'159','JOHN NJOROGE GACHIE','2025-10-01',1000.00,'0',2025,'IMPMONTHLY20260314843710','processed',NULL,'2026-03-14 10:55:05','2026-03-14 11:41:17'),(370,'MONTHLY202603148437',62,'159','JOHN NJOROGE GACHIE','2025-11-01',1000.00,'0',2025,'IMPMONTHLY20260314843711','skipped','Duplicate entry \'TXN1773488477887\' for key \'transaction_no\'','2026-03-14 10:55:05',NULL),(371,'MONTHLY202603148437',62,'159','JOHN NJOROGE GACHIE','2025-12-01',1000.00,'0',2025,'IMPMONTHLY20260314843712','processed',NULL,'2026-03-14 10:55:05','2026-03-14 11:41:17'),(372,'MONTHLY202603148437',69,'167','EUNICE NJAMBI RWERIA','2025-08-01',1000.00,'0',2025,'IMPMONTHLY2026031484378','processed',NULL,'2026-03-14 10:55:05','2026-03-14 11:41:17'),(373,'MONTHLY202603148437',69,'167','EUNICE NJAMBI RWERIA','2025-12-01',1000.00,'0',2025,'IMPMONTHLY20260314843712','skipped','Duplicate entry \'TXN1773488477716\' for key \'transaction_no\'','2026-03-14 10:55:05',NULL),(374,'MONTHLY202603148437',74,'180','JOHN MURIITHI','2025-01-01',1000.00,'0',2025,'IMPMONTHLY2026031484371','skipped','Duplicate entry \'TXN1773488477165\' for key \'transaction_no\'','2026-03-14 10:55:05',NULL),(375,'MONTHLY202603148437',74,'180','JOHN MURIITHI','2025-02-01',1000.00,'0',2025,'IMPMONTHLY2026031484372','skipped','Duplicate entry \'TXN1773488477980\' for key \'transaction_no\'','2026-03-14 10:55:05',NULL),(376,'MONTHLY202603148437',74,'180','JOHN MURIITHI','2025-03-01',1000.00,'0',2025,'IMPMONTHLY2026031484373','processed',NULL,'2026-03-14 10:55:05','2026-03-14 11:41:17'),(377,'MONTHLY202603148437',74,'180','JOHN MURIITHI','2025-05-01',1400.00,'0',2025,'IMPMONTHLY2026031484375','processed',NULL,'2026-03-14 10:55:05','2026-03-14 11:41:17'),(378,'MONTHLY202603148437',74,'180','JOHN MURIITHI','2025-07-01',3000.00,'0',2025,'IMPMONTHLY2026031484377','processed',NULL,'2026-03-14 10:55:05','2026-03-14 11:41:17'),(379,'MONTHLY202603148437',74,'180','JOHN MURIITHI','2025-08-01',1000.00,'0',2025,'IMPMONTHLY2026031484378','processed',NULL,'2026-03-14 10:55:05','2026-03-14 11:41:17'),(380,'MONTHLY202603148437',74,'180','JOHN MURIITHI','2025-09-01',1000.00,'0',2025,'IMPMONTHLY2026031484379','processed',NULL,'2026-03-14 10:55:05','2026-03-14 11:41:17'),(381,'MONTHLY202603148437',74,'180','JOHN MURIITHI','2025-10-01',1000.00,'0',2025,'IMPMONTHLY20260314843710','processed',NULL,'2026-03-14 10:55:05','2026-03-14 11:41:17'),(382,'MONTHLY202603148437',74,'180','JOHN MURIITHI','2025-11-01',1000.00,'0',2025,'IMPMONTHLY20260314843711','processed',NULL,'2026-03-14 10:55:05','2026-03-14 11:41:17'),(383,'MONTHLY202603148437',74,'180','JOHN MURIITHI','2025-12-01',1000.00,'0',2025,'IMPMONTHLY20260314843712','processed',NULL,'2026-03-14 10:55:05','2026-03-14 11:41:17'),(384,'MONTHLY202603148437',76,'182','ESTHER NDUTA MWANIKI','2025-01-01',1000.00,'0',2025,'IMPMONTHLY2026031484371','processed',NULL,'2026-03-14 10:55:05','2026-03-14 11:41:17'),(385,'MONTHLY202603148437',76,'182','ESTHER NDUTA MWANIKI','2025-02-01',1000.00,'0',2025,'IMPMONTHLY2026031484372','processed',NULL,'2026-03-14 10:55:05','2026-03-14 11:41:17'),(386,'MONTHLY202603148437',76,'182','ESTHER NDUTA MWANIKI','2025-03-01',1000.00,'0',2025,'IMPMONTHLY2026031484373','processed',NULL,'2026-03-14 10:55:05','2026-03-14 11:41:17'),(387,'MONTHLY202603148437',76,'182','ESTHER NDUTA MWANIKI','2025-05-01',1000.00,'0',2025,'IMPMONTHLY2026031484375','skipped','Duplicate entry \'TXN1773488477494\' for key \'transaction_no\'','2026-03-14 10:55:05',NULL),(388,'MONTHLY202603148437',76,'182','ESTHER NDUTA MWANIKI','2025-09-01',1000.00,'0',2025,'IMPMONTHLY2026031484379','processed',NULL,'2026-03-14 10:55:05','2026-03-14 11:41:17'),(389,'MONTHLY202603148437',80,'185','BETHSAIDA CHURCH','2025-01-01',1000.00,'0',2025,'IMPMONTHLY2026031484371','processed',NULL,'2026-03-14 10:55:05','2026-03-14 11:41:17'),(390,'MONTHLY202603148437',81,'186','CECILIA NYAMBURA MACHARIA','2025-01-01',1000.00,'0',2025,'IMPMONTHLY2026031484371','processed',NULL,'2026-03-14 10:55:05','2026-03-14 11:41:17'),(391,'MONTHLY202603148437',81,'186','CECILIA NYAMBURA MACHARIA','2025-02-01',1000.00,'0',2025,'IMPMONTHLY2026031484372','processed',NULL,'2026-03-14 10:55:05','2026-03-14 11:41:17'),(392,'MONTHLY202603148437',81,'186','CECILIA NYAMBURA MACHARIA','2025-04-01',1000.00,'0',2025,'IMPMONTHLY2026031484374','skipped','Duplicate entry \'TXN1773488477318\' for key \'transaction_no\'','2026-03-14 10:55:05',NULL),(393,'MONTHLY202603148437',82,'187','TERESIA NJOKI WAMBUI','2025-01-01',2000.00,'0',2025,'IMPMONTHLY2026031484371','processed',NULL,'2026-03-14 10:55:05','2026-03-14 11:41:17'),(394,'MONTHLY202603148437',82,'187','TERESIA NJOKI WAMBUI','2025-02-01',1000.00,'0',2025,'IMPMONTHLY2026031484372','processed',NULL,'2026-03-14 10:55:05','2026-03-14 11:41:17'),(395,'MONTHLY202603148437',82,'187','TERESIA NJOKI WAMBUI','2025-03-01',1000.00,'0',2025,'IMPMONTHLY2026031484373','processed',NULL,'2026-03-14 10:55:05','2026-03-14 11:41:17'),(396,'MONTHLY202603148437',82,'187','TERESIA NJOKI WAMBUI','2025-04-01',1000.00,'0',2025,'IMPMONTHLY2026031484374','processed',NULL,'2026-03-14 10:55:05','2026-03-14 11:41:17'),(397,'MONTHLY202603148437',82,'187','TERESIA NJOKI WAMBUI','2025-05-01',1000.00,'0',2025,'IMPMONTHLY2026031484375','processed',NULL,'2026-03-14 10:55:05','2026-03-14 11:41:17'),(398,'MONTHLY202603148437',82,'187','TERESIA NJOKI WAMBUI','2025-06-01',1000.00,'0',2025,'IMPMONTHLY2026031484376','processed',NULL,'2026-03-14 10:55:05','2026-03-14 11:41:17'),(399,'MONTHLY202603148437',82,'187','TERESIA NJOKI WAMBUI','2025-07-01',1000.00,'0',2025,'IMPMONTHLY2026031484377','processed',NULL,'2026-03-14 10:55:05','2026-03-14 11:41:17'),(400,'MONTHLY202603148437',82,'187','TERESIA NJOKI WAMBUI','2025-08-01',1000.00,'0',2025,'IMPMONTHLY2026031484378','processed',NULL,'2026-03-14 10:55:05','2026-03-14 11:41:17'),(401,'MONTHLY202603148437',82,'187','TERESIA NJOKI WAMBUI','2025-09-01',2000.00,'0',2025,'IMPMONTHLY2026031484379','processed',NULL,'2026-03-14 10:55:05','2026-03-14 11:41:17'),(402,'MONTHLY202603148437',82,'187','TERESIA NJOKI WAMBUI','2025-10-01',5000.00,'0',2025,'IMPMONTHLY20260314843710','skipped','Duplicate entry \'TXN1773488477500\' for key \'transaction_no\'','2026-03-14 10:55:05',NULL),(403,'MONTHLY202603148437',82,'187','TERESIA NJOKI WAMBUI','2025-11-01',2000.00,'0',2025,'IMPMONTHLY20260314843711','processed',NULL,'2026-03-14 10:55:05','2026-03-14 11:41:17'),(404,'MONTHLY202603148437',82,'187','TERESIA NJOKI WAMBUI','2025-12-01',2000.00,'0',2025,'IMPMONTHLY20260314843712','processed',NULL,'2026-03-14 10:55:05','2026-03-14 11:41:17'),(405,'MONTHLY202603148437',83,'188','STANSLAUS MASILA NGULA','2025-01-01',2000.00,'0',2025,'IMPMONTHLY2026031484371','processed',NULL,'2026-03-14 10:55:05','2026-03-14 11:41:17'),(406,'MONTHLY202603148437',83,'188','STANSLAUS MASILA NGULA','2025-04-01',6000.00,'0',2025,'IMPMONTHLY2026031484374','processed',NULL,'2026-03-14 10:55:05','2026-03-14 11:41:17'),(407,'MONTHLY202603148437',83,'188','STANSLAUS MASILA NGULA','2025-05-01',2000.00,'0',2025,'IMPMONTHLY2026031484375','processed',NULL,'2026-03-14 10:55:05','2026-03-14 11:41:17'),(408,'MONTHLY202603148437',83,'188','STANSLAUS MASILA NGULA','2025-06-01',2000.00,'0',2025,'IMPMONTHLY2026031484376','processed',NULL,'2026-03-14 10:55:05','2026-03-14 11:41:17'),(409,'MONTHLY202603148437',83,'188','STANSLAUS MASILA NGULA','2025-07-01',2000.00,'0',2025,'IMPMONTHLY2026031484377','processed',NULL,'2026-03-14 10:55:05','2026-03-14 11:41:17'),(410,'MONTHLY202603148437',84,'190','PRINCE MICHAEL MWENDA GITAU','2025-08-01',3000.00,'0',2025,'IMPMONTHLY2026031484378','processed',NULL,'2026-03-14 10:55:05','2026-03-14 11:41:17'),(411,'MONTHLY202603148437',84,'190','PRINCE MICHAEL MWENDA GITAU','2025-09-01',2000.00,'0',2025,'IMPMONTHLY2026031484379','skipped','Duplicate entry \'TXN1773488477813\' for key \'transaction_no\'','2026-03-14 10:55:05',NULL),(412,'MONTHLY202603148437',84,'190','PRINCE MICHAEL MWENDA GITAU','2025-10-01',1000.00,'0',2025,'IMPMONTHLY20260314843710','processed',NULL,'2026-03-14 10:55:05','2026-03-14 11:41:17'),(413,'MONTHLY202603148437',84,'190','PRINCE MICHAEL MWENDA GITAU','2025-11-01',2000.00,'0',2025,'IMPMONTHLY20260314843711','processed',NULL,'2026-03-14 10:55:05','2026-03-14 11:41:17'),(414,'MONTHLY202603148437',84,'190','PRINCE MICHAEL MWENDA GITAU','2025-12-01',1000.00,'0',2025,'IMPMONTHLY20260314843712','processed',NULL,'2026-03-14 10:55:05','2026-03-14 11:41:17');
/*!40000 ALTER TABLE `monthly_contribution_imports` ENABLE KEYS */;
UNLOCK TABLES;

--
-- Table structure for table `notifications`
--

DROP TABLE IF EXISTS `notifications`;
/*!40101 SET @saved_cs_client     = @@character_set_client */;
/*!40101 SET character_set_client = utf8mb4 */;
CREATE TABLE `notifications` (
  `id` int(11) NOT NULL AUTO_INCREMENT,
  `user_id` int(11) DEFAULT NULL,
  `member_id` int(11) DEFAULT NULL,
  `title` varchar(200) NOT NULL,
  `message` text NOT NULL,
  `type` enum('sms','email','app') NOT NULL,
  `status` enum('pending','sent','failed') DEFAULT 'pending',
  `sent_at` datetime DEFAULT NULL,
  `created_at` timestamp NOT NULL DEFAULT current_timestamp(),
  PRIMARY KEY (`id`),
  KEY `user_id` (`user_id`),
  KEY `member_id` (`member_id`),
  CONSTRAINT `notifications_ibfk_1` FOREIGN KEY (`user_id`) REFERENCES `users` (`id`),
  CONSTRAINT `notifications_ibfk_2` FOREIGN KEY (`member_id`) REFERENCES `members` (`id`)
) ENGINE=InnoDB DEFAULT CHARSET=utf8mb4 COLLATE=utf8mb4_general_ci;
/*!40101 SET character_set_client = @saved_cs_client */;

--
-- Dumping data for table `notifications`
--

LOCK TABLES `notifications` WRITE;
/*!40000 ALTER TABLE `notifications` DISABLE KEYS */;
/*!40000 ALTER TABLE `notifications` ENABLE KEYS */;
UNLOCK TABLES;

--
-- Table structure for table `opening_balance_batches`
--

DROP TABLE IF EXISTS `opening_balance_batches`;
/*!40101 SET @saved_cs_client     = @@character_set_client */;
/*!40101 SET character_set_client = utf8mb4 */;
CREATE TABLE `opening_balance_batches` (
  `id` int(11) NOT NULL AUTO_INCREMENT,
  `batch_no` varchar(50) NOT NULL,
  `batch_date` date NOT NULL,
  `total_members` int(11) NOT NULL,
  `total_shares` decimal(10,2) NOT NULL,
  `total_deposits` decimal(10,2) NOT NULL,
  `total_loans` decimal(10,2) NOT NULL,
  `status` enum('pending','processed','verified','posted') DEFAULT 'pending',
  `verified_by` int(11) DEFAULT NULL,
  `verified_at` datetime DEFAULT NULL,
  `posted_by` int(11) DEFAULT NULL,
  `posted_at` datetime DEFAULT NULL,
  `notes` text DEFAULT NULL,
  `created_by` int(11) DEFAULT NULL,
  `created_at` timestamp NOT NULL DEFAULT current_timestamp(),
  PRIMARY KEY (`id`),
  UNIQUE KEY `batch_no` (`batch_no`),
  KEY `verified_by` (`verified_by`),
  KEY `posted_by` (`posted_by`),
  KEY `created_by` (`created_by`),
  CONSTRAINT `opening_balance_batches_ibfk_1` FOREIGN KEY (`verified_by`) REFERENCES `users` (`id`),
  CONSTRAINT `opening_balance_batches_ibfk_2` FOREIGN KEY (`posted_by`) REFERENCES `users` (`id`),
  CONSTRAINT `opening_balance_batches_ibfk_3` FOREIGN KEY (`created_by`) REFERENCES `users` (`id`)
) ENGINE=InnoDB AUTO_INCREMENT=4 DEFAULT CHARSET=utf8mb4 COLLATE=utf8mb4_general_ci;
/*!40101 SET character_set_client = @saved_cs_client */;

--
-- Dumping data for table `opening_balance_batches`
--

LOCK TABLES `opening_balance_batches` WRITE;
/*!40000 ALTER TABLE `opening_balance_batches` DISABLE KEYS */;
INSERT INTO `opening_balance_batches` VALUES (2,'SHARECONTRIB202603263751','2025-12-31',77,0.00,0.00,0.00,'processed',NULL,NULL,NULL,NULL,'Imported 77 share contributions totaling KES 649,000.00',1,'2026-03-26 09:06:27'),(3,'LOAN202603274682','2025-12-31',39,0.00,0.00,3873822.00,'processed',NULL,NULL,NULL,NULL,'Imported 39 loan balances totaling KES 3,873,822.00',1,'2026-03-26 23:26:26');
/*!40000 ALTER TABLE `opening_balance_batches` ENABLE KEYS */;
UNLOCK TABLES;

--
-- Table structure for table `opening_balances`
--

DROP TABLE IF EXISTS `opening_balances`;
/*!40101 SET @saved_cs_client     = @@character_set_client */;
/*!40101 SET character_set_client = utf8mb4 */;
CREATE TABLE `opening_balances` (
  `id` int(11) NOT NULL AUTO_INCREMENT,
  `member_id` int(11) NOT NULL,
  `balance_type` enum('share','share_contribution','deposit','loan') NOT NULL,
  `amount` decimal(10,2) NOT NULL,
  `shares_count` int(11) DEFAULT NULL COMMENT 'For share balances only',
  `share_value` decimal(10,2) DEFAULT NULL COMMENT 'For share balances only',
  `loan_id` int(11) DEFAULT NULL COMMENT 'For loan balances only',
  `effective_date` date NOT NULL,
  `description` text DEFAULT NULL,
  `reference_no` varchar(50) DEFAULT NULL,
  `created_by` int(11) DEFAULT NULL,
  `created_at` timestamp NOT NULL DEFAULT current_timestamp(),
  `contribution_progress` decimal(10,2) DEFAULT 0.00 COMMENT 'Progress towards next full share',
  `full_shares_from_contrib` int(11) DEFAULT 0 COMMENT 'Full shares issued from contributions',
  `remaining_balance` decimal(10,2) DEFAULT 0.00 COMMENT 'Remaining partial balance',
  PRIMARY KEY (`id`),
  KEY `member_id` (`member_id`),
  KEY `loan_id` (`loan_id`),
  KEY `created_by` (`created_by`),
  CONSTRAINT `opening_balances_ibfk_1` FOREIGN KEY (`member_id`) REFERENCES `members` (`id`),
  CONSTRAINT `opening_balances_ibfk_2` FOREIGN KEY (`loan_id`) REFERENCES `loans` (`id`),
  CONSTRAINT `opening_balances_ibfk_3` FOREIGN KEY (`created_by`) REFERENCES `users` (`id`)
) ENGINE=InnoDB AUTO_INCREMENT=202 DEFAULT CHARSET=utf8mb4 COLLATE=utf8mb4_general_ci;
/*!40101 SET character_set_client = @saved_cs_client */;

--
-- Dumping data for table `opening_balances`
--

LOCK TABLES `opening_balances` WRITE;
/*!40000 ALTER TABLE `opening_balances` DISABLE KEYS */;
INSERT INTO `opening_balances` VALUES (78,1,'share_contribution',20000.00,NULL,NULL,NULL,'2025-12-31','Imported share contribution: KES 20,000','SHARECONTRIB202603263751',1,'2026-03-26 09:06:27',0.00,0,0.00),(79,2,'share_contribution',20000.00,NULL,NULL,NULL,'2025-12-31','Imported share contribution: KES 20,000','SHARECONTRIB202603263751',1,'2026-03-26 09:06:27',0.00,0,0.00),(80,3,'share_contribution',20000.00,NULL,NULL,NULL,'2025-12-31','Imported share contribution: KES 20,000','SHARECONTRIB202603263751',1,'2026-03-26 09:06:27',0.00,0,0.00),(81,4,'share_contribution',5000.00,NULL,NULL,NULL,'2025-12-31','Imported share contribution: KES 5,000','SHARECONTRIB202603263751',1,'2026-03-26 09:06:27',0.00,0,0.00),(82,5,'share_contribution',7000.00,NULL,NULL,NULL,'2025-12-31','Imported share contribution: KES 7,000','SHARECONTRIB202603263751',1,'2026-03-26 09:06:27',0.00,0,0.00),(83,6,'share_contribution',30000.00,NULL,NULL,NULL,'2025-12-31','Imported share contribution: KES 30,000','SHARECONTRIB202603263751',1,'2026-03-26 09:06:27',0.00,0,0.00),(84,8,'share_contribution',7000.00,NULL,NULL,NULL,'2025-12-31','Imported share contribution: KES 7,000','SHARECONTRIB202603263751',1,'2026-03-26 09:06:27',0.00,0,0.00),(85,9,'share_contribution',20000.00,NULL,NULL,NULL,'2025-12-31','Imported share contribution: KES 20,000','SHARECONTRIB202603263751',1,'2026-03-26 09:06:27',0.00,0,0.00),(86,10,'share_contribution',20000.00,NULL,NULL,NULL,'2025-12-31','Imported share contribution: KES 20,000','SHARECONTRIB202603263751',1,'2026-03-26 09:06:27',0.00,0,0.00),(87,11,'share_contribution',5000.00,NULL,NULL,NULL,'2025-12-31','Imported share contribution: KES 5,000','SHARECONTRIB202603263751',1,'2026-03-26 09:06:27',0.00,0,0.00),(88,12,'share_contribution',4000.00,NULL,NULL,NULL,'2025-12-31','Imported share contribution: KES 4,000','SHARECONTRIB202603263751',1,'2026-03-26 09:06:27',0.00,0,0.00),(89,13,'share_contribution',7000.00,NULL,NULL,NULL,'2025-12-31','Imported share contribution: KES 7,000','SHARECONTRIB202603263751',1,'2026-03-26 09:06:27',0.00,0,0.00),(90,14,'share_contribution',4000.00,NULL,NULL,NULL,'2025-12-31','Imported share contribution: KES 4,000','SHARECONTRIB202603263751',1,'2026-03-26 09:06:27',0.00,0,0.00),(91,15,'share_contribution',10000.00,NULL,NULL,NULL,'2025-12-31','Imported share contribution: KES 10,000','SHARECONTRIB202603263751',1,'2026-03-26 09:06:27',0.00,0,0.00),(92,16,'share_contribution',7000.00,NULL,NULL,NULL,'2025-12-31','Imported share contribution: KES 7,000','SHARECONTRIB202603263751',1,'2026-03-26 09:06:27',0.00,0,0.00),(93,17,'share_contribution',20000.00,NULL,NULL,NULL,'2025-12-31','Imported share contribution: KES 20,000','SHARECONTRIB202603263751',1,'2026-03-26 09:06:27',0.00,0,0.00),(94,18,'share_contribution',7000.00,NULL,NULL,NULL,'2025-12-31','Imported share contribution: KES 7,000','SHARECONTRIB202603263751',1,'2026-03-26 09:06:27',0.00,0,0.00),(95,19,'share_contribution',10000.00,NULL,NULL,NULL,'2025-12-31','Imported share contribution: KES 10,000','SHARECONTRIB202603263751',1,'2026-03-26 09:06:27',0.00,0,0.00),(96,20,'share_contribution',7000.00,NULL,NULL,NULL,'2025-12-31','Imported share contribution: KES 7,000','SHARECONTRIB202603263751',1,'2026-03-26 09:06:27',0.00,0,0.00),(97,21,'share_contribution',6000.00,NULL,NULL,NULL,'2025-12-31','Imported share contribution: KES 6,000','SHARECONTRIB202603263751',1,'2026-03-26 09:06:27',0.00,0,0.00),(98,22,'share_contribution',7000.00,NULL,NULL,NULL,'2025-12-31','Imported share contribution: KES 7,000','SHARECONTRIB202603263751',1,'2026-03-26 09:06:27',0.00,0,0.00),(99,23,'share_contribution',10000.00,NULL,NULL,NULL,'2025-12-31','Imported share contribution: KES 10,000','SHARECONTRIB202603263751',1,'2026-03-26 09:06:27',0.00,0,0.00),(100,24,'share_contribution',47000.00,NULL,NULL,NULL,'2025-12-31','Imported share contribution: KES 47,000','SHARECONTRIB202603263751',1,'2026-03-26 09:06:27',0.00,0,0.00),(101,25,'share_contribution',6000.00,NULL,NULL,NULL,'2025-12-31','Imported share contribution: KES 6,000','SHARECONTRIB202603263751',1,'2026-03-26 09:06:27',0.00,0,0.00),(102,26,'share_contribution',3000.00,NULL,NULL,NULL,'2025-12-31','Imported share contribution: KES 3,000','SHARECONTRIB202603263751',1,'2026-03-26 09:06:27',0.00,0,0.00),(103,27,'share_contribution',10000.00,NULL,NULL,NULL,'2025-12-31','Imported share contribution: KES 10,000','SHARECONTRIB202603263751',1,'2026-03-26 09:06:27',0.00,0,0.00),(104,28,'share_contribution',10000.00,NULL,NULL,NULL,'2025-12-31','Imported share contribution: KES 10,000','SHARECONTRIB202603263751',1,'2026-03-26 09:06:27',0.00,0,0.00),(105,29,'share_contribution',10000.00,NULL,NULL,NULL,'2025-12-31','Imported share contribution: KES 10,000','SHARECONTRIB202603263751',1,'2026-03-26 09:06:27',0.00,0,0.00),(106,30,'share_contribution',5000.00,NULL,NULL,NULL,'2025-12-31','Imported share contribution: KES 5,000','SHARECONTRIB202603263751',1,'2026-03-26 09:06:27',0.00,0,0.00),(107,31,'share_contribution',7000.00,NULL,NULL,NULL,'2025-12-31','Imported share contribution: KES 7,000','SHARECONTRIB202603263751',1,'2026-03-26 09:06:27',0.00,0,0.00),(108,32,'share_contribution',4000.00,NULL,NULL,NULL,'2025-12-31','Imported share contribution: KES 4,000','SHARECONTRIB202603263751',1,'2026-03-26 09:06:27',0.00,0,0.00),(109,33,'share_contribution',10000.00,NULL,NULL,NULL,'2025-12-31','Imported share contribution: KES 10,000','SHARECONTRIB202603263751',1,'2026-03-26 09:06:27',0.00,0,0.00),(110,34,'share_contribution',4000.00,NULL,NULL,NULL,'2025-12-31','Imported share contribution: KES 4,000','SHARECONTRIB202603263751',1,'2026-03-26 09:06:27',0.00,0,0.00),(111,35,'share_contribution',4000.00,NULL,NULL,NULL,'2025-12-31','Imported share contribution: KES 4,000','SHARECONTRIB202603263751',1,'2026-03-26 09:06:27',0.00,0,0.00),(112,36,'share_contribution',7000.00,NULL,NULL,NULL,'2025-12-31','Imported share contribution: KES 7,000','SHARECONTRIB202603263751',1,'2026-03-26 09:06:27',0.00,0,0.00),(113,37,'share_contribution',6000.00,NULL,NULL,NULL,'2025-12-31','Imported share contribution: KES 6,000','SHARECONTRIB202603263751',1,'2026-03-26 09:06:27',0.00,0,0.00),(114,38,'share_contribution',3000.00,NULL,NULL,NULL,'2025-12-31','Imported share contribution: KES 3,000','SHARECONTRIB202603263751',1,'2026-03-26 09:06:27',0.00,0,0.00),(115,39,'share_contribution',14000.00,NULL,NULL,NULL,'2025-12-31','Imported share contribution: KES 14,000','SHARECONTRIB202603263751',1,'2026-03-26 09:06:27',0.00,0,0.00),(116,40,'share_contribution',10000.00,NULL,NULL,NULL,'2025-12-31','Imported share contribution: KES 10,000','SHARECONTRIB202603263751',1,'2026-03-26 09:06:27',0.00,0,0.00),(117,41,'share_contribution',7000.00,NULL,NULL,NULL,'2025-12-31','Imported share contribution: KES 7,000','SHARECONTRIB202603263751',1,'2026-03-26 09:06:27',0.00,0,0.00),(118,42,'share_contribution',10000.00,NULL,NULL,NULL,'2025-12-31','Imported share contribution: KES 10,000','SHARECONTRIB202603263751',1,'2026-03-26 09:06:27',0.00,0,0.00),(119,43,'share_contribution',6000.00,NULL,NULL,NULL,'2025-12-31','Imported share contribution: KES 6,000','SHARECONTRIB202603263751',1,'2026-03-26 09:06:27',0.00,0,0.00),(120,44,'share_contribution',20000.00,NULL,NULL,NULL,'2025-12-31','Imported share contribution: KES 20,000','SHARECONTRIB202603263751',1,'2026-03-26 09:06:27',0.00,0,0.00),(121,45,'share_contribution',10000.00,NULL,NULL,NULL,'2025-12-31','Imported share contribution: KES 10,000','SHARECONTRIB202603263751',1,'2026-03-26 09:06:27',0.00,0,0.00),(122,46,'share_contribution',7000.00,NULL,NULL,NULL,'2025-12-31','Imported share contribution: KES 7,000','SHARECONTRIB202603263751',1,'2026-03-26 09:06:27',0.00,0,0.00),(123,47,'share_contribution',7000.00,NULL,NULL,NULL,'2025-12-31','Imported share contribution: KES 7,000','SHARECONTRIB202603263751',1,'2026-03-26 09:06:27',0.00,0,0.00),(124,48,'share_contribution',6000.00,NULL,NULL,NULL,'2025-12-31','Imported share contribution: KES 6,000','SHARECONTRIB202603263751',1,'2026-03-26 09:06:27',0.00,0,0.00),(125,49,'share_contribution',3000.00,NULL,NULL,NULL,'2025-12-31','Imported share contribution: KES 3,000','SHARECONTRIB202603263751',1,'2026-03-26 09:06:27',0.00,0,0.00),(126,50,'share_contribution',7000.00,NULL,NULL,NULL,'2025-12-31','Imported share contribution: KES 7,000','SHARECONTRIB202603263751',1,'2026-03-26 09:06:27',0.00,0,0.00),(127,51,'share_contribution',7000.00,NULL,NULL,NULL,'2025-12-31','Imported share contribution: KES 7,000','SHARECONTRIB202603263751',1,'2026-03-26 09:06:27',0.00,0,0.00),(128,52,'share_contribution',7000.00,NULL,NULL,NULL,'2025-12-31','Imported share contribution: KES 7,000','SHARECONTRIB202603263751',1,'2026-03-26 09:06:27',0.00,0,0.00),(129,53,'share_contribution',7000.00,NULL,NULL,NULL,'2025-12-31','Imported share contribution: KES 7,000','SHARECONTRIB202603263751',1,'2026-03-26 09:06:27',0.00,0,0.00),(130,54,'share_contribution',7000.00,NULL,NULL,NULL,'2025-12-31','Imported share contribution: KES 7,000','SHARECONTRIB202603263751',1,'2026-03-26 09:06:27',0.00,0,0.00),(131,55,'share_contribution',10000.00,NULL,NULL,NULL,'2025-12-31','Imported share contribution: KES 10,000','SHARECONTRIB202603263751',1,'2026-03-26 09:06:27',0.00,0,0.00),(132,56,'share_contribution',10000.00,NULL,NULL,NULL,'2025-12-31','Imported share contribution: KES 10,000','SHARECONTRIB202603263751',1,'2026-03-26 09:06:27',0.00,0,0.00),(133,57,'share_contribution',7000.00,NULL,NULL,NULL,'2025-12-31','Imported share contribution: KES 7,000','SHARECONTRIB202603263751',1,'2026-03-26 09:06:27',0.00,0,0.00),(134,58,'share_contribution',7000.00,NULL,NULL,NULL,'2025-12-31','Imported share contribution: KES 7,000','SHARECONTRIB202603263751',1,'2026-03-26 09:06:27',0.00,0,0.00),(135,59,'share_contribution',7000.00,NULL,NULL,NULL,'2025-12-31','Imported share contribution: KES 7,000','SHARECONTRIB202603263751',1,'2026-03-26 09:06:27',0.00,0,0.00),(136,60,'share_contribution',1000.00,NULL,NULL,NULL,'2025-12-31','Imported share contribution: KES 1,000','SHARECONTRIB202603263751',1,'2026-03-26 09:06:27',0.00,0,0.00),(137,61,'share_contribution',4000.00,NULL,NULL,NULL,'2025-12-31','Imported share contribution: KES 4,000','SHARECONTRIB202603263751',1,'2026-03-26 09:06:27',0.00,0,0.00),(138,62,'share_contribution',4000.00,NULL,NULL,NULL,'2025-12-31','Imported share contribution: KES 4,000','SHARECONTRIB202603263751',1,'2026-03-26 09:06:27',0.00,0,0.00),(139,63,'share_contribution',7000.00,NULL,NULL,NULL,'2025-12-31','Imported share contribution: KES 7,000','SHARECONTRIB202603263751',1,'2026-03-26 09:06:27',0.00,0,0.00),(140,64,'share_contribution',5000.00,NULL,NULL,NULL,'2025-12-31','Imported share contribution: KES 5,000','SHARECONTRIB202603263751',1,'2026-03-26 09:06:27',0.00,0,0.00),(141,65,'share_contribution',6000.00,NULL,NULL,NULL,'2025-12-31','Imported share contribution: KES 6,000','SHARECONTRIB202603263751',1,'2026-03-26 09:06:27',0.00,0,0.00),(142,66,'share_contribution',7000.00,NULL,NULL,NULL,'2025-12-31','Imported share contribution: KES 7,000','SHARECONTRIB202603263751',1,'2026-03-26 09:06:27',0.00,0,0.00),(143,67,'share_contribution',6000.00,NULL,NULL,NULL,'2025-12-31','Imported share contribution: KES 6,000','SHARECONTRIB202603263751',1,'2026-03-26 09:06:27',0.00,0,0.00),(144,68,'share_contribution',2000.00,NULL,NULL,NULL,'2025-12-31','Imported share contribution: KES 2,000','SHARECONTRIB202603263751',1,'2026-03-26 09:06:27',0.00,0,0.00),(145,69,'share_contribution',10000.00,NULL,NULL,NULL,'2025-12-31','Imported share contribution: KES 10,000','SHARECONTRIB202603263751',1,'2026-03-26 09:06:27',0.00,0,0.00),(146,70,'share_contribution',3000.00,NULL,NULL,NULL,'2025-12-31','Imported share contribution: KES 3,000','SHARECONTRIB202603263751',1,'2026-03-26 09:06:27',0.00,0,0.00),(147,71,'share_contribution',3000.00,NULL,NULL,NULL,'2025-12-31','Imported share contribution: KES 3,000','SHARECONTRIB202603263751',1,'2026-03-26 09:06:27',0.00,0,0.00),(148,72,'share_contribution',4000.00,NULL,NULL,NULL,'2025-12-31','Imported share contribution: KES 4,000','SHARECONTRIB202603263751',1,'2026-03-26 09:06:27',0.00,0,0.00),(149,73,'share_contribution',4000.00,NULL,NULL,NULL,'2025-12-31','Imported share contribution: KES 4,000','SHARECONTRIB202603263751',1,'2026-03-26 09:06:27',0.00,0,0.00),(150,74,'share_contribution',2000.00,NULL,NULL,NULL,'2025-12-31','Imported share contribution: KES 2,000','SHARECONTRIB202603263751',1,'2026-03-26 09:06:27',0.00,0,0.00),(151,75,'share_contribution',2000.00,NULL,NULL,NULL,'2025-12-31','Imported share contribution: KES 2,000','SHARECONTRIB202603263751',1,'2026-03-26 09:06:27',0.00,0,0.00),(152,76,'share_contribution',3000.00,NULL,NULL,NULL,'2025-12-31','Imported share contribution: KES 3,000','SHARECONTRIB202603263751',1,'2026-03-26 09:06:27',0.00,0,0.00),(153,77,'share_contribution',1000.00,NULL,NULL,NULL,'2025-12-31','Imported share contribution: KES 1,000','SHARECONTRIB202603263751',1,'2026-03-26 09:06:27',0.00,0,0.00),(154,78,'share_contribution',10000.00,NULL,NULL,NULL,'2025-12-31','Imported share contribution: KES 10,000','SHARECONTRIB202603263751',1,'2026-03-26 09:06:27',0.00,0,0.00),(163,15,'loan',44109.00,NULL,NULL,8,'2025-12-31','','LOAN202603274682',1,'2026-03-26 23:26:25',0.00,0,0.00),(164,34,'loan',85647.00,NULL,NULL,9,'2025-12-31','','LOAN202603274682',1,'2026-03-26 23:26:26',0.00,0,0.00),(165,22,'loan',32092.00,NULL,NULL,10,'2025-12-31','','LOAN202603274682',1,'2026-03-26 23:26:26',0.00,0,0.00),(166,49,'loan',59352.00,NULL,NULL,11,'2025-12-31','','LOAN202603274682',1,'2026-03-26 23:26:26',0.00,0,0.00),(167,36,'loan',2095.00,NULL,NULL,12,'2025-12-31','','LOAN202603274682',1,'2026-03-26 23:26:26',0.00,0,0.00),(168,67,'loan',117673.00,NULL,NULL,13,'2025-12-31','','LOAN202603274682',1,'2026-03-26 23:26:26',0.00,0,0.00),(169,13,'loan',59302.00,NULL,NULL,14,'2025-12-31','','LOAN202603274682',1,'2026-03-26 23:26:26',0.00,0,0.00),(170,61,'loan',18960.00,NULL,NULL,15,'2025-12-31','','LOAN202603274682',1,'2026-03-26 23:26:26',0.00,0,0.00),(171,68,'loan',2402.00,NULL,NULL,16,'2025-12-31','','LOAN202603274682',1,'2026-03-26 23:26:26',0.00,0,0.00),(172,18,'loan',229003.00,NULL,NULL,17,'2025-12-31','','LOAN202603274682',1,'2026-03-26 23:26:26',0.00,0,0.00),(173,46,'loan',176780.00,NULL,NULL,18,'2025-12-31','','LOAN202603274682',1,'2026-03-26 23:26:26',0.00,0,0.00),(174,70,'loan',19949.00,NULL,NULL,19,'2025-12-31','','LOAN202603274682',1,'2026-03-26 23:26:26',0.00,0,0.00),(175,62,'loan',18463.00,NULL,NULL,20,'2025-12-31','','LOAN202603274682',1,'2026-03-26 23:26:26',0.00,0,0.00),(176,3,'loan',82300.00,NULL,NULL,21,'2025-12-31','','LOAN202603274682',1,'2026-03-26 23:26:26',0.00,0,0.00),(177,5,'loan',47571.00,NULL,NULL,22,'2025-12-31','','LOAN202603274682',1,'2026-03-26 23:26:26',0.00,0,0.00),(178,65,'loan',468029.00,NULL,NULL,23,'2025-12-31','','LOAN202603274682',1,'2026-03-26 23:26:26',0.00,0,0.00),(179,48,'loan',161524.00,NULL,NULL,24,'2025-12-31','','LOAN202603274682',1,'2026-03-26 23:26:26',0.00,0,0.00),(180,24,'loan',23801.00,NULL,NULL,25,'2025-12-31','','LOAN202603274682',1,'2026-03-26 23:26:26',0.00,0,0.00),(181,54,'loan',126714.00,NULL,NULL,26,'2025-12-31','','LOAN202603274682',1,'2026-03-26 23:26:26',0.00,0,0.00),(182,8,'loan',106295.00,NULL,NULL,27,'2025-12-31','','LOAN202603274682',1,'2026-03-26 23:26:26',0.00,0,0.00),(183,66,'loan',51352.00,NULL,NULL,28,'2025-12-31','','LOAN202603274682',1,'2026-03-26 23:26:26',0.00,0,0.00),(184,58,'loan',113200.00,NULL,NULL,29,'2025-12-31','','LOAN202603274682',1,'2026-03-26 23:26:26',0.00,0,0.00),(185,14,'loan',25593.00,NULL,NULL,30,'2025-12-31','','LOAN202603274682',1,'2026-03-26 23:26:26',0.00,0,0.00),(186,47,'loan',135736.00,NULL,NULL,31,'2025-12-31','','LOAN202603274682',1,'2026-03-26 23:26:26',0.00,0,0.00),(187,59,'loan',189620.00,NULL,NULL,32,'2025-12-31','','LOAN202603274682',1,'2026-03-26 23:26:26',0.00,0,0.00),(188,69,'loan',48344.00,NULL,NULL,33,'2025-12-31','','LOAN202603274682',1,'2026-03-26 23:26:26',0.00,0,0.00),(189,57,'loan',125760.00,NULL,NULL,34,'2025-12-31','','LOAN202603274682',1,'2026-03-26 23:26:26',0.00,0,0.00),(190,76,'loan',43456.00,NULL,NULL,35,'2025-12-31','','LOAN202603274682',1,'2026-03-26 23:26:26',0.00,0,0.00),(191,81,'loan',21500.00,NULL,NULL,36,'2025-12-31','','LOAN202603274682',1,'2026-03-26 23:26:26',0.00,0,0.00),(192,25,'loan',108500.00,NULL,NULL,37,'2025-12-31','','LOAN202603274682',1,'2026-03-26 23:26:26',0.00,0,0.00),(193,45,'loan',139200.00,NULL,NULL,38,'2025-12-31','','LOAN202603274682',1,'2026-03-26 23:26:26',0.00,0,0.00),(194,29,'loan',182000.00,NULL,NULL,39,'2025-12-31','','LOAN202603274682',1,'2026-03-26 23:26:26',0.00,0,0.00),(195,37,'loan',167000.00,NULL,NULL,40,'2025-12-31','','LOAN202603274682',1,'2026-03-26 23:26:26',0.00,0,0.00),(196,74,'loan',200000.00,NULL,NULL,41,'2025-12-31','','LOAN202603274682',1,'2026-03-26 23:26:26',0.00,0,0.00),(197,30,'loan',60200.00,NULL,NULL,42,'2025-12-31','','LOAN202603274682',1,'2026-03-26 23:26:26',0.00,0,0.00),(198,11,'loan',83500.00,NULL,NULL,43,'2025-12-31','','LOAN202603274682',1,'2026-03-26 23:26:26',0.00,0,0.00),(199,52,'loan',112000.00,NULL,NULL,44,'2025-12-31','','LOAN202603274682',1,'2026-03-26 23:26:26',0.00,0,0.00),(200,53,'loan',95200.00,NULL,NULL,45,'2025-12-31','','LOAN202603274682',1,'2026-03-26 23:26:26',0.00,0,0.00),(201,35,'loan',89600.00,NULL,NULL,46,'2025-12-31','','LOAN202603274682',1,'2026-03-26 23:26:26',0.00,0,0.00);
/*!40000 ALTER TABLE `opening_balances` ENABLE KEYS */;
UNLOCK TABLES;

--
-- Table structure for table `penalties`
--

DROP TABLE IF EXISTS `penalties`;
/*!40101 SET @saved_cs_client     = @@character_set_client */;
/*!40101 SET character_set_client = utf8mb4 */;
CREATE TABLE `penalties` (
  `id` int(11) NOT NULL AUTO_INCREMENT,
  `member_id` int(11) NOT NULL,
  `penalty_type` enum('loan_penalty','withdrawal_penalty','late_fee','administration_fee','other') NOT NULL,
  `amount` decimal(10,2) NOT NULL,
  `penalty_date` date NOT NULL,
  `due_date` date DEFAULT NULL,
  `paid_date` date DEFAULT NULL,
  `reference_no` varchar(50) DEFAULT NULL,
  `description` text DEFAULT NULL,
  `loan_id` int(11) DEFAULT NULL,
  `status` enum('pending','paid','waived','overdue') DEFAULT 'pending',
  `waived_by` int(11) DEFAULT NULL,
  `waived_at` datetime DEFAULT NULL,
  `waiver_reason` text DEFAULT NULL,
  `created_by` int(11) DEFAULT NULL,
  `created_at` timestamp NOT NULL DEFAULT current_timestamp(),
  `updated_at` timestamp NULL DEFAULT NULL ON UPDATE current_timestamp(),
  PRIMARY KEY (`id`),
  UNIQUE KEY `reference_no` (`reference_no`),
  KEY `loan_id` (`loan_id`),
  KEY `created_by` (`created_by`),
  KEY `waived_by` (`waived_by`),
  KEY `idx_member` (`member_id`),
  KEY `idx_status` (`status`),
  KEY `idx_date` (`penalty_date`),
  CONSTRAINT `penalties_ibfk_1` FOREIGN KEY (`member_id`) REFERENCES `members` (`id`),
  CONSTRAINT `penalties_ibfk_2` FOREIGN KEY (`loan_id`) REFERENCES `loans` (`id`),
  CONSTRAINT `penalties_ibfk_3` FOREIGN KEY (`created_by`) REFERENCES `users` (`id`),
  CONSTRAINT `penalties_ibfk_4` FOREIGN KEY (`waived_by`) REFERENCES `users` (`id`)
) ENGINE=InnoDB DEFAULT CHARSET=utf8mb4 COLLATE=utf8mb4_general_ci;
/*!40101 SET character_set_client = @saved_cs_client */;

--
-- Dumping data for table `penalties`
--

LOCK TABLES `penalties` WRITE;
/*!40000 ALTER TABLE `penalties` DISABLE KEYS */;
/*!40000 ALTER TABLE `penalties` ENABLE KEYS */;
UNLOCK TABLES;

--
-- Table structure for table `penalty_payments`
--

DROP TABLE IF EXISTS `penalty_payments`;
/*!40101 SET @saved_cs_client     = @@character_set_client */;
/*!40101 SET character_set_client = utf8mb4 */;
CREATE TABLE `penalty_payments` (
  `id` int(11) NOT NULL AUTO_INCREMENT,
  `penalty_id` int(11) NOT NULL,
  `amount_paid` decimal(10,2) NOT NULL,
  `payment_date` date NOT NULL,
  `payment_method` enum('cash','bank','mpesa','cheque') NOT NULL,
  `reference_no` varchar(50) DEFAULT NULL,
  `receipt_no` varchar(50) DEFAULT NULL,
  `notes` text DEFAULT NULL,
  `created_by` int(11) DEFAULT NULL,
  `created_at` timestamp NOT NULL DEFAULT current_timestamp(),
  PRIMARY KEY (`id`),
  UNIQUE KEY `receipt_no` (`receipt_no`),
  KEY `penalty_id` (`penalty_id`),
  KEY `created_by` (`created_by`),
  CONSTRAINT `penalty_payments_ibfk_1` FOREIGN KEY (`penalty_id`) REFERENCES `penalties` (`id`) ON DELETE CASCADE,
  CONSTRAINT `penalty_payments_ibfk_2` FOREIGN KEY (`created_by`) REFERENCES `users` (`id`)
) ENGINE=InnoDB DEFAULT CHARSET=utf8mb4 COLLATE=utf8mb4_general_ci;
/*!40101 SET character_set_client = @saved_cs_client */;

--
-- Dumping data for table `penalty_payments`
--

LOCK TABLES `penalty_payments` WRITE;
/*!40000 ALTER TABLE `penalty_payments` DISABLE KEYS */;
/*!40000 ALTER TABLE `penalty_payments` ENABLE KEYS */;
UNLOCK TABLES;

--
-- Table structure for table `penalty_rates`
--

DROP TABLE IF EXISTS `penalty_rates`;
/*!40101 SET @saved_cs_client     = @@character_set_client */;
/*!40101 SET character_set_client = utf8mb4 */;
CREATE TABLE `penalty_rates` (
  `id` int(11) NOT NULL AUTO_INCREMENT,
  `rate_type` enum('loan_penalty','withdrawal_penalty','late_fee','administration_fee') NOT NULL,
  `rate_name` varchar(100) NOT NULL,
  `calculation_method` enum('fixed','percentage','per_day') NOT NULL,
  `rate_value` decimal(10,2) NOT NULL,
  `min_amount` decimal(10,2) DEFAULT 0.00,
  `max_amount` decimal(10,2) DEFAULT NULL,
  `applies_after_days` int(11) DEFAULT 0,
  `description` text DEFAULT NULL,
  `is_active` tinyint(1) DEFAULT 1,
  `effective_from` date NOT NULL,
  `effective_to` date DEFAULT NULL,
  `created_by` int(11) DEFAULT NULL,
  `created_at` timestamp NOT NULL DEFAULT current_timestamp(),
  `updated_at` timestamp NULL DEFAULT NULL ON UPDATE current_timestamp(),
  PRIMARY KEY (`id`),
  KEY `created_by` (`created_by`),
  CONSTRAINT `penalty_rates_ibfk_1` FOREIGN KEY (`created_by`) REFERENCES `users` (`id`)
) ENGINE=InnoDB AUTO_INCREMENT=6 DEFAULT CHARSET=utf8mb4 COLLATE=utf8mb4_general_ci;
/*!40101 SET character_set_client = @saved_cs_client */;

--
-- Dumping data for table `penalty_rates`
--

LOCK TABLES `penalty_rates` WRITE;
/*!40000 ALTER TABLE `penalty_rates` DISABLE KEYS */;
INSERT INTO `penalty_rates` VALUES (1,'loan_penalty','Loan Late Payment Penalty','per_day',50.00,100.00,NULL,1,'KES 50 per day for late loan payments',1,'2026-03-14',NULL,1,'2026-03-14 00:27:02',NULL),(2,'loan_penalty','Loan Default Penalty','percentage',5.00,500.00,NULL,30,'5% of outstanding balance after 30 days',1,'2026-03-14',NULL,1,'2026-03-14 00:27:02',NULL),(3,'withdrawal_penalty','Early Withdrawal Penalty','percentage',2.00,200.00,NULL,0,'2% fee for early withdrawal',1,'2026-03-14',NULL,1,'2026-03-14 00:27:02',NULL),(4,'late_fee','Monthly Late Fee','fixed',500.00,500.00,NULL,15,'KES 500 flat fee for late payments',1,'2026-03-14',NULL,1,'2026-03-14 00:27:02',NULL),(5,'administration_fee','Administration Penalty','fixed',1000.00,1000.00,NULL,0,'Administrative penalty for violations',1,'2026-03-14',NULL,1,'2026-03-14 00:27:02',NULL);
/*!40000 ALTER TABLE `penalty_rates` ENABLE KEYS */;
UNLOCK TABLES;

--
-- Table structure for table `penalty_waivers`
--

DROP TABLE IF EXISTS `penalty_waivers`;
/*!40101 SET @saved_cs_client     = @@character_set_client */;
/*!40101 SET character_set_client = utf8mb4 */;
CREATE TABLE `penalty_waivers` (
  `id` int(11) NOT NULL AUTO_INCREMENT,
  `penalty_id` int(11) NOT NULL,
  `waiver_date` date NOT NULL,
  `amount_waived` decimal(10,2) NOT NULL,
  `reason` text NOT NULL,
  `approved_by` int(11) DEFAULT NULL,
  `approved_at` datetime DEFAULT NULL,
  `notes` text DEFAULT NULL,
  `created_by` int(11) DEFAULT NULL,
  `created_at` timestamp NOT NULL DEFAULT current_timestamp(),
  PRIMARY KEY (`id`),
  KEY `penalty_id` (`penalty_id`),
  KEY `approved_by` (`approved_by`),
  KEY `created_by` (`created_by`),
  CONSTRAINT `penalty_waivers_ibfk_1` FOREIGN KEY (`penalty_id`) REFERENCES `penalties` (`id`) ON DELETE CASCADE,
  CONSTRAINT `penalty_waivers_ibfk_2` FOREIGN KEY (`approved_by`) REFERENCES `users` (`id`),
  CONSTRAINT `penalty_waivers_ibfk_3` FOREIGN KEY (`created_by`) REFERENCES `users` (`id`)
) ENGINE=InnoDB DEFAULT CHARSET=utf8mb4 COLLATE=utf8mb4_general_ci;
/*!40101 SET character_set_client = @saved_cs_client */;

--
-- Dumping data for table `penalty_waivers`
--

LOCK TABLES `penalty_waivers` WRITE;
/*!40000 ALTER TABLE `penalty_waivers` DISABLE KEYS */;
/*!40000 ALTER TABLE `penalty_waivers` ENABLE KEYS */;
UNLOCK TABLES;

--
-- Table structure for table `reconciliation_items`
--

DROP TABLE IF EXISTS `reconciliation_items`;
/*!40101 SET @saved_cs_client     = @@character_set_client */;
/*!40101 SET character_set_client = utf8mb4 */;
CREATE TABLE `reconciliation_items` (
  `id` int(11) NOT NULL AUTO_INCREMENT,
  `reconciliation_id` int(11) NOT NULL,
  `transaction_type` enum('deposit','withdrawal','bank_charge','interest','error') NOT NULL,
  `transaction_date` date NOT NULL,
  `amount` decimal(10,2) NOT NULL,
  `description` text DEFAULT NULL,
  `cleared` tinyint(1) DEFAULT 0,
  `journal_id` int(11) DEFAULT NULL,
  `created_at` timestamp NOT NULL DEFAULT current_timestamp(),
  PRIMARY KEY (`id`),
  KEY `reconciliation_id` (`reconciliation_id`),
  KEY `journal_id` (`journal_id`),
  CONSTRAINT `reconciliation_items_ibfk_1` FOREIGN KEY (`reconciliation_id`) REFERENCES `bank_reconciliation` (`id`) ON DELETE CASCADE,
  CONSTRAINT `reconciliation_items_ibfk_2` FOREIGN KEY (`journal_id`) REFERENCES `journal_entries` (`id`)
) ENGINE=InnoDB DEFAULT CHARSET=utf8mb4 COLLATE=utf8mb4_general_ci;
/*!40101 SET character_set_client = @saved_cs_client */;

--
-- Dumping data for table `reconciliation_items`
--

LOCK TABLES `reconciliation_items` WRITE;
/*!40000 ALTER TABLE `reconciliation_items` DISABLE KEYS */;
/*!40000 ALTER TABLE `reconciliation_items` ENABLE KEYS */;
UNLOCK TABLES;

--
-- Table structure for table `share_charge_exceptions`
--

DROP TABLE IF EXISTS `share_charge_exceptions`;
/*!40101 SET @saved_cs_client     = @@character_set_client */;
/*!40101 SET character_set_client = utf8mb4 */;
CREATE TABLE `share_charge_exceptions` (
  `id` int(11) NOT NULL AUTO_INCREMENT,
  `member_id` int(11) NOT NULL,
  `year` year(4) NOT NULL,
  `waived` tinyint(1) DEFAULT 0,
  `reason` text DEFAULT NULL,
  `approved_by` int(11) DEFAULT NULL,
  `approved_at` datetime DEFAULT NULL,
  `created_at` timestamp NOT NULL DEFAULT current_timestamp(),
  PRIMARY KEY (`id`),
  UNIQUE KEY `unique_member_year` (`member_id`,`year`),
  KEY `approved_by` (`approved_by`),
  CONSTRAINT `share_charge_exceptions_ibfk_1` FOREIGN KEY (`member_id`) REFERENCES `members` (`id`),
  CONSTRAINT `share_charge_exceptions_ibfk_2` FOREIGN KEY (`approved_by`) REFERENCES `users` (`id`)
) ENGINE=InnoDB DEFAULT CHARSET=utf8mb4 COLLATE=utf8mb4_general_ci;
/*!40101 SET character_set_client = @saved_cs_client */;

--
-- Dumping data for table `share_charge_exceptions`
--

LOCK TABLES `share_charge_exceptions` WRITE;
/*!40000 ALTER TABLE `share_charge_exceptions` DISABLE KEYS */;
/*!40000 ALTER TABLE `share_charge_exceptions` ENABLE KEYS */;
UNLOCK TABLES;

--
-- Table structure for table `share_contribution_imports`
--

DROP TABLE IF EXISTS `share_contribution_imports`;
/*!40101 SET @saved_cs_client     = @@character_set_client */;
/*!40101 SET character_set_client = utf8mb4 */;
CREATE TABLE `share_contribution_imports` (
  `id` int(11) NOT NULL AUTO_INCREMENT,
  `batch_no` varchar(50) NOT NULL,
  `member_id` int(11) NOT NULL,
  `contribution_amount` decimal(10,2) NOT NULL,
  `contribution_date` date NOT NULL,
  `reference_no` varchar(50) DEFAULT NULL,
  `description` text DEFAULT NULL,
  `processed` tinyint(1) DEFAULT 0,
  `created_at` timestamp NOT NULL DEFAULT current_timestamp(),
  PRIMARY KEY (`id`),
  KEY `member_id` (`member_id`),
  CONSTRAINT `share_contribution_imports_ibfk_1` FOREIGN KEY (`member_id`) REFERENCES `members` (`id`)
) ENGINE=InnoDB AUTO_INCREMENT=78 DEFAULT CHARSET=utf8mb4 COLLATE=utf8mb4_general_ci;
/*!40101 SET character_set_client = @saved_cs_client */;

--
-- Dumping data for table `share_contribution_imports`
--

LOCK TABLES `share_contribution_imports` WRITE;
/*!40000 ALTER TABLE `share_contribution_imports` DISABLE KEYS */;
INSERT INTO `share_contribution_imports` VALUES (1,'SHARECONTRIB202603263751',1,20000.00,'0000-00-00','opening_balance','Opening Balance',1,'2026-03-26 09:06:27'),(2,'SHARECONTRIB202603263751',2,20000.00,'0000-00-00','opening_balance','Opening Balance',1,'2026-03-26 09:06:27'),(3,'SHARECONTRIB202603263751',3,20000.00,'0000-00-00','opening_balance','Opening Balance',1,'2026-03-26 09:06:27'),(4,'SHARECONTRIB202603263751',4,4000.00,'0000-00-00','opening_balance','Opening Balance',1,'2026-03-26 09:06:27'),(5,'SHARECONTRIB202603263751',5,7000.00,'0000-00-00','opening_balance','Opening Balance',1,'2026-03-26 09:06:27'),(6,'SHARECONTRIB202603263751',6,30000.00,'0000-00-00','opening_balance','Opening Balance',1,'2026-03-26 09:06:27'),(7,'SHARECONTRIB202603263751',8,7000.00,'0000-00-00','opening_balance','Opening Balance',1,'2026-03-26 09:06:27'),(8,'SHARECONTRIB202603263751',9,20000.00,'0000-00-00','opening_balance','Opening Balance',1,'2026-03-26 09:06:27'),(9,'SHARECONTRIB202603263751',10,20000.00,'0000-00-00','opening_balance','Opening Balance',1,'2026-03-26 09:06:27'),(10,'SHARECONTRIB202603263751',11,5000.00,'0000-00-00','opening_balance','Opening Balance',1,'2026-03-26 09:06:27'),(11,'SHARECONTRIB202603263751',12,4000.00,'0000-00-00','opening_balance','Opening Balance',1,'2026-03-26 09:06:27'),(12,'SHARECONTRIB202603263751',13,7000.00,'0000-00-00','opening_balance','Opening Balance',1,'2026-03-26 09:06:27'),(13,'SHARECONTRIB202603263751',14,4000.00,'0000-00-00','opening_balance','Opening Balance',1,'2026-03-26 09:06:27'),(14,'SHARECONTRIB202603263751',15,10000.00,'0000-00-00','opening_balance','Opening Balance',1,'2026-03-26 09:06:27'),(15,'SHARECONTRIB202603263751',16,7000.00,'0000-00-00','opening_balance','Opening Balance',1,'2026-03-26 09:06:27'),(16,'SHARECONTRIB202603263751',17,20000.00,'0000-00-00','opening_balance','Opening Balance',1,'2026-03-26 09:06:27'),(17,'SHARECONTRIB202603263751',18,7000.00,'0000-00-00','opening_balance','Opening Balance',1,'2026-03-26 09:06:27'),(18,'SHARECONTRIB202603263751',19,10000.00,'0000-00-00','opening_balance','Opening Balance',1,'2026-03-26 09:06:27'),(19,'SHARECONTRIB202603263751',20,7000.00,'0000-00-00','opening_balance','Opening Balance',1,'2026-03-26 09:06:27'),(20,'SHARECONTRIB202603263751',21,6000.00,'0000-00-00','opening_balance','Opening Balance',1,'2026-03-26 09:06:27'),(21,'SHARECONTRIB202603263751',22,7000.00,'0000-00-00','opening_balance','Opening Balance',1,'2026-03-26 09:06:27'),(22,'SHARECONTRIB202603263751',23,10000.00,'0000-00-00','opening_balance','Opening Balance',1,'2026-03-26 09:06:27'),(23,'SHARECONTRIB202603263751',24,47000.00,'0000-00-00','opening_balance','Opening Balance',1,'2026-03-26 09:06:27'),(24,'SHARECONTRIB202603263751',25,6000.00,'0000-00-00','opening_balance','Opening Balance',1,'2026-03-26 09:06:27'),(25,'SHARECONTRIB202603263751',26,3000.00,'0000-00-00','opening_balance','Opening Balance',1,'2026-03-26 09:06:27'),(26,'SHARECONTRIB202603263751',27,10000.00,'0000-00-00','opening_balance','Opening Balance',1,'2026-03-26 09:06:27'),(27,'SHARECONTRIB202603263751',28,10000.00,'0000-00-00','opening_balance','Opening Balance',1,'2026-03-26 09:06:27'),(28,'SHARECONTRIB202603263751',29,10000.00,'0000-00-00','opening_balance','Opening Balance',1,'2026-03-26 09:06:27'),(29,'SHARECONTRIB202603263751',30,5000.00,'0000-00-00','opening_balance','Opening Balance',1,'2026-03-26 09:06:27'),(30,'SHARECONTRIB202603263751',31,7000.00,'0000-00-00','opening_balance','Opening Balance',1,'2026-03-26 09:06:27'),(31,'SHARECONTRIB202603263751',32,4000.00,'0000-00-00','opening_balance','Opening Balance',1,'2026-03-26 09:06:27'),(32,'SHARECONTRIB202603263751',33,10000.00,'0000-00-00','opening_balance','Opening Balance',1,'2026-03-26 09:06:27'),(33,'SHARECONTRIB202603263751',34,4000.00,'0000-00-00','opening_balance','Opening Balance',1,'2026-03-26 09:06:27'),(34,'SHARECONTRIB202603263751',35,4000.00,'0000-00-00','opening_balance','Opening Balance',1,'2026-03-26 09:06:27'),(35,'SHARECONTRIB202603263751',36,7000.00,'0000-00-00','opening_balance','Opening Balance',1,'2026-03-26 09:06:27'),(36,'SHARECONTRIB202603263751',37,6000.00,'0000-00-00','opening_balance','Opening Balance',1,'2026-03-26 09:06:27'),(37,'SHARECONTRIB202603263751',38,3000.00,'0000-00-00','opening_balance','Opening Balance',1,'2026-03-26 09:06:27'),(38,'SHARECONTRIB202603263751',39,14000.00,'0000-00-00','opening_balance','Opening Balance',1,'2026-03-26 09:06:27'),(39,'SHARECONTRIB202603263751',40,10000.00,'0000-00-00','opening_balance','Opening Balance',1,'2026-03-26 09:06:27'),(40,'SHARECONTRIB202603263751',41,7000.00,'0000-00-00','opening_balance','Opening Balance',1,'2026-03-26 09:06:27'),(41,'SHARECONTRIB202603263751',42,10000.00,'0000-00-00','opening_balance','Opening Balance',1,'2026-03-26 09:06:27'),(42,'SHARECONTRIB202603263751',43,6000.00,'0000-00-00','opening_balance','Opening Balance',1,'2026-03-26 09:06:27'),(43,'SHARECONTRIB202603263751',44,20000.00,'0000-00-00','opening_balance','Opening Balance',1,'2026-03-26 09:06:27'),(44,'SHARECONTRIB202603263751',45,10000.00,'0000-00-00','opening_balance','Opening Balance',1,'2026-03-26 09:06:27'),(45,'SHARECONTRIB202603263751',46,7000.00,'0000-00-00','opening_balance','Opening Balance',1,'2026-03-26 09:06:27'),(46,'SHARECONTRIB202603263751',47,7000.00,'0000-00-00','opening_balance','Opening Balance',1,'2026-03-26 09:06:27'),(47,'SHARECONTRIB202603263751',48,6000.00,'0000-00-00','opening_balance','Opening Balance',1,'2026-03-26 09:06:27'),(48,'SHARECONTRIB202603263751',49,3000.00,'0000-00-00','opening_balance','Opening Balance',1,'2026-03-26 09:06:27'),(49,'SHARECONTRIB202603263751',50,7000.00,'0000-00-00','opening_balance','Opening Balance',1,'2026-03-26 09:06:27'),(50,'SHARECONTRIB202603263751',51,7000.00,'0000-00-00','opening_balance','Opening Balance',1,'2026-03-26 09:06:27'),(51,'SHARECONTRIB202603263751',52,7000.00,'0000-00-00','opening_balance','Opening Balance',1,'2026-03-26 09:06:27'),(52,'SHARECONTRIB202603263751',53,7000.00,'0000-00-00','opening_balance','Opening Balance',1,'2026-03-26 09:06:27'),(53,'SHARECONTRIB202603263751',54,7000.00,'0000-00-00','opening_balance','Opening Balance',1,'2026-03-26 09:06:27'),(54,'SHARECONTRIB202603263751',55,10000.00,'0000-00-00','opening_balance','Opening Balance',1,'2026-03-26 09:06:27'),(55,'SHARECONTRIB202603263751',56,10000.00,'0000-00-00','opening_balance','Opening Balance',1,'2026-03-26 09:06:27'),(56,'SHARECONTRIB202603263751',57,7000.00,'0000-00-00','opening_balance','Opening Balance',1,'2026-03-26 09:06:27'),(57,'SHARECONTRIB202603263751',58,7000.00,'0000-00-00','opening_balance','Opening Balance',1,'2026-03-26 09:06:27'),(58,'SHARECONTRIB202603263751',59,7000.00,'0000-00-00','opening_balance','Opening Balance',1,'2026-03-26 09:06:27'),(59,'SHARECONTRIB202603263751',60,1000.00,'0000-00-00','opening_balance','Opening Balance',1,'2026-03-26 09:06:27'),(60,'SHARECONTRIB202603263751',61,4000.00,'0000-00-00','opening_balance','Opening Balance',1,'2026-03-26 09:06:27'),(61,'SHARECONTRIB202603263751',62,4000.00,'0000-00-00','opening_balance','Opening Balance',1,'2026-03-26 09:06:27'),(62,'SHARECONTRIB202603263751',63,7000.00,'0000-00-00','opening_balance','Opening Balance',1,'2026-03-26 09:06:27'),(63,'SHARECONTRIB202603263751',64,5000.00,'0000-00-00','opening_balance','Opening Balance',1,'2026-03-26 09:06:27'),(64,'SHARECONTRIB202603263751',65,6000.00,'0000-00-00','opening_balance','Opening Balance',1,'2026-03-26 09:06:27'),(65,'SHARECONTRIB202603263751',66,7000.00,'0000-00-00','opening_balance','Opening Balance',1,'2026-03-26 09:06:27'),(66,'SHARECONTRIB202603263751',67,6000.00,'0000-00-00','opening_balance','Opening Balance',1,'2026-03-26 09:06:27'),(67,'SHARECONTRIB202603263751',68,2000.00,'0000-00-00','opening_balance','Opening Balance',1,'2026-03-26 09:06:27'),(68,'SHARECONTRIB202603263751',69,10000.00,'0000-00-00','opening_balance','Opening Balance',1,'2026-03-26 09:06:27'),(69,'SHARECONTRIB202603263751',70,3000.00,'0000-00-00','opening_balance','Opening Balance',1,'2026-03-26 09:06:27'),(70,'SHARECONTRIB202603263751',71,3000.00,'0000-00-00','opening_balance','Opening Balance',1,'2026-03-26 09:06:27'),(71,'SHARECONTRIB202603263751',72,4000.00,'0000-00-00','opening_balance','Opening Balance',1,'2026-03-26 09:06:27'),(72,'SHARECONTRIB202603263751',73,4000.00,'0000-00-00','opening_balance','Opening Balance',1,'2026-03-26 09:06:27'),(73,'SHARECONTRIB202603263751',74,2000.00,'0000-00-00','opening_balance','Opening Balance',1,'2026-03-26 09:06:27'),(74,'SHARECONTRIB202603263751',75,2000.00,'0000-00-00','opening_balance','Opening Balance',1,'2026-03-26 09:06:27'),(75,'SHARECONTRIB202603263751',76,3000.00,'0000-00-00','opening_balance','Opening Balance',1,'2026-03-26 09:06:27'),(76,'SHARECONTRIB202603263751',77,1000.00,'0000-00-00','opening_balance','Opening Balance',1,'2026-03-26 09:06:27'),(77,'SHARECONTRIB202603263751',78,10000.00,'0000-00-00','opening_balance','Opening Balance',1,'2026-03-26 09:06:27');
/*!40000 ALTER TABLE `share_contribution_imports` ENABLE KEYS */;
UNLOCK TABLES;

--
-- Table structure for table `share_contributions`
--

DROP TABLE IF EXISTS `share_contributions`;
/*!40101 SET @saved_cs_client     = @@character_set_client */;
/*!40101 SET character_set_client = utf8mb4 */;
CREATE TABLE `share_contributions` (
  `id` int(11) NOT NULL AUTO_INCREMENT,
  `member_id` int(11) NOT NULL,
  `amount` decimal(10,2) NOT NULL,
  `contribution_date` date NOT NULL,
  `reference_no` varchar(50) DEFAULT NULL,
  `payment_method` enum('cash','bank','mpesa','mobile') DEFAULT 'cash',
  `notes` text DEFAULT NULL,
  `created_by` int(11) DEFAULT NULL,
  `created_at` timestamp NOT NULL DEFAULT current_timestamp(),
  PRIMARY KEY (`id`),
  KEY `member_id` (`member_id`),
  KEY `created_by` (`created_by`),
  CONSTRAINT `share_contributions_ibfk_1` FOREIGN KEY (`member_id`) REFERENCES `members` (`id`),
  CONSTRAINT `share_contributions_ibfk_2` FOREIGN KEY (`created_by`) REFERENCES `users` (`id`)
) ENGINE=InnoDB AUTO_INCREMENT=106 DEFAULT CHARSET=utf8mb4 COLLATE=utf8mb4_general_ci;
/*!40101 SET character_set_client = @saved_cs_client */;

--
-- Dumping data for table `share_contributions`
--

LOCK TABLES `share_contributions` WRITE;
/*!40000 ALTER TABLE `share_contributions` DISABLE KEYS */;
INSERT INTO `share_contributions` VALUES (1,1,20000.00,'0000-00-00','opening_balance','cash','Imported contribution - Opening Balance',1,'2026-03-14 13:11:00'),(2,2,20000.00,'0000-00-00','opening_balance','cash','Imported contribution - Opening Balance',1,'2026-03-14 13:11:00'),(3,3,20000.00,'0000-00-00','opening_balance','cash','Imported contribution - Opening Balance',1,'2026-03-14 13:11:00'),(4,4,4000.00,'0000-00-00','opening_balance','cash','Imported contribution - Opening Balance',1,'2026-03-14 13:11:00'),(5,5,6000.00,'0000-00-00','opening_balance','cash','Imported contribution - Opening Balance',1,'2026-03-14 13:11:00'),(6,6,30000.00,'0000-00-00','opening_balance','cash','Imported contribution - Opening Balance',1,'2026-03-14 13:11:00'),(7,8,6000.00,'0000-00-00','opening_balance','cash','Imported contribution - Opening Balance',1,'2026-03-14 13:11:00'),(8,9,60000.00,'0000-00-00','opening_balance','cash','Imported contribution - Opening Balance',1,'2026-03-14 13:11:00'),(9,10,20000.00,'0000-00-00','opening_balance','cash','Imported contribution - Opening Balance',1,'2026-03-14 13:11:00'),(10,11,20000.00,'0000-00-00','opening_balance','cash','Imported contribution - Opening Balance',1,'2026-03-14 13:11:00'),(11,12,4000.00,'0000-00-00','opening_balance','cash','Imported contribution - Opening Balance',1,'2026-03-14 13:11:00'),(12,13,4000.00,'0000-00-00','opening_balance','cash','Imported contribution - Opening Balance',1,'2026-03-14 13:11:00'),(13,14,6000.00,'0000-00-00','opening_balance','cash','Imported contribution - Opening Balance',1,'2026-03-14 13:11:00'),(14,15,4000.00,'0000-00-00','opening_balance','cash','Imported contribution - Opening Balance',1,'2026-03-14 13:11:00'),(15,16,9000.00,'2025-12-31','opening_balance','cash','Imported contribution - Opening Balance',1,'2026-03-14 13:11:00'),(16,17,7000.00,'0000-00-00','opening_balance','cash','Imported contribution - Opening Balance',1,'2026-03-14 13:11:00'),(17,18,20000.00,'0000-00-00','opening_balance','cash','Imported contribution - Opening Balance',1,'2026-03-14 13:11:00'),(18,19,7000.00,'0000-00-00','opening_balance','cash','Imported contribution - Opening Balance',1,'2026-03-14 13:11:00'),(19,20,10000.00,'0000-00-00','opening_balance','cash','Imported contribution - Opening Balance',1,'2026-03-14 13:11:00'),(20,21,6000.00,'0000-00-00','opening_balance','cash','Imported contribution - Opening Balance',1,'2026-03-14 13:11:00'),(21,22,6000.00,'0000-00-00','opening_balance','cash','Imported contribution - Opening Balance',1,'2026-03-14 13:11:00'),(22,23,7000.00,'0000-00-00','opening_balance','cash','Imported contribution - Opening Balance',1,'2026-03-14 13:11:00'),(23,24,10000.00,'0000-00-00','opening_balance','cash','Imported contribution - Opening Balance',1,'2026-03-14 13:11:00'),(24,25,47000.00,'0000-00-00','opening_balance','cash','Imported contribution - Opening Balance',1,'2026-03-14 13:11:00'),(25,26,6000.00,'0000-00-00','opening_balance','cash','Imported contribution - Opening Balance',1,'2026-03-14 13:11:00'),(26,27,3000.00,'0000-00-00','opening_balance','cash','Imported contribution - Opening Balance',1,'2026-03-14 13:11:00'),(27,28,10000.00,'0000-00-00','opening_balance','cash','Imported contribution - Opening Balance',1,'2026-03-14 13:11:00'),(28,29,9000.00,'0000-00-00','opening_balance','cash','Imported contribution - Opening Balance',1,'2026-03-14 13:11:00'),(29,30,10000.00,'0000-00-00','opening_balance','cash','Imported contribution - Opening Balance',1,'2026-03-14 13:11:00'),(30,31,8000.00,'0000-00-00','opening_balance','cash','Imported contribution - Opening Balance',1,'2026-03-14 13:11:00'),(31,32,0.00,'0000-00-00','opening_balance','cash','Imported contribution - Opening Balance',1,'2026-03-14 13:11:00'),(32,33,7000.00,'0000-00-00','opening_balance','cash','Imported contribution - Opening Balance',1,'2026-03-14 13:11:00'),(33,34,4000.00,'0000-00-00','opening_balance','cash','Imported contribution - Opening Balance',1,'2026-03-14 13:11:00'),(34,35,10000.00,'0000-00-00','opening_balance','cash','Imported contribution - Opening Balance',1,'2026-03-14 13:11:00'),(35,36,4000.00,'0000-00-00','opening_balance','cash','Imported contribution - Opening Balance',1,'2026-03-14 13:11:00'),(36,37,6000.00,'2026-01-01','opening_balance','cash','Imported contribution - Opening Balance',1,'2026-03-14 13:11:00'),(37,38,6000.00,'0000-00-00','opening_balance','cash','Imported contribution - Opening Balance',1,'2026-03-14 13:11:00'),(38,39,14000.00,'0000-00-00','opening_balance','cash','Imported contribution - Opening Balance',1,'2026-03-14 13:11:00'),(39,40,10000.00,'0000-00-00','opening_balance','cash','Imported contribution - Opening Balance',1,'2026-03-14 13:11:00'),(40,41,6000.00,'0000-00-00','opening_balance','cash','Imported contribution - Opening Balance',1,'2026-03-14 13:11:00'),(41,42,10000.00,'0000-00-00','opening_balance','cash','Imported contribution - Opening Balance',1,'2026-03-14 13:11:00'),(42,43,6000.00,'0000-00-00','opening_balance','cash','Imported contribution - Opening Balance',1,'2026-03-14 13:11:00'),(43,44,20000.00,'0000-00-00','opening_balance','cash','Imported contribution - Opening Balance',1,'2026-03-14 13:11:00'),(44,45,10000.00,'0000-00-00','opening_balance','cash','Imported contribution - Opening Balance',1,'2026-03-14 13:11:00'),(45,46,6000.00,'0000-00-00','opening_balance','cash','Imported contribution - Opening Balance',1,'2026-03-14 13:11:00'),(46,47,6000.00,'0000-00-00','opening_balance','cash','Imported contribution - Opening Balance',1,'2026-03-14 13:11:00'),(47,48,6000.00,'0000-00-00','opening_balance','cash','Imported contribution - Opening Balance',1,'2026-03-14 13:11:00'),(48,49,3000.00,'0000-00-00','opening_balance','cash','Imported contribution - Opening Balance',1,'2026-03-14 13:11:00'),(49,50,6000.00,'0000-00-00','opening_balance','cash','Imported contribution - Opening Balance',1,'2026-03-14 13:11:00'),(50,51,6000.00,'0000-00-00','opening_balance','cash','Imported contribution - Opening Balance',1,'2026-03-14 13:11:00'),(51,52,6000.00,'0000-00-00','opening_balance','cash','Imported contribution - Opening Balance',1,'2026-03-14 13:11:00'),(52,53,6000.00,'0000-00-00','opening_balance','cash','Imported contribution - Opening Balance',1,'2026-03-14 13:11:00'),(53,54,6000.00,'0000-00-00','opening_balance','cash','Imported contribution - Opening Balance',1,'2026-03-14 13:11:01'),(54,55,10000.00,'0000-00-00','opening_balance','cash','Imported contribution - Opening Balance',1,'2026-03-14 13:11:01'),(55,56,10000.00,'0000-00-00','opening_balance','cash','Imported contribution - Opening Balance',1,'2026-03-14 13:11:01'),(56,57,6000.00,'0000-00-00','opening_balance','cash','Imported contribution - Opening Balance',1,'2026-03-14 13:11:01'),(57,58,6000.00,'0000-00-00','opening_balance','cash','Imported contribution - Opening Balance',1,'2026-03-14 13:11:01'),(58,59,6000.00,'0000-00-00','opening_balance','cash','Imported contribution - Opening Balance',1,'2026-03-14 13:11:01'),(59,60,1000.00,'0000-00-00','opening_balance','cash','Imported contribution - Opening Balance',1,'2026-03-14 13:11:01'),(60,61,4000.00,'0000-00-00','opening_balance','cash','Imported contribution - Opening Balance',1,'2026-03-14 13:11:01'),(61,62,6000.00,'0000-00-00','opening_balance','cash','Imported contribution - Opening Balance',1,'2026-03-14 13:11:01'),(62,63,5000.00,'0000-00-00','opening_balance','cash','Imported contribution - Opening Balance',1,'2026-03-14 13:11:01'),(63,64,6000.00,'0000-00-00','opening_balance','cash','Imported contribution - Opening Balance',1,'2026-03-14 13:11:01'),(64,65,6000.00,'0000-00-00','opening_balance','cash','Imported contribution - Opening Balance',1,'2026-03-14 13:11:01'),(65,66,6000.00,'0000-00-00','opening_balance','cash','Imported contribution - Opening Balance',1,'2026-03-14 13:11:01'),(66,67,2000.00,'0000-00-00','opening_balance','cash','Imported contribution - Opening Balance',1,'2026-03-14 13:11:01'),(67,68,0.00,'0000-00-00','opening_balance','cash','Imported contribution - Opening Balance',1,'2026-03-14 13:11:01'),(68,69,10000.00,'0000-00-00','opening_balance','cash','Imported contribution - Opening Balance',1,'2026-03-14 13:11:01'),(69,70,3000.00,'0000-00-00','opening_balance','cash','Imported contribution - Opening Balance',1,'2026-03-14 13:11:01'),(70,71,3000.00,'0000-00-00','opening_balance','cash','Imported contribution - Opening Balance',1,'2026-03-14 13:11:01'),(71,72,0.00,'0000-00-00','opening_balance','cash','Imported contribution - Opening Balance',1,'2026-03-14 13:11:01'),(72,73,0.00,'0000-00-00','opening_balance','cash','Imported contribution - Opening Balance',1,'2026-03-14 13:11:01'),(73,74,4000.00,'0000-00-00','opening_balance','cash','Imported contribution - Opening Balance',1,'2026-03-14 13:11:01'),(74,75,0.00,'0000-00-00','opening_balance','cash','Imported contribution - Opening Balance',1,'2026-03-14 13:11:01'),(75,76,4000.00,'0000-00-00','opening_balance','cash','Imported contribution - Opening Balance',1,'2026-03-14 13:11:01'),(76,77,0.00,'0000-00-00','opening_balance','cash','Imported contribution - Opening Balance',1,'2026-03-14 13:11:01'),(77,78,0.00,'0000-00-00','opening_balance','cash','Imported contribution - Opening Balance',1,'2026-03-14 13:11:01'),(78,4,1000.00,'2026-03-27','SCD1774599541586','cash','Year-end share capital deduction - Year-end share capital deduction',1,'2026-03-27 08:19:01'),(79,5,1000.00,'2026-03-27','SCD1774601858161','cash','Year-end share capital deduction - Year-end share capital deduction',1,'2026-03-27 08:57:38'),(80,8,1000.00,'2026-03-27','SCD1774603136298','cash','Year-end share capital deduction - Year-end share capital deduction',1,'2026-03-27 09:18:56'),(81,14,1000.00,'2026-03-27','SCD1774611940462','cash','Year-end share capital deduction - Year-end share capital deduction',1,'2026-03-27 11:45:40'),(82,16,1000.00,'2025-12-31','SCD1774632551996','cash','Year-end share capital deduction - Year-end share capital deduction',1,'2026-03-27 17:29:11'),(83,21,1000.00,'2025-12-31','SCD1774682962272','cash','Year-end share capital deduction - Year-end share capital deduction',1,'2026-03-28 07:29:22'),(84,29,1000.00,'2025-12-31','SCD1774729844503','cash','Year-end share capital deduction - Year-end share capital deduction',1,'2026-03-28 20:30:44'),(85,31,2000.00,'2025-12-31','SCD1774730836354','cash','Year-end share capital deduction - Year-end share capital deduction',1,'2026-03-28 20:47:16'),(86,37,1000.00,'2025-12-31','SCD1774773087148','cash','Year-end share capital deduction - Year-end share capital deduction',1,'2026-03-29 08:31:27'),(87,41,1000.00,'2025-12-31','SCD1774774932248','cash','Year-end share capital deduction - Year-end share capital deduction',1,'2026-03-29 09:02:12'),(88,46,1000.00,'2025-12-31','SCD1774781934535','cash','Year-end share capital deduction - Year-end share capital deduction',1,'2026-03-29 10:58:54'),(89,47,1000.00,'2025-12-31','SCD1774782897423','cash','Year-end share capital deduction - Year-end share capital deduction',1,'2026-03-29 11:14:57'),(90,50,1000.00,'2025-12-31','SCD1774787836301','cash','Year-end share capital deduction - Year-end share capital deduction',1,'2026-03-29 12:37:16'),(91,51,1000.00,'2025-12-31','SCD1774789227884','cash','Year-end share capital deduction - Year-end share capital deduction',1,'2026-03-29 13:00:27'),(92,52,1000.00,'2026-03-29','SCD1774789250135','cash','Year-end share capital deduction - Year-end share capital deduction',1,'2026-03-29 13:00:50'),(93,53,1000.00,'2025-12-31','SCD1774789276122','cash','Year-end share capital deduction - Year-end share capital deduction',1,'2026-03-29 13:01:16'),(94,54,1000.00,'2025-12-31','SCD1774789318942','cash','Year-end share capital deduction - Year-end share capital deduction',1,'2026-03-29 13:01:58'),(95,57,1000.00,'2025-12-31','SCD1774790656850','cash','Year-end share capital deduction - Year-end share capital deduction',1,'2026-03-29 13:24:16'),(96,59,1000.00,'2025-12-31','SCD1774790678477','cash','Year-end share capital deduction - Year-end share capital deduction',1,'2026-03-29 13:24:38'),(97,58,1000.00,'2025-12-31','SCD1774790698204','cash','Year-end share capital deduction - Year-end share capital deduction',1,'2026-03-29 13:24:58'),(98,62,1000.00,'2025-12-31','SCD1774797605742','cash','Year-end share capital deduction - Year-end share capital deduction',1,'2026-03-29 15:20:05'),(99,65,1000.00,'2025-12-31','SCD1774799973719','cash','Year-end share capital deduction - Year-end share capital deduction',1,'2026-03-29 15:59:33'),(100,66,1000.00,'2025-12-31','SCD1774800235732','cash','Year-end share capital deduction - Year-end share capital deduction',1,'2026-03-29 16:03:55'),(101,80,2000.00,'0000-00-00','opening_balance','cash','Imported contribution - Opening Balance',1,'2026-03-14 13:11:01'),(102,81,2000.00,'0000-00-00','opening_balance','cash','Imported contribution - Opening Balance',1,'2026-03-14 13:11:01'),(103,82,3000.00,'0000-00-00','opening_balance','cash','Imported contribution - Opening Balance',1,'2026-03-14 13:11:01'),(104,83,1000.00,'0000-00-00','opening_balance','cash','Imported contribution - Opening Balance',1,'2026-03-14 13:11:01'),(105,84,10000.00,'0000-00-00','opening_balance','cash','Imported contribution - Opening Balance',1,'2026-03-14 13:11:01');
/*!40000 ALTER TABLE `share_contributions` ENABLE KEYS */;
UNLOCK TABLES;

--
-- Table structure for table `shares`
--

DROP TABLE IF EXISTS `shares`;
/*!40101 SET @saved_cs_client     = @@character_set_client */;
/*!40101 SET character_set_client = utf8mb4 */;
CREATE TABLE `shares` (
  `id` int(11) NOT NULL AUTO_INCREMENT,
  `member_id` int(11) NOT NULL,
  `shares_count` int(11) NOT NULL,
  `share_value` decimal(10,2) NOT NULL,
  `total_value` decimal(10,2) GENERATED ALWAYS AS (`shares_count` * `share_value`) STORED,
  `transaction_type` enum('purchase','transfer','refund','opening_balance') NOT NULL,
  `reference_no` varchar(50) DEFAULT NULL,
  `date_purchased` date NOT NULL,
  `created_by` int(11) DEFAULT NULL,
  `created_at` timestamp NOT NULL DEFAULT current_timestamp(),
  `is_opening_balance` tinyint(1) DEFAULT 0,
  `opening_balance_id` int(11) DEFAULT NULL,
  `description` text DEFAULT NULL,
  PRIMARY KEY (`id`),
  KEY `member_id` (`member_id`),
  KEY `created_by` (`created_by`),
  KEY `opening_balance_id` (`opening_balance_id`),
  CONSTRAINT `shares_ibfk_1` FOREIGN KEY (`member_id`) REFERENCES `members` (`id`),
  CONSTRAINT `shares_ibfk_2` FOREIGN KEY (`created_by`) REFERENCES `users` (`id`),
  CONSTRAINT `shares_ibfk_3` FOREIGN KEY (`opening_balance_id`) REFERENCES `opening_balances` (`id`)
) ENGINE=InnoDB AUTO_INCREMENT=81 DEFAULT CHARSET=utf8mb4 COLLATE=utf8mb4_general_ci;
/*!40101 SET character_set_client = @saved_cs_client */;

--
-- Dumping data for table `shares`
--

LOCK TABLES `shares` WRITE;
/*!40000 ALTER TABLE `shares` DISABLE KEYS */;
/*!40000 ALTER TABLE `shares` ENABLE KEYS */;
UNLOCK TABLES;

--
-- Table structure for table `shares_issued`
--

DROP TABLE IF EXISTS `shares_issued`;
/*!40101 SET @saved_cs_client     = @@character_set_client */;
/*!40101 SET character_set_client = utf8mb4 */;
CREATE TABLE `shares_issued` (
  `id` int(11) NOT NULL AUTO_INCREMENT,
  `member_id` int(11) NOT NULL,
  `share_number` varchar(20) NOT NULL,
  `share_count` int(11) DEFAULT 1,
  `amount_paid` decimal(10,2) NOT NULL,
  `issue_date` date NOT NULL,
  `certificate_number` varchar(50) DEFAULT NULL,
  `issued_by` int(11) DEFAULT NULL,
  `created_at` timestamp NOT NULL DEFAULT current_timestamp(),
  PRIMARY KEY (`id`),
  UNIQUE KEY `share_number` (`share_number`),
  UNIQUE KEY `certificate_number` (`certificate_number`),
  KEY `member_id` (`member_id`),
  KEY `issued_by` (`issued_by`),
  CONSTRAINT `shares_issued_ibfk_1` FOREIGN KEY (`member_id`) REFERENCES `members` (`id`),
  CONSTRAINT `shares_issued_ibfk_2` FOREIGN KEY (`issued_by`) REFERENCES `users` (`id`)
) ENGINE=InnoDB AUTO_INCREMENT=10 DEFAULT CHARSET=utf8mb4 COLLATE=utf8mb4_general_ci;
/*!40101 SET character_set_client = @saved_cs_client */;

--
-- Dumping data for table `shares_issued`
--

LOCK TABLES `shares_issued` WRITE;
/*!40000 ALTER TABLE `shares_issued` DISABLE KEYS */;
/*!40000 ALTER TABLE `shares_issued` ENABLE KEYS */;
UNLOCK TABLES;

--
-- Table structure for table `system_settings`
--

DROP TABLE IF EXISTS `system_settings`;
/*!40101 SET @saved_cs_client     = @@character_set_client */;
/*!40101 SET character_set_client = utf8mb4 */;
CREATE TABLE `system_settings` (
  `id` int(11) NOT NULL AUTO_INCREMENT,
  `setting_key` varchar(100) NOT NULL,
  `setting_value` text DEFAULT NULL,
  `setting_type` enum('text','number','boolean','json') DEFAULT 'text',
  `description` text DEFAULT NULL,
  `created_at` timestamp NOT NULL DEFAULT current_timestamp(),
  `updated_at` timestamp NULL DEFAULT NULL ON UPDATE current_timestamp(),
  PRIMARY KEY (`id`),
  UNIQUE KEY `setting_key` (`setting_key`),
  KEY `idx_key` (`setting_key`)
) ENGINE=InnoDB AUTO_INCREMENT=18 DEFAULT CHARSET=utf8mb4 COLLATE=utf8mb4_general_ci;
/*!40101 SET character_set_client = @saved_cs_client */;

--
-- Dumping data for table `system_settings`
--

LOCK TABLES `system_settings` WRITE;
/*!40000 ALTER TABLE `system_settings` DISABLE KEYS */;
INSERT INTO `system_settings` VALUES (1,'default_interest_rate','12','number','Default interest rate for loans','2026-03-14 16:49:31',NULL),(2,'min_loan_amount','1000','number','Minimum loan amount','2026-03-14 16:49:31',NULL),(3,'max_loan_amount','500000','number','Maximum loan amount','2026-03-14 16:49:31',NULL),(4,'min_duration_months','1','number','Minimum loan duration in months','2026-03-14 16:49:31',NULL),(5,'max_duration_months','36','number','Maximum loan duration in months','2026-03-14 16:49:31',NULL),(6,'default_processing_fee','1','number','Default processing fee percentage','2026-03-14 16:49:31',NULL),(7,'default_insurance_fee','0.5','number','Default insurance fee percentage','2026-03-14 16:49:31',NULL),(8,'default_late_penalty','50','number','Default late payment penalty per day','2026-03-14 16:49:31',NULL),(9,'default_guarantor_required','1','boolean','Require guarantors by default','2026-03-14 16:49:31',NULL),(10,'default_min_guarantors','1','number','Minimum number of guarantors required','2026-03-14 16:49:31',NULL),(11,'enable_self_guarantee','1','boolean','Enable self-guarantee feature','2026-03-14 16:49:31',NULL),(12,'self_guarantee_multiplier','3','number','Self-guarantee multiplier (savings × multiplier)','2026-03-14 16:49:31',NULL),(13,'allow_partial_guarantee','1','boolean','Allow partial guarantee from multiple guarantors','2026-03-14 16:49:31',NULL),(14,'auto_approve_threshold','0','number','Auto-approve loans below this amount','2026-03-14 16:49:31',NULL),(15,'require_approval_above','50000','number','Require approval for loans above this amount','2026-03-14 16:49:31',NULL),(16,'enable_credit_scoring','0','boolean','Enable credit scoring','2026-03-14 16:49:31',NULL),(17,'min_credit_score','600','number','Minimum credit score required','2026-03-14 16:49:31',NULL);
/*!40000 ALTER TABLE `system_settings` ENABLE KEYS */;
UNLOCK TABLES;

--
-- Table structure for table `tax_records`
--

DROP TABLE IF EXISTS `tax_records`;
/*!40101 SET @saved_cs_client     = @@character_set_client */;
/*!40101 SET character_set_client = utf8mb4 */;
CREATE TABLE `tax_records` (
  `id` int(11) NOT NULL AUTO_INCREMENT,
  `tax_date` date NOT NULL,
  `tax_type` enum('vat','withholding','income_tax','other') NOT NULL,
  `amount` decimal(10,2) NOT NULL,
  `reference_no` varchar(50) DEFAULT NULL,
  `description` text DEFAULT NULL,
  `paid_date` date DEFAULT NULL,
  `due_date` date DEFAULT NULL,
  `status` enum('pending','paid','overdue') DEFAULT 'pending',
  `journal_id` int(11) DEFAULT NULL,
  `created_by` int(11) DEFAULT NULL,
  `created_at` timestamp NOT NULL DEFAULT current_timestamp(),
  PRIMARY KEY (`id`),
  KEY `journal_id` (`journal_id`),
  KEY `created_by` (`created_by`),
  CONSTRAINT `tax_records_ibfk_1` FOREIGN KEY (`journal_id`) REFERENCES `journal_entries` (`id`),
  CONSTRAINT `tax_records_ibfk_2` FOREIGN KEY (`created_by`) REFERENCES `users` (`id`)
) ENGINE=InnoDB DEFAULT CHARSET=utf8mb4 COLLATE=utf8mb4_general_ci;
/*!40101 SET character_set_client = @saved_cs_client */;

--
-- Dumping data for table `tax_records`
--

LOCK TABLES `tax_records` WRITE;
/*!40000 ALTER TABLE `tax_records` DISABLE KEYS */;
/*!40000 ALTER TABLE `tax_records` ENABLE KEYS */;
UNLOCK TABLES;

--
-- Table structure for table `transactions`
--

DROP TABLE IF EXISTS `transactions`;
/*!40101 SET @saved_cs_client     = @@character_set_client */;
/*!40101 SET character_set_client = utf8mb4 */;
CREATE TABLE `transactions` (
  `id` int(11) NOT NULL AUTO_INCREMENT,
  `transaction_no` varchar(50) NOT NULL,
  `transaction_date` date NOT NULL,
  `description` text DEFAULT NULL,
  `debit_account` varchar(50) NOT NULL,
  `credit_account` varchar(50) NOT NULL,
  `amount` decimal(10,2) NOT NULL,
  `reference_type` enum('deposit','withdrawal','loan','repayment','dividend','share','registration','bylaws','share_contribution') NOT NULL,
  `reference_id` int(11) NOT NULL,
  `created_by` int(11) DEFAULT NULL,
  `created_at` timestamp NOT NULL DEFAULT current_timestamp(),
  PRIMARY KEY (`id`),
  UNIQUE KEY `transaction_no` (`transaction_no`),
  KEY `created_by` (`created_by`),
  CONSTRAINT `transactions_ibfk_1` FOREIGN KEY (`created_by`) REFERENCES `users` (`id`)
) ENGINE=InnoDB AUTO_INCREMENT=430 DEFAULT CHARSET=utf8mb4 COLLATE=utf8mb4_general_ci;
/*!40101 SET character_set_client = @saved_cs_client */;

--
-- Dumping data for table `transactions`
--

LOCK TABLES `transactions` WRITE;
/*!40000 ALTER TABLE `transactions` DISABLE KEYS */;
INSERT INTO `transactions` VALUES (5,'TXN1773488475844','2025-03-01','Monthly contribution - CHARLES G. NDERITU - 0 2025','CASH','MEMBER_DEPOSITS',8655.00,'deposit',78,1,'2026-03-14 11:41:15'),(6,'TXN1773488475534','2025-07-01','Monthly contribution - CHARLES G. NDERITU - 0 2025','CASH','MEMBER_DEPOSITS',55000.00,'deposit',79,1,'2026-03-14 11:41:15'),(7,'TXN1773488475122','2025-09-01','Monthly contribution - CHARLES G. NDERITU - 0 2025','CASH','MEMBER_DEPOSITS',17000.00,'deposit',80,1,'2026-03-14 11:41:15'),(8,'TXN1773488475913','2025-10-01','Monthly contribution - CHARLES G. NDERITU - 0 2025','CASH','MEMBER_DEPOSITS',2000.00,'deposit',81,1,'2026-03-14 11:41:15'),(9,'TXN1773488475543','2025-01-01','Monthly contribution - MARAGARA GACHIE - 0 2025','CASH','MEMBER_DEPOSITS',1000.00,'deposit',82,1,'2026-03-14 11:41:15'),(10,'TXN1773488475292','2025-02-01','Monthly contribution - MARAGARA GACHIE - 0 2025','CASH','MEMBER_DEPOSITS',1000.00,'deposit',83,1,'2026-03-14 11:41:15'),(11,'TXN1773488475556','2025-03-01','Monthly contribution - MARAGARA GACHIE - 0 2025','CASH','MEMBER_DEPOSITS',1000.00,'deposit',84,1,'2026-03-14 11:41:15'),(12,'TXN1773488475248','2025-04-01','Monthly contribution - MARAGARA GACHIE - 0 2025','CASH','MEMBER_DEPOSITS',1000.00,'deposit',85,1,'2026-03-14 11:41:15'),(13,'TXN1773488475977','2025-05-01','Monthly contribution - MARAGARA GACHIE - 0 2025','CASH','MEMBER_DEPOSITS',1000.00,'deposit',86,1,'2026-03-14 11:41:15'),(14,'TXN1773488475608','2025-06-01','Monthly contribution - MARAGARA GACHIE - 0 2025','CASH','MEMBER_DEPOSITS',1000.00,'deposit',87,1,'2026-03-14 11:41:15'),(15,'TXN1773488475315','2025-07-01','Monthly contribution - MARAGARA GACHIE - 0 2025','CASH','MEMBER_DEPOSITS',1000.00,'deposit',88,1,'2026-03-14 11:41:15'),(16,'TXN1773488475764','2025-08-01','Monthly contribution - MARAGARA GACHIE - 0 2025','CASH','MEMBER_DEPOSITS',1000.00,'deposit',89,1,'2026-03-14 11:41:15'),(17,'TXN1773488475464','2025-09-01','Monthly contribution - MARAGARA GACHIE - 0 2025','CASH','MEMBER_DEPOSITS',1000.00,'deposit',90,1,'2026-03-14 11:41:15'),(18,'TXN1773488475452','2025-10-01','Monthly contribution - MARAGARA GACHIE - 0 2025','CASH','MEMBER_DEPOSITS',1000.00,'deposit',91,1,'2026-03-14 11:41:15'),(19,'TXN1773488475139','2025-11-01','Monthly contribution - MARAGARA GACHIE - 0 2025','CASH','MEMBER_DEPOSITS',1000.00,'deposit',92,1,'2026-03-14 11:41:15'),(20,'TXN1773488475561','2025-12-01','Monthly contribution - MARAGARA GACHIE - 0 2025','CASH','MEMBER_DEPOSITS',1000.00,'deposit',93,1,'2026-03-14 11:41:15'),(21,'TXN1773488475621','2025-01-01','Monthly contribution - SIMON K. NDAGURI - 0 2025','CASH','MEMBER_DEPOSITS',1000.00,'deposit',94,1,'2026-03-14 11:41:15'),(22,'TXN1773488475812','2025-02-01','Monthly contribution - SIMON K. NDAGURI - 0 2025','CASH','MEMBER_DEPOSITS',1000.00,'deposit',95,1,'2026-03-14 11:41:15'),(23,'TXN1773488475636','2025-03-01','Monthly contribution - SIMON K. NDAGURI - 0 2025','CASH','MEMBER_DEPOSITS',1000.00,'deposit',96,1,'2026-03-14 11:41:15'),(24,'TXN1773488475487','2025-04-01','Monthly contribution - SIMON K. NDAGURI - 0 2025','CASH','MEMBER_DEPOSITS',1000.00,'deposit',97,1,'2026-03-14 11:41:15'),(25,'TXN1773488475247','2025-05-01','Monthly contribution - SIMON K. NDAGURI - 0 2025','CASH','MEMBER_DEPOSITS',1000.00,'deposit',98,1,'2026-03-14 11:41:15'),(26,'TXN1773488475101','2025-06-01','Monthly contribution - SIMON K. NDAGURI - 0 2025','CASH','MEMBER_DEPOSITS',1000.00,'deposit',99,1,'2026-03-14 11:41:15'),(27,'TXN1773488475286','2025-07-01','Monthly contribution - SIMON K. NDAGURI - 0 2025','CASH','MEMBER_DEPOSITS',1000.00,'deposit',100,1,'2026-03-14 11:41:15'),(28,'TXN1773488475353','2025-08-01','Monthly contribution - SIMON K. NDAGURI - 0 2025','CASH','MEMBER_DEPOSITS',1000.00,'deposit',101,1,'2026-03-14 11:41:16'),(29,'TXN1773488476668','2025-09-01','Monthly contribution - SIMON K. NDAGURI - 0 2025','CASH','MEMBER_DEPOSITS',1000.00,'deposit',102,1,'2026-03-14 11:41:16'),(30,'TXN1773488476623','2025-10-01','Monthly contribution - SIMON K. NDAGURI - 0 2025','CASH','MEMBER_DEPOSITS',1000.00,'deposit',103,1,'2026-03-14 11:41:16'),(31,'TXN1773488476527','2025-11-01','Monthly contribution - SIMON K. NDAGURI - 0 2025','CASH','MEMBER_DEPOSITS',1000.00,'deposit',104,1,'2026-03-14 11:41:16'),(32,'TXN1773488476308','2025-12-01','Monthly contribution - SIMON K. NDAGURI - 0 2025','CASH','MEMBER_DEPOSITS',1000.00,'deposit',105,1,'2026-03-14 11:41:16'),(33,'TXN1773488476748','2025-05-01','Monthly contribution - DAVID M. MUCHIRI - 0 2025','CASH','MEMBER_DEPOSITS',2000.00,'deposit',106,1,'2026-03-14 11:41:16'),(34,'TXN1773488476812','2025-01-01','Monthly contribution - FRANCIS MUNUHE - 0 2025','CASH','MEMBER_DEPOSITS',1000.00,'deposit',107,1,'2026-03-14 11:41:16'),(35,'TXN1773488476310','2025-04-01','Monthly contribution - FRANCIS MUNUHE - 0 2025','CASH','MEMBER_DEPOSITS',1000.00,'deposit',108,1,'2026-03-14 11:41:16'),(36,'TXN1773488476451','2025-05-01','Monthly contribution - FRANCIS MUNUHE - 0 2025','CASH','MEMBER_DEPOSITS',1000.00,'deposit',109,1,'2026-03-14 11:41:16'),(37,'TXN1773488476644','2025-07-01','Monthly contribution - FRANCIS MUNUHE - 0 2025','CASH','MEMBER_DEPOSITS',1000.00,'deposit',110,1,'2026-03-14 11:41:16'),(38,'TXN1773488476487','2025-08-01','Monthly contribution - FRANCIS MUNUHE - 0 2025','CASH','MEMBER_DEPOSITS',1000.00,'deposit',111,1,'2026-03-14 11:41:16'),(39,'TXN1773488476631','2025-09-01','Monthly contribution - FRANCIS MUNUHE - 0 2025','CASH','MEMBER_DEPOSITS',1000.00,'deposit',112,1,'2026-03-14 11:41:16'),(40,'TXN1773488476476','2025-10-01','Monthly contribution - FRANCIS MUNUHE - 0 2025','CASH','MEMBER_DEPOSITS',1000.00,'deposit',113,1,'2026-03-14 11:41:16'),(41,'TXN1773488476139','2025-11-01','Monthly contribution - FRANCIS MUNUHE - 0 2025','CASH','MEMBER_DEPOSITS',1000.00,'deposit',114,1,'2026-03-14 11:41:16'),(42,'TXN1773488476889','2025-12-01','Monthly contribution - FRANCIS MUNUHE - 0 2025','CASH','MEMBER_DEPOSITS',1000.00,'deposit',115,1,'2026-03-14 11:41:16'),(43,'TXN1773488476526','2025-01-01','Monthly contribution - PETER MBUGUA - 0 2025','CASH','MEMBER_DEPOSITS',5000.00,'deposit',116,1,'2026-03-14 11:41:16'),(44,'TXN1773488476653','2025-03-01','Monthly contribution - PETER MBUGUA - 0 2025','CASH','MEMBER_DEPOSITS',5000.00,'deposit',117,1,'2026-03-14 11:41:16'),(45,'TXN1773488476693','2025-04-01','Monthly contribution - PETER MBUGUA - 0 2025','CASH','MEMBER_DEPOSITS',5000.00,'deposit',118,1,'2026-03-14 11:41:16'),(46,'TXN1773488476445','2025-05-01','Monthly contribution - PETER MBUGUA - 0 2025','CASH','MEMBER_DEPOSITS',10000.00,'deposit',119,1,'2026-03-14 11:41:16'),(47,'TXN1773488476991','2025-07-01','Monthly contribution - PETER MBUGUA - 0 2025','CASH','MEMBER_DEPOSITS',5000.00,'deposit',120,1,'2026-03-14 11:41:16'),(48,'TXN1773488476346','2025-08-01','Monthly contribution - PETER MBUGUA - 0 2025','CASH','MEMBER_DEPOSITS',5000.00,'deposit',121,1,'2026-03-14 11:41:16'),(49,'TXN1773488476276','2025-09-01','Monthly contribution - PETER MBUGUA - 0 2025','CASH','MEMBER_DEPOSITS',10000.00,'deposit',122,1,'2026-03-14 11:41:16'),(50,'TXN1773488476755','2025-11-01','Monthly contribution - PETER MBUGUA - 0 2025','CASH','MEMBER_DEPOSITS',10000.00,'deposit',123,1,'2026-03-14 11:41:16'),(51,'TXN1773488476496','2025-12-01','Monthly contribution - PETER MBUGUA - 0 2025','CASH','MEMBER_DEPOSITS',10000.00,'deposit',124,1,'2026-03-14 11:41:16'),(52,'TXN1773488476675','2025-01-01','Monthly contribution - DANIEL MAINA NJOROGE - 0 2025','CASH','MEMBER_DEPOSITS',1000.00,'deposit',125,1,'2026-03-14 11:41:16'),(53,'TXN1773488476292','2025-02-01','Monthly contribution - DANIEL MAINA NJOROGE - 0 2025','CASH','MEMBER_DEPOSITS',1000.00,'deposit',126,1,'2026-03-14 11:41:16'),(54,'TXN1773488476141','2025-03-01','Monthly contribution - DANIEL MAINA NJOROGE - 0 2025','CASH','MEMBER_DEPOSITS',1000.00,'deposit',127,1,'2026-03-14 11:41:16'),(55,'TXN1773488476116','2025-04-01','Monthly contribution - DANIEL MAINA NJOROGE - 0 2025','CASH','MEMBER_DEPOSITS',1000.00,'deposit',128,1,'2026-03-14 11:41:16'),(56,'TXN1773488476475','2025-05-01','Monthly contribution - DANIEL MAINA NJOROGE - 0 2025','CASH','MEMBER_DEPOSITS',1000.00,'deposit',129,1,'2026-03-14 11:41:16'),(59,'TXN1773488476433','2025-10-01','Monthly contribution - DANIEL MAINA NJOROGE - 0 2025','CASH','MEMBER_DEPOSITS',2000.00,'deposit',132,1,'2026-03-14 11:41:16'),(60,'TXN1773488476110','2025-11-01','Monthly contribution - DANIEL MAINA NJOROGE - 0 2025','CASH','MEMBER_DEPOSITS',1000.00,'deposit',133,1,'2026-03-14 11:41:16'),(61,'TXN1773488476953','2025-12-01','Monthly contribution - DANIEL MAINA NJOROGE - 0 2025','CASH','MEMBER_DEPOSITS',1000.00,'deposit',134,1,'2026-03-14 11:41:16'),(62,'TXN1773488476556','2025-01-01','Monthly contribution - SUSAN W. GITAU - 0 2025','CASH','MEMBER_DEPOSITS',1000.00,'deposit',135,1,'2026-03-14 11:41:16'),(63,'TXN1773488476147','2025-02-01','Monthly contribution - SUSAN W. GITAU - 0 2025','CASH','MEMBER_DEPOSITS',2000.00,'deposit',136,1,'2026-03-14 11:41:16'),(64,'TXN1773488476674','2025-03-01','Monthly contribution - SUSAN W. GITAU - 0 2025','CASH','MEMBER_DEPOSITS',1000.00,'deposit',137,1,'2026-03-14 11:41:16'),(65,'TXN1773488476638','2025-04-01','Monthly contribution - SUSAN W. GITAU - 0 2025','CASH','MEMBER_DEPOSITS',1000.00,'deposit',138,1,'2026-03-14 11:41:16'),(66,'TXN1773488476813','2025-05-01','Monthly contribution - SUSAN W. GITAU - 0 2025','CASH','MEMBER_DEPOSITS',1000.00,'deposit',139,1,'2026-03-14 11:41:16'),(67,'TXN1773488476619','2025-06-01','Monthly contribution - SUSAN W. GITAU - 0 2025','CASH','MEMBER_DEPOSITS',1000.00,'deposit',140,1,'2026-03-14 11:41:16'),(68,'TXN1773488476467','2025-08-01','Monthly contribution - SUSAN W. GITAU - 0 2025','CASH','MEMBER_DEPOSITS',6000.00,'deposit',141,1,'2026-03-14 11:41:16'),(69,'TXN1773488476531','2025-09-01','Monthly contribution - SUSAN W. GITAU - 0 2025','CASH','MEMBER_DEPOSITS',3000.00,'deposit',142,1,'2026-03-14 11:41:16'),(70,'TXN1773488476212','2025-10-01','Monthly contribution - SUSAN W. GITAU - 0 2025','CASH','MEMBER_DEPOSITS',5000.00,'deposit',143,1,'2026-03-14 11:41:16'),(71,'TXN1773488476459','2025-11-01','Monthly contribution - SUSAN W. GITAU - 0 2025','CASH','MEMBER_DEPOSITS',3000.00,'deposit',144,1,'2026-03-14 11:41:16'),(72,'TXN1773488476979','2025-12-01','Monthly contribution - SUSAN W. GITAU - 0 2025','CASH','MEMBER_DEPOSITS',4000.00,'deposit',145,1,'2026-03-14 11:41:16'),(74,'TXN1773488476196','2025-04-01','Monthly contribution - KEZIAH WAITHIRA - 0 2025','CASH','MEMBER_DEPOSITS',5400.00,'deposit',147,1,'2026-03-14 11:41:16'),(75,'TXN1773488476295','2025-09-01','Monthly contribution - KEZIAH WAITHIRA - 0 2025','CASH','MEMBER_DEPOSITS',1000.00,'deposit',148,1,'2026-03-14 11:41:16'),(76,'TXN1773488476284','2025-01-01','Monthly contribution - JAMES M. THUITA - 0 2025','CASH','MEMBER_DEPOSITS',1000.00,'deposit',149,1,'2026-03-14 11:41:16'),(78,'TXN1773488476600','2025-03-01','Monthly contribution - JAMES M. THUITA - 0 2025','CASH','MEMBER_DEPOSITS',1000.00,'deposit',151,1,'2026-03-14 11:41:16'),(80,'TXN1773488476718','2025-05-01','Monthly contribution - JAMES M. THUITA - 0 2025','CASH','MEMBER_DEPOSITS',1000.00,'deposit',153,1,'2026-03-14 11:41:16'),(81,'TXN1773488476761','2025-06-01','Monthly contribution - JAMES M. THUITA - 0 2025','CASH','MEMBER_DEPOSITS',1000.00,'deposit',154,1,'2026-03-14 11:41:16'),(82,'TXN1773488476753','2025-07-01','Monthly contribution - JAMES M. THUITA - 0 2025','CASH','MEMBER_DEPOSITS',1000.00,'deposit',155,1,'2026-03-14 11:41:16'),(83,'TXN1773488476730','2025-09-01','Monthly contribution - JAMES M. THUITA - 0 2025','CASH','MEMBER_DEPOSITS',1000.00,'deposit',156,1,'2026-03-14 11:41:16'),(84,'TXN1773488476105','2025-10-01','Monthly contribution - JAMES M. THUITA - 0 2025','CASH','MEMBER_DEPOSITS',1000.00,'deposit',157,1,'2026-03-14 11:41:16'),(85,'TXN1773488476992','2025-11-01','Monthly contribution - JAMES M. THUITA - 0 2025','CASH','MEMBER_DEPOSITS',1000.00,'deposit',158,1,'2026-03-14 11:41:16'),(86,'TXN1773488476452','2025-12-01','Monthly contribution - JAMES M. THUITA - 0 2025','CASH','MEMBER_DEPOSITS',1000.00,'deposit',159,1,'2026-03-14 11:41:16'),(88,'TXN1773488476997','2025-02-01','Monthly contribution - CHRISTINE NJERI MAHUGU - 0 2025','CASH','MEMBER_DEPOSITS',1000.00,'deposit',161,1,'2026-03-14 11:41:16'),(89,'TXN1773488476257','2025-03-01','Monthly contribution - CHRISTINE NJERI MAHUGU - 0 2025','CASH','MEMBER_DEPOSITS',1000.00,'deposit',162,1,'2026-03-14 11:41:16'),(90,'TXN1773488476517','2025-04-01','Monthly contribution - CHRISTINE NJERI MAHUGU - 0 2025','CASH','MEMBER_DEPOSITS',1000.00,'deposit',163,1,'2026-03-14 11:41:16'),(91,'TXN1773488476348','2025-05-01','Monthly contribution - CHRISTINE NJERI MAHUGU - 0 2025','CASH','MEMBER_DEPOSITS',1000.00,'deposit',164,1,'2026-03-14 11:41:16'),(92,'TXN1773488476142','2025-06-01','Monthly contribution - CHRISTINE NJERI MAHUGU - 0 2025','CASH','MEMBER_DEPOSITS',1000.00,'deposit',165,1,'2026-03-14 11:41:16'),(93,'TXN1773488476692','2025-07-01','Monthly contribution - CHRISTINE NJERI MAHUGU - 0 2025','CASH','MEMBER_DEPOSITS',1000.00,'deposit',166,1,'2026-03-14 11:41:16'),(94,'TXN1773488476136','2025-08-01','Monthly contribution - CHRISTINE NJERI MAHUGU - 0 2025','CASH','MEMBER_DEPOSITS',1000.00,'deposit',167,1,'2026-03-14 11:41:16'),(95,'TXN1773488476145','2025-09-01','Monthly contribution - CHRISTINE NJERI MAHUGU - 0 2025','CASH','MEMBER_DEPOSITS',1000.00,'deposit',168,1,'2026-03-14 11:41:16'),(96,'TXN1773488476697','2025-11-01','Monthly contribution - CHRISTINE NJERI MAHUGU - 0 2025','CASH','MEMBER_DEPOSITS',2000.00,'deposit',169,1,'2026-03-14 11:41:16'),(97,'TXN1773488476417','2025-12-01','Monthly contribution - CHRISTINE NJERI MAHUGU - 0 2025','CASH','MEMBER_DEPOSITS',1000.00,'deposit',170,1,'2026-03-14 11:41:16'),(98,'TXN1773488476729','2025-05-01','Monthly contribution - GRACE WANGUI WANJOHI - 0 2025','CASH','MEMBER_DEPOSITS',1000.00,'deposit',171,1,'2026-03-14 11:41:16'),(99,'TXN1773488476672','2025-07-01','Monthly contribution - GRACE WANGUI WANJOHI - 0 2025','CASH','MEMBER_DEPOSITS',1000.00,'deposit',172,1,'2026-03-14 11:41:16'),(100,'TXN1773488476852','2025-08-01','Monthly contribution - GRACE WANGUI WANJOHI - 0 2025','CASH','MEMBER_DEPOSITS',1000.00,'deposit',173,1,'2026-03-14 11:41:16'),(102,'TXN1773488476303','2025-01-01','Monthly contribution - NANCY WAMBUI NJOROGE - 0 2025','CASH','MEMBER_DEPOSITS',1000.00,'deposit',175,1,'2026-03-14 11:41:16'),(103,'TXN1773488476444','2025-02-01','Monthly contribution - NANCY WAMBUI NJOROGE - 0 2025','CASH','MEMBER_DEPOSITS',1000.00,'deposit',176,1,'2026-03-14 11:41:16'),(104,'TXN1773488476242','2025-03-01','Monthly contribution - NANCY WAMBUI NJOROGE - 0 2025','CASH','MEMBER_DEPOSITS',1000.00,'deposit',177,1,'2026-03-14 11:41:16'),(105,'TXN1773488476320','2025-04-01','Monthly contribution - NANCY WAMBUI NJOROGE - 0 2025','CASH','MEMBER_DEPOSITS',1000.00,'deposit',178,1,'2026-03-14 11:41:16'),(106,'TXN1773488476944','2025-05-01','Monthly contribution - NANCY WAMBUI NJOROGE - 0 2025','CASH','MEMBER_DEPOSITS',1000.00,'deposit',179,1,'2026-03-14 11:41:16'),(107,'TXN1773488476461','2025-07-01','Monthly contribution - NANCY WAMBUI NJOROGE - 0 2025','CASH','MEMBER_DEPOSITS',1000.00,'deposit',180,1,'2026-03-14 11:41:16'),(108,'TXN1773488476369','2025-08-01','Monthly contribution - NANCY WAMBUI NJOROGE - 0 2025','CASH','MEMBER_DEPOSITS',1000.00,'deposit',181,1,'2026-03-14 11:41:16'),(109,'TXN1773488476759','2025-09-01','Monthly contribution - NANCY WAMBUI NJOROGE - 0 2025','CASH','MEMBER_DEPOSITS',1000.00,'deposit',182,1,'2026-03-14 11:41:16'),(110,'TXN1773488476172','2025-10-01','Monthly contribution - NANCY WAMBUI NJOROGE - 0 2025','CASH','MEMBER_DEPOSITS',1000.00,'deposit',183,1,'2026-03-14 11:41:16'),(111,'TXN1773488476368','2025-11-01','Monthly contribution - NANCY WAMBUI NJOROGE - 0 2025','CASH','MEMBER_DEPOSITS',1000.00,'deposit',184,1,'2026-03-14 11:41:16'),(112,'TXN1773488476994','2025-03-01','Monthly contribution - JULIA MUTHONI GITHINJI - 0 2025','CASH','MEMBER_DEPOSITS',2000.00,'deposit',185,1,'2026-03-14 11:41:16'),(113,'TXN1773488476129','2025-04-01','Monthly contribution - JULIA MUTHONI GITHINJI - 0 2025','CASH','MEMBER_DEPOSITS',5000.00,'deposit',186,1,'2026-03-14 11:41:16'),(114,'TXN1773488476374','2025-01-01','Monthly contribution - JACQUELINE W. KAMAU - 0 2025','CASH','MEMBER_DEPOSITS',2000.00,'deposit',187,1,'2026-03-14 11:41:16'),(115,'TXN1773488476978','2025-02-01','Monthly contribution - JACQUELINE W. KAMAU - 0 2025','CASH','MEMBER_DEPOSITS',2000.00,'deposit',188,1,'2026-03-14 11:41:16'),(116,'TXN1773488476726','2025-03-01','Monthly contribution - JACQUELINE W. KAMAU - 0 2025','CASH','MEMBER_DEPOSITS',2000.00,'deposit',189,1,'2026-03-14 11:41:16'),(117,'TXN1773488476598','2025-04-01','Monthly contribution - JACQUELINE W. KAMAU - 0 2025','CASH','MEMBER_DEPOSITS',2000.00,'deposit',190,1,'2026-03-14 11:41:16'),(118,'TXN1773488476211','2025-05-01','Monthly contribution - JACQUELINE W. KAMAU - 0 2025','CASH','MEMBER_DEPOSITS',2000.00,'deposit',191,1,'2026-03-14 11:41:16'),(119,'TXN1773488476999','2025-06-01','Monthly contribution - JACQUELINE W. KAMAU - 0 2025','CASH','MEMBER_DEPOSITS',2000.00,'deposit',192,1,'2026-03-14 11:41:16'),(120,'TXN1773488476916','2025-07-01','Monthly contribution - JACQUELINE W. KAMAU - 0 2025','CASH','MEMBER_DEPOSITS',2000.00,'deposit',193,1,'2026-03-14 11:41:16'),(121,'TXN1773488476111','2025-08-01','Monthly contribution - JACQUELINE W. KAMAU - 0 2025','CASH','MEMBER_DEPOSITS',2000.00,'deposit',194,1,'2026-03-14 11:41:16'),(122,'TXN1773488476355','2025-09-01','Monthly contribution - JACQUELINE W. KAMAU - 0 2025','CASH','MEMBER_DEPOSITS',2000.00,'deposit',195,1,'2026-03-14 11:41:16'),(123,'TXN1773488476160','2025-10-01','Monthly contribution - JACQUELINE W. KAMAU - 0 2025','CASH','MEMBER_DEPOSITS',2000.00,'deposit',196,1,'2026-03-14 11:41:16'),(124,'TXN1773488476690','2025-11-01','Monthly contribution - JACQUELINE W. KAMAU - 0 2025','CASH','MEMBER_DEPOSITS',2000.00,'deposit',197,1,'2026-03-14 11:41:16'),(125,'TXN1773488476382','2025-01-01','Monthly contribution - SAMUEL WAITHAKA - 0 2025','CASH','MEMBER_DEPOSITS',2000.00,'deposit',198,1,'2026-03-14 11:41:16'),(126,'TXN1773488476909','2025-02-01','Monthly contribution - SAMUEL WAITHAKA - 0 2025','CASH','MEMBER_DEPOSITS',2000.00,'deposit',199,1,'2026-03-14 11:41:16'),(127,'TXN1773488476843','2025-07-01','Monthly contribution - SAMUEL WAITHAKA - 0 2025','CASH','MEMBER_DEPOSITS',1000.00,'deposit',200,1,'2026-03-14 11:41:16'),(128,'TXN1773488476412','2025-08-01','Monthly contribution - SAMUEL WAITHAKA - 0 2025','CASH','MEMBER_DEPOSITS',1000.00,'deposit',201,1,'2026-03-14 11:41:16'),(129,'TXN1773488476733','2025-09-01','Monthly contribution - SAMUEL WAITHAKA - 0 2025','CASH','MEMBER_DEPOSITS',1000.00,'deposit',202,1,'2026-03-14 11:41:16'),(130,'TXN1773488476868','2025-10-01','Monthly contribution - SAMUEL WAITHAKA - 0 2025','CASH','MEMBER_DEPOSITS',1000.00,'deposit',203,1,'2026-03-14 11:41:16'),(131,'TXN1773488476330','2025-03-01','Monthly contribution - MICHAEL KIMANI - 0 2025','CASH','MEMBER_DEPOSITS',1000.00,'deposit',204,1,'2026-03-14 11:41:16'),(132,'TXN1773488476278','2025-01-01','Monthly contribution - CHARLES MATHENGE WACHIRA - 0 2025','CASH','MEMBER_DEPOSITS',1000.00,'deposit',205,1,'2026-03-14 11:41:16'),(133,'TXN1773488476547','2025-02-01','Monthly contribution - CHARLES MATHENGE WACHIRA - 0 2025','CASH','MEMBER_DEPOSITS',1000.00,'deposit',206,1,'2026-03-14 11:41:16'),(134,'TXN1773488476658','2025-03-01','Monthly contribution - CHARLES MATHENGE WACHIRA - 0 2025','CASH','MEMBER_DEPOSITS',1000.00,'deposit',207,1,'2026-03-14 11:41:16'),(135,'TXN1773488476338','2025-04-01','Monthly contribution - CHARLES MATHENGE WACHIRA - 0 2025','CASH','MEMBER_DEPOSITS',1000.00,'deposit',208,1,'2026-03-14 11:41:16'),(136,'TXN1773488476602','2025-05-01','Monthly contribution - CHARLES MATHENGE WACHIRA - 0 2025','CASH','MEMBER_DEPOSITS',1000.00,'deposit',209,1,'2026-03-14 11:41:16'),(138,'TXN1773488476995','2025-07-01','Monthly contribution - CHARLES MATHENGE WACHIRA - 0 2025','CASH','MEMBER_DEPOSITS',1000.00,'deposit',211,1,'2026-03-14 11:41:16'),(139,'TXN1773488476321','2025-08-01','Monthly contribution - CHARLES MATHENGE WACHIRA - 0 2025','CASH','MEMBER_DEPOSITS',1000.00,'deposit',212,1,'2026-03-14 11:41:16'),(140,'TXN1773488476885','2025-09-01','Monthly contribution - CHARLES MATHENGE WACHIRA - 0 2025','CASH','MEMBER_DEPOSITS',1000.00,'deposit',213,1,'2026-03-14 11:41:16'),(141,'TXN1773488476269','2025-10-01','Monthly contribution - CHARLES MATHENGE WACHIRA - 0 2025','CASH','MEMBER_DEPOSITS',1000.00,'deposit',214,1,'2026-03-14 11:41:16'),(142,'TXN1773488476224','2025-11-01','Monthly contribution - CHARLES MATHENGE WACHIRA - 0 2025','CASH','MEMBER_DEPOSITS',1000.00,'deposit',215,1,'2026-03-14 11:41:16'),(143,'TXN1773488476651','2025-12-01','Monthly contribution - CHARLES MATHENGE WACHIRA - 0 2025','CASH','MEMBER_DEPOSITS',1000.00,'deposit',216,1,'2026-03-14 11:41:16'),(144,'TXN1773488476594','2025-03-01','Monthly contribution - EDWARD N. KANYONJI - 0 2025','CASH','MEMBER_DEPOSITS',1000.00,'deposit',217,1,'2026-03-14 11:41:16'),(145,'TXN1773488476462','2025-04-01','Monthly contribution - EDWARD N. KANYONJI - 0 2025','CASH','MEMBER_DEPOSITS',1000.00,'deposit',218,1,'2026-03-14 11:41:16'),(146,'TXN1773488476182','2025-06-01','Monthly contribution - EDWARD N. KANYONJI - 0 2025','CASH','MEMBER_DEPOSITS',1000.00,'deposit',219,1,'2026-03-14 11:41:16'),(147,'TXN1773488476164','2025-08-01','Monthly contribution - EDWARD N. KANYONJI - 0 2025','CASH','MEMBER_DEPOSITS',1000.00,'deposit',220,1,'2026-03-14 11:41:16'),(148,'TXN1773488476661','2025-11-01','Monthly contribution - EDWARD N. KANYONJI - 0 2025','CASH','MEMBER_DEPOSITS',1000.00,'deposit',221,1,'2026-03-14 11:41:16'),(149,'TXN1773488476522','2025-01-01','Monthly contribution - MUSA MUCHAI - 0 2025','CASH','MEMBER_DEPOSITS',10000.00,'deposit',222,1,'2026-03-14 11:41:16'),(150,'TXN1773488476449','2025-02-01','Monthly contribution - MUSA MUCHAI - 0 2025','CASH','MEMBER_DEPOSITS',6000.00,'deposit',223,1,'2026-03-14 11:41:16'),(151,'TXN1773488476227','2025-03-01','Monthly contribution - MUSA MUCHAI - 0 2025','CASH','MEMBER_DEPOSITS',2000.00,'deposit',224,1,'2026-03-14 11:41:16'),(152,'TXN1773488476400','2025-04-01','Monthly contribution - MUSA MUCHAI - 0 2025','CASH','MEMBER_DEPOSITS',4000.00,'deposit',225,1,'2026-03-14 11:41:16'),(153,'TXN1773488476530','2025-05-01','Monthly contribution - MUSA MUCHAI - 0 2025','CASH','MEMBER_DEPOSITS',2000.00,'deposit',226,1,'2026-03-14 11:41:16'),(154,'TXN1773488476113','2025-06-01','Monthly contribution - MUSA MUCHAI - 0 2025','CASH','MEMBER_DEPOSITS',5000.00,'deposit',227,1,'2026-03-14 11:41:16'),(155,'TXN1773488476460','2025-07-01','Monthly contribution - MUSA MUCHAI - 0 2025','CASH','MEMBER_DEPOSITS',1000.00,'deposit',228,1,'2026-03-14 11:41:16'),(156,'TXN1773488476799','2025-09-01','Monthly contribution - MUSA MUCHAI - 0 2025','CASH','MEMBER_DEPOSITS',1000.00,'deposit',229,1,'2026-03-14 11:41:16'),(157,'TXN1773488476816','2025-10-01','Monthly contribution - MUSA MUCHAI - 0 2025','CASH','MEMBER_DEPOSITS',1000.00,'deposit',230,1,'2026-03-14 11:41:16'),(158,'TXN1773488476956','2025-11-01','Monthly contribution - MUSA MUCHAI - 0 2025','CASH','MEMBER_DEPOSITS',4500.00,'deposit',231,1,'2026-03-14 11:41:16'),(159,'TXN1773488476260','2025-02-01','Monthly contribution - KELLEN MUTHONI MBAE - 0 2025','CASH','MEMBER_DEPOSITS',1000.00,'deposit',232,1,'2026-03-14 11:41:16'),(160,'TXN1773488476703','2025-05-01','Monthly contribution - KELLEN MUTHONI MBAE - 0 2025','CASH','MEMBER_DEPOSITS',1000.00,'deposit',233,1,'2026-03-14 11:41:16'),(161,'TXN1773488476647','2025-06-01','Monthly contribution - KELLEN MUTHONI MBAE - 0 2025','CASH','MEMBER_DEPOSITS',4580.00,'deposit',234,1,'2026-03-14 11:41:16'),(162,'TXN1773488476277','2025-08-01','Monthly contribution - KELLEN MUTHONI MBAE - 0 2025','CASH','MEMBER_DEPOSITS',1000.00,'deposit',235,1,'2026-03-14 11:41:16'),(163,'TXN1773488476792','2025-09-01','Monthly contribution - KELLEN MUTHONI MBAE - 0 2025','CASH','MEMBER_DEPOSITS',2000.00,'deposit',236,1,'2026-03-14 11:41:16'),(164,'TXN1773488476796','2025-10-01','Monthly contribution - KELLEN MUTHONI MBAE - 0 2025','CASH','MEMBER_DEPOSITS',1000.00,'deposit',237,1,'2026-03-14 11:41:16'),(165,'TXN1773488476334','2025-12-01','Monthly contribution - KELLEN MUTHONI MBAE - 0 2025','CASH','MEMBER_DEPOSITS',1000.00,'deposit',238,1,'2026-03-14 11:41:16'),(167,'TXN1773488476938','2025-02-01','Monthly contribution - MARY NJERI NJOROGE - 0 2025','CASH','MEMBER_DEPOSITS',1000.00,'deposit',240,1,'2026-03-14 11:41:16'),(168,'TXN1773488476144','2025-03-01','Monthly contribution - MARY NJERI NJOROGE - 0 2025','CASH','MEMBER_DEPOSITS',1000.00,'deposit',241,1,'2026-03-14 11:41:16'),(170,'TXN1773488476618','2025-05-01','Monthly contribution - MARY NJERI NJOROGE - 0 2025','CASH','MEMBER_DEPOSITS',1000.00,'deposit',243,1,'2026-03-14 11:41:16'),(171,'TXN1773488476607','2025-06-01','Monthly contribution - MARY NJERI NJOROGE - 0 2025','CASH','MEMBER_DEPOSITS',1000.00,'deposit',244,1,'2026-03-14 11:41:16'),(173,'TXN1773488476615','2025-09-01','Monthly contribution - MARY NJERI NJOROGE - 0 2025','CASH','MEMBER_DEPOSITS',1000.00,'deposit',246,1,'2026-03-14 11:41:16'),(174,'TXN1773488476975','2025-11-01','Monthly contribution - MARY NJERI NJOROGE - 0 2025','CASH','MEMBER_DEPOSITS',1000.00,'deposit',247,1,'2026-03-14 11:41:16'),(176,'TXN1773488476706','2025-01-01','Monthly contribution - MARGARET KAMAU - 0 2025','CASH','MEMBER_DEPOSITS',1000.00,'deposit',249,1,'2026-03-14 11:41:16'),(177,'TXN1773488476273','2025-02-01','Monthly contribution - MARGARET KAMAU - 0 2025','CASH','MEMBER_DEPOSITS',1000.00,'deposit',250,1,'2026-03-14 11:41:16'),(178,'TXN1773488476898','2025-05-01','Monthly contribution - MARGARET KAMAU - 0 2025','CASH','MEMBER_DEPOSITS',2000.00,'deposit',251,1,'2026-03-14 11:41:16'),(179,'TXN1773488476722','2025-06-01','Monthly contribution - MARGARET KAMAU - 0 2025','CASH','MEMBER_DEPOSITS',1000.00,'deposit',252,1,'2026-03-14 11:41:16'),(180,'TXN1773488476834','2025-07-01','Monthly contribution - MARGARET KAMAU - 0 2025','CASH','MEMBER_DEPOSITS',1000.00,'deposit',253,1,'2026-03-14 11:41:16'),(181,'TXN1773488476357','2025-08-01','Monthly contribution - MARGARET KAMAU - 0 2025','CASH','MEMBER_DEPOSITS',2000.00,'deposit',254,1,'2026-03-14 11:41:16'),(182,'TXN1773488476285','2025-09-01','Monthly contribution - MARGARET KAMAU - 0 2025','CASH','MEMBER_DEPOSITS',1000.00,'deposit',255,1,'2026-03-14 11:41:16'),(183,'TXN1773488476633','2025-10-01','Monthly contribution - MARGARET KAMAU - 0 2025','CASH','MEMBER_DEPOSITS',1000.00,'deposit',256,1,'2026-03-14 11:41:16'),(184,'TXN1773488476120','2025-12-01','Monthly contribution - MARGARET KAMAU - 0 2025','CASH','MEMBER_DEPOSITS',2000.00,'deposit',257,1,'2026-03-14 11:41:16'),(185,'TXN1773488476117','2025-04-01','Monthly contribution - GEOFFREY NGANGA - 0 2025','CASH','MEMBER_DEPOSITS',2850.00,'deposit',258,1,'2026-03-14 11:41:16'),(186,'TXN1773488476226','2025-01-01','Monthly contribution - LAWRENCE NDERITU - 0 2025','CASH','MEMBER_DEPOSITS',5000.00,'deposit',259,1,'2026-03-14 11:41:16'),(187,'TXN1773488476165','2025-02-01','Monthly contribution - LAWRENCE NDERITU - 0 2025','CASH','MEMBER_DEPOSITS',5000.00,'deposit',260,1,'2026-03-14 11:41:16'),(189,'TXN1773488476973','2025-05-01','Monthly contribution - LAWRENCE NDERITU - 0 2025','CASH','MEMBER_DEPOSITS',5000.00,'deposit',262,1,'2026-03-14 11:41:16'),(190,'TXN1773488476210','2025-06-01','Monthly contribution - LAWRENCE NDERITU - 0 2025','CASH','MEMBER_DEPOSITS',5000.00,'deposit',263,1,'2026-03-14 11:41:16'),(191,'TXN1773488476696','2025-07-01','Monthly contribution - LAWRENCE NDERITU - 0 2025','CASH','MEMBER_DEPOSITS',3000.00,'deposit',264,1,'2026-03-14 11:41:16'),(192,'TXN1773488476378','2025-08-01','Monthly contribution - LAWRENCE NDERITU - 0 2025','CASH','MEMBER_DEPOSITS',1000.00,'deposit',265,1,'2026-03-14 11:41:16'),(193,'TXN1773488476399','2025-09-01','Monthly contribution - LAWRENCE NDERITU - 0 2025','CASH','MEMBER_DEPOSITS',1000.00,'deposit',266,1,'2026-03-14 11:41:16'),(194,'TXN1773488476768','2025-10-01','Monthly contribution - LAWRENCE NDERITU - 0 2025','CASH','MEMBER_DEPOSITS',3000.00,'deposit',267,1,'2026-03-14 11:41:16'),(195,'TXN1773488476625','2025-11-01','Monthly contribution - LAWRENCE NDERITU - 0 2025','CASH','MEMBER_DEPOSITS',5000.00,'deposit',268,1,'2026-03-14 11:41:16'),(196,'TXN1773488476805','2025-12-01','Monthly contribution - LAWRENCE NDERITU - 0 2025','CASH','MEMBER_DEPOSITS',4500.00,'deposit',269,1,'2026-03-14 11:41:16'),(198,'TXN1773488476178','2025-02-01','Monthly contribution - JANE WANGECHI MUTURI - 0 2025','CASH','MEMBER_DEPOSITS',1000.00,'deposit',271,1,'2026-03-14 11:41:16'),(199,'TXN1773488476853','2025-03-01','Monthly contribution - JANE WANGECHI MUTURI - 0 2025','CASH','MEMBER_DEPOSITS',1000.00,'deposit',272,1,'2026-03-14 11:41:16'),(200,'TXN1773488476291','2025-04-01','Monthly contribution - JANE WANGECHI MUTURI - 0 2025','CASH','MEMBER_DEPOSITS',1000.00,'deposit',273,1,'2026-03-14 11:41:16'),(201,'TXN1773488476616','2025-05-01','Monthly contribution - JANE WANGECHI MUTURI - 0 2025','CASH','MEMBER_DEPOSITS',1000.00,'deposit',274,1,'2026-03-14 11:41:16'),(202,'TXN1773488476420','2025-06-01','Monthly contribution - JANE WANGECHI MUTURI - 0 2025','CASH','MEMBER_DEPOSITS',3000.00,'deposit',275,1,'2026-03-14 11:41:16'),(203,'TXN1773488476749','2025-07-01','Monthly contribution - JANE WANGECHI MUTURI - 0 2025','CASH','MEMBER_DEPOSITS',1000.00,'deposit',276,1,'2026-03-14 11:41:16'),(204,'TXN1773488476534','2025-08-01','Monthly contribution - JANE WANGECHI MUTURI - 0 2025','CASH','MEMBER_DEPOSITS',1000.00,'deposit',277,1,'2026-03-14 11:41:16'),(205,'TXN1773488476849','2025-09-01','Monthly contribution - JANE WANGECHI MUTURI - 0 2025','CASH','MEMBER_DEPOSITS',2000.00,'deposit',278,1,'2026-03-14 11:41:16'),(206,'TXN1773488476365','2025-10-01','Monthly contribution - JANE WANGECHI MUTURI - 0 2025','CASH','MEMBER_DEPOSITS',1000.00,'deposit',279,1,'2026-03-14 11:41:16'),(207,'TXN1773488476777','2025-11-01','Monthly contribution - JANE WANGECHI MUTURI - 0 2025','CASH','MEMBER_DEPOSITS',1000.00,'deposit',280,1,'2026-03-14 11:41:16'),(209,'TXN1773488476982','2025-01-01','Monthly contribution - JOSEPH KIHUNYU MAINA - 0 2025','CASH','MEMBER_DEPOSITS',2000.00,'deposit',282,1,'2026-03-14 11:41:16'),(210,'TXN1773488476316','2025-02-01','Monthly contribution - JOSEPH KIHUNYU MAINA - 0 2025','CASH','MEMBER_DEPOSITS',2000.00,'deposit',283,1,'2026-03-14 11:41:16'),(211,'TXN1773488476424','2025-04-01','Monthly contribution - JOSEPH KIHUNYU MAINA - 0 2025','CASH','MEMBER_DEPOSITS',4000.00,'deposit',284,1,'2026-03-14 11:41:16'),(212,'TXN1773488476481','2025-05-01','Monthly contribution - JOSEPH KIHUNYU MAINA - 0 2025','CASH','MEMBER_DEPOSITS',2000.00,'deposit',285,1,'2026-03-14 11:41:16'),(213,'TXN1773488476621','2025-06-01','Monthly contribution - JOSEPH KIHUNYU MAINA - 0 2025','CASH','MEMBER_DEPOSITS',2000.00,'deposit',286,1,'2026-03-14 11:41:16'),(216,'TXN1773488476243','2025-09-01','Monthly contribution - JOSEPH KIHUNYU MAINA - 0 2025','CASH','MEMBER_DEPOSITS',2000.00,'deposit',289,1,'2026-03-14 11:41:16'),(218,'TXN1773488476750','2025-11-01','Monthly contribution - JOSEPH KIHUNYU MAINA - 0 2025','CASH','MEMBER_DEPOSITS',2104.00,'deposit',291,1,'2026-03-14 11:41:16'),(220,'TXN1773488476480','2025-01-01','Monthly contribution - JOYCE WARINGA GITUKIA - 0 2025','CASH','MEMBER_DEPOSITS',3000.00,'deposit',293,1,'2026-03-14 11:41:16'),(222,'TXN1773488476947','2025-04-01','Monthly contribution - JOYCE WARINGA GITUKIA - 0 2025','CASH','MEMBER_DEPOSITS',3000.00,'deposit',295,1,'2026-03-14 11:41:16'),(223,'TXN1773488476876','2025-05-01','Monthly contribution - JOYCE WARINGA GITUKIA - 0 2025','CASH','MEMBER_DEPOSITS',5000.00,'deposit',296,1,'2026-03-14 11:41:16'),(225,'TXN1773488476392','2025-08-01','Monthly contribution - JOYCE WARINGA GITUKIA - 0 2025','CASH','MEMBER_DEPOSITS',6000.00,'deposit',298,1,'2026-03-14 11:41:16'),(227,'TXN1773488476246','2025-11-01','Monthly contribution - JOYCE WARINGA GITUKIA - 0 2025','CASH','MEMBER_DEPOSITS',6000.00,'deposit',300,1,'2026-03-14 11:41:16'),(228,'TXN1773488476582','2025-12-01','Monthly contribution - JOYCE WARINGA GITUKIA - 0 2025','CASH','MEMBER_DEPOSITS',6000.00,'deposit',301,1,'2026-03-14 11:41:16'),(229,'TXN1773488476931','2025-01-01','Monthly contribution - GRACE WANJIKU MAHUGU - 0 2025','CASH','MEMBER_DEPOSITS',1000.00,'deposit',302,1,'2026-03-14 11:41:16'),(230,'TXN1773488476494','2025-02-01','Monthly contribution - GRACE WANJIKU MAHUGU - 0 2025','CASH','MEMBER_DEPOSITS',1000.00,'deposit',303,1,'2026-03-14 11:41:16'),(231,'TXN1773488476536','2025-03-01','Monthly contribution - GRACE WANJIKU MAHUGU - 0 2025','CASH','MEMBER_DEPOSITS',1000.00,'deposit',304,1,'2026-03-14 11:41:16'),(232,'TXN1773488476138','2025-04-01','Monthly contribution - GRACE WANJIKU MAHUGU - 0 2025','CASH','MEMBER_DEPOSITS',1000.00,'deposit',305,1,'2026-03-14 11:41:16'),(233,'TXN1773488476797','2025-06-01','Monthly contribution - GRACE WANJIKU MAHUGU - 0 2025','CASH','MEMBER_DEPOSITS',1000.00,'deposit',306,1,'2026-03-14 11:41:16'),(236,'TXN1773488476721','2025-10-01','Monthly contribution - GRACE WANJIKU MAHUGU - 0 2025','CASH','MEMBER_DEPOSITS',1000.00,'deposit',309,1,'2026-03-14 11:41:16'),(238,'TXN1773488476107','2025-04-01','Monthly contribution - MARGARET WANJIRU KAMAU - 0 2025','CASH','MEMBER_DEPOSITS',4000.00,'deposit',311,1,'2026-03-14 11:41:16'),(240,'TXN1773488476428','2025-09-01','Monthly contribution - MARGARET WANJIRU KAMAU - 0 2025','CASH','MEMBER_DEPOSITS',4000.00,'deposit',313,1,'2026-03-14 11:41:16'),(241,'TXN1773488476814','2025-10-01','Monthly contribution - MARGARET WANJIRU KAMAU - 0 2025','CASH','MEMBER_DEPOSITS',1000.00,'deposit',314,1,'2026-03-14 11:41:16'),(242,'TXN1773488476370','2025-01-01','Monthly contribution - ALEX WAHOME NDIRANGU - 0 2025','CASH','MEMBER_DEPOSITS',3000.00,'deposit',315,1,'2026-03-14 11:41:16'),(243,'TXN1773488476691','2025-02-01','Monthly contribution - ALEX WAHOME NDIRANGU - 0 2025','CASH','MEMBER_DEPOSITS',3000.00,'deposit',316,1,'2026-03-14 11:41:16'),(244,'TXN1773488476754','2025-03-01','Monthly contribution - ALEX WAHOME NDIRANGU - 0 2025','CASH','MEMBER_DEPOSITS',3000.00,'deposit',317,1,'2026-03-14 11:41:16'),(245,'TXN1773488476867','2025-04-01','Monthly contribution - ALEX WAHOME NDIRANGU - 0 2025','CASH','MEMBER_DEPOSITS',3000.00,'deposit',318,1,'2026-03-14 11:41:16'),(246,'TXN1773488476637','2025-05-01','Monthly contribution - ALEX WAHOME NDIRANGU - 0 2025','CASH','MEMBER_DEPOSITS',3000.00,'deposit',319,1,'2026-03-14 11:41:16'),(248,'TXN1773488476858','2025-07-01','Monthly contribution - ALEX WAHOME NDIRANGU - 0 2025','CASH','MEMBER_DEPOSITS',3000.00,'deposit',321,1,'2026-03-14 11:41:16'),(249,'TXN1773488476824','2025-08-01','Monthly contribution - ALEX WAHOME NDIRANGU - 0 2025','CASH','MEMBER_DEPOSITS',5000.00,'deposit',322,1,'2026-03-14 11:41:16'),(251,'TXN1773488476902','2025-10-01','Monthly contribution - ALEX WAHOME NDIRANGU - 0 2025','CASH','MEMBER_DEPOSITS',5000.00,'deposit',324,1,'2026-03-14 11:41:16'),(253,'TXN1773488476943','2025-12-01','Monthly contribution - ALEX WAHOME NDIRANGU - 0 2025','CASH','MEMBER_DEPOSITS',5000.00,'deposit',326,1,'2026-03-14 11:41:16'),(254,'TXN1773488476591','2025-01-01','Monthly contribution - JAMES MUNENE MIRITI - 0 2025','CASH','MEMBER_DEPOSITS',5000.00,'deposit',327,1,'2026-03-14 11:41:16'),(255,'TXN1773488476877','2025-02-01','Monthly contribution - JAMES MUNENE MIRITI - 0 2025','CASH','MEMBER_DEPOSITS',5000.00,'deposit',328,1,'2026-03-14 11:41:16'),(256,'TXN1773488476455','2025-03-01','Monthly contribution - JAMES MUNENE MIRITI - 0 2025','CASH','MEMBER_DEPOSITS',5000.00,'deposit',329,1,'2026-03-14 11:41:16'),(257,'TXN1773488476737','2025-04-01','Monthly contribution - JAMES MUNENE MIRITI - 0 2025','CASH','MEMBER_DEPOSITS',5000.00,'deposit',330,1,'2026-03-14 11:41:16'),(258,'TXN1773488476841','2025-05-01','Monthly contribution - JAMES MUNENE MIRITI - 0 2025','CASH','MEMBER_DEPOSITS',5000.00,'deposit',331,1,'2026-03-14 11:41:16'),(260,'TXN1773488476839','2025-07-01','Monthly contribution - JAMES MUNENE MIRITI - 0 2025','CASH','MEMBER_DEPOSITS',5000.00,'deposit',333,1,'2026-03-14 11:41:16'),(261,'TXN1773488476367','2025-08-01','Monthly contribution - JAMES MUNENE MIRITI - 0 2025','CASH','MEMBER_DEPOSITS',5000.00,'deposit',334,1,'2026-03-14 11:41:16'),(262,'TXN1773488477260','2025-09-01','Monthly contribution - JAMES MUNENE MIRITI - 0 2025','CASH','MEMBER_DEPOSITS',5000.00,'deposit',335,1,'2026-03-14 11:41:17'),(263,'TXN1773488477340','2025-10-01','Monthly contribution - JAMES MUNENE MIRITI - 0 2025','CASH','MEMBER_DEPOSITS',5000.00,'deposit',336,1,'2026-03-14 11:41:17'),(264,'TXN1773488477592','2025-11-01','Monthly contribution - JAMES MUNENE MIRITI - 0 2025','CASH','MEMBER_DEPOSITS',5000.00,'deposit',337,1,'2026-03-14 11:41:17'),(265,'TXN1773488477462','2025-12-01','Monthly contribution - JAMES MUNENE MIRITI - 0 2025','CASH','MEMBER_DEPOSITS',5000.00,'deposit',338,1,'2026-03-14 11:41:17'),(266,'TXN1773488477868','2025-04-01','Monthly contribution - CATHERINE WANJOHI - 0 2025','CASH','MEMBER_DEPOSITS',1000.00,'deposit',339,1,'2026-03-14 11:41:17'),(267,'TXN1773488477973','2025-10-01','Monthly contribution - CATHERINE WANJOHI - 0 2025','CASH','MEMBER_DEPOSITS',1000.00,'deposit',340,1,'2026-03-14 11:41:17'),(268,'TXN1773488477760','2025-01-01','Monthly contribution - MERCY WANJIRU KAMAU - 0 2025','CASH','MEMBER_DEPOSITS',400.00,'deposit',341,1,'2026-03-14 11:41:17'),(269,'TXN1773488477125','2025-02-01','Monthly contribution - MERCY WANJIRU KAMAU - 0 2025','CASH','MEMBER_DEPOSITS',1000.00,'deposit',342,1,'2026-03-14 11:41:17'),(270,'TXN1773488477848','2025-03-01','Monthly contribution - MERCY WANJIRU KAMAU - 0 2025','CASH','MEMBER_DEPOSITS',1000.00,'deposit',343,1,'2026-03-14 11:41:17'),(271,'TXN1773488477969','2025-04-01','Monthly contribution - MERCY WANJIRU KAMAU - 0 2025','CASH','MEMBER_DEPOSITS',1000.00,'deposit',344,1,'2026-03-14 11:41:17'),(272,'TXN1773488477201','2025-07-01','Monthly contribution - MERCY WANJIRU KAMAU - 0 2025','CASH','MEMBER_DEPOSITS',1000.00,'deposit',345,1,'2026-03-14 11:41:17'),(273,'TXN1773488477410','2025-08-01','Monthly contribution - MERCY WANJIRU KAMAU - 0 2025','CASH','MEMBER_DEPOSITS',1000.00,'deposit',346,1,'2026-03-14 11:41:17'),(274,'TXN1773488477612','2025-09-01','Monthly contribution - MERCY WANJIRU KAMAU - 0 2025','CASH','MEMBER_DEPOSITS',1000.00,'deposit',347,1,'2026-03-14 11:41:17'),(275,'TXN1773488477718','2025-10-01','Monthly contribution - MERCY WANJIRU KAMAU - 0 2025','CASH','MEMBER_DEPOSITS',1000.00,'deposit',348,1,'2026-03-14 11:41:17'),(276,'TXN1773488477139','2025-11-01','Monthly contribution - MERCY WANJIRU KAMAU - 0 2025','CASH','MEMBER_DEPOSITS',1000.00,'deposit',349,1,'2026-03-14 11:41:17'),(277,'TXN1773488477367','2025-12-01','Monthly contribution - MERCY WANJIRU KAMAU - 0 2025','CASH','MEMBER_DEPOSITS',1000.00,'deposit',350,1,'2026-03-14 11:41:17'),(278,'TXN1773488477894','2025-01-01','Monthly contribution - EUNICE NJAMBI KAMAU - 0 2025','CASH','MEMBER_DEPOSITS',2000.00,'deposit',351,1,'2026-03-14 11:41:17'),(280,'TXN1773488477882','2025-03-01','Monthly contribution - EUNICE NJAMBI KAMAU - 0 2025','CASH','MEMBER_DEPOSITS',2000.00,'deposit',353,1,'2026-03-14 11:41:17'),(282,'TXN1773488477512','2025-05-01','Monthly contribution - EUNICE NJAMBI KAMAU - 0 2025','CASH','MEMBER_DEPOSITS',3000.00,'deposit',355,1,'2026-03-14 11:41:17'),(283,'TXN1773488477427','2025-06-01','Monthly contribution - EUNICE NJAMBI KAMAU - 0 2025','CASH','MEMBER_DEPOSITS',3000.00,'deposit',356,1,'2026-03-14 11:41:17'),(284,'TXN1773488477258','2025-07-01','Monthly contribution - EUNICE NJAMBI KAMAU - 0 2025','CASH','MEMBER_DEPOSITS',3000.00,'deposit',357,1,'2026-03-14 11:41:17'),(285,'TXN1773488477679','2025-08-01','Monthly contribution - EUNICE NJAMBI KAMAU - 0 2025','CASH','MEMBER_DEPOSITS',3000.00,'deposit',358,1,'2026-03-14 11:41:17'),(286,'TXN1773488477433','2025-09-01','Monthly contribution - EUNICE NJAMBI KAMAU - 0 2025','CASH','MEMBER_DEPOSITS',3000.00,'deposit',359,1,'2026-03-14 11:41:17'),(287,'TXN1773488477321','2025-10-01','Monthly contribution - EUNICE NJAMBI KAMAU - 0 2025','CASH','MEMBER_DEPOSITS',3000.00,'deposit',360,1,'2026-03-14 11:41:17'),(288,'TXN1773488477168','2025-11-01','Monthly contribution - EUNICE NJAMBI KAMAU - 0 2025','CASH','MEMBER_DEPOSITS',3000.00,'deposit',361,1,'2026-03-14 11:41:17'),(289,'TXN1773488477650','2025-12-01','Monthly contribution - EUNICE NJAMBI KAMAU - 0 2025','CASH','MEMBER_DEPOSITS',3000.00,'deposit',362,1,'2026-03-14 11:41:17'),(290,'TXN1773488477879','2025-01-01','Monthly contribution - MARY WACHEKE MWARI - 0 2025','CASH','MEMBER_DEPOSITS',2000.00,'deposit',363,1,'2026-03-14 11:41:17'),(291,'TXN1773488477471','2025-02-01','Monthly contribution - MARY WACHEKE MWARI - 0 2025','CASH','MEMBER_DEPOSITS',2000.00,'deposit',364,1,'2026-03-14 11:41:17'),(292,'TXN1773488477406','2025-03-01','Monthly contribution - MARY WACHEKE MWARI - 0 2025','CASH','MEMBER_DEPOSITS',2000.00,'deposit',365,1,'2026-03-14 11:41:17'),(293,'TXN1773488477178','2025-04-01','Monthly contribution - MARY WACHEKE MWARI - 0 2025','CASH','MEMBER_DEPOSITS',2900.00,'deposit',366,1,'2026-03-14 11:41:17'),(294,'TXN1773488477435','2025-05-01','Monthly contribution - MARY WACHEKE MWARI - 0 2025','CASH','MEMBER_DEPOSITS',2000.00,'deposit',367,1,'2026-03-14 11:41:17'),(295,'TXN1773488477980','2025-06-01','Monthly contribution - MARY WACHEKE MWARI - 0 2025','CASH','MEMBER_DEPOSITS',2000.00,'deposit',368,1,'2026-03-14 11:41:17'),(297,'TXN1773488477549','2025-08-01','Monthly contribution - MARY WACHEKE MWARI - 0 2025','CASH','MEMBER_DEPOSITS',2000.00,'deposit',370,1,'2026-03-14 11:41:17'),(298,'TXN1773488477494','2025-09-01','Monthly contribution - MARY WACHEKE MWARI - 0 2025','CASH','MEMBER_DEPOSITS',2000.00,'deposit',371,1,'2026-03-14 11:41:17'),(299,'TXN1773488477115','2025-10-01','Monthly contribution - MARY WACHEKE MWARI - 0 2025','CASH','MEMBER_DEPOSITS',2000.00,'deposit',372,1,'2026-03-14 11:41:17'),(300,'TXN1773488477245','2025-11-01','Monthly contribution - MARY WACHEKE MWARI - 0 2025','CASH','MEMBER_DEPOSITS',2000.00,'deposit',373,1,'2026-03-14 11:41:17'),(301,'TXN1773488477885','2025-12-01','Monthly contribution - MARY WACHEKE MWARI - 0 2025','CASH','MEMBER_DEPOSITS',2000.00,'deposit',374,1,'2026-03-14 11:41:17'),(302,'TXN1773488477450','2025-01-01','Monthly contribution - ANGELA WANJIRU KAMAU - 0 2025','CASH','MEMBER_DEPOSITS',1000.00,'deposit',375,1,'2026-03-14 11:41:17'),(304,'TXN1773488477418','2025-03-01','Monthly contribution - ANGELA WANJIRU KAMAU - 0 2025','CASH','MEMBER_DEPOSITS',1000.00,'deposit',377,1,'2026-03-14 11:41:17'),(305,'TXN1773488477766','2025-04-01','Monthly contribution - ANGELA WANJIRU KAMAU - 0 2025','CASH','MEMBER_DEPOSITS',1000.00,'deposit',378,1,'2026-03-14 11:41:17'),(306,'TXN1773488477213','2025-05-01','Monthly contribution - ANGELA WANJIRU KAMAU - 0 2025','CASH','MEMBER_DEPOSITS',1000.00,'deposit',379,1,'2026-03-14 11:41:17'),(307,'TXN1773488477945','2025-06-01','Monthly contribution - ANGELA WANJIRU KAMAU - 0 2025','CASH','MEMBER_DEPOSITS',1000.00,'deposit',380,1,'2026-03-14 11:41:17'),(308,'TXN1773488477590','2025-07-01','Monthly contribution - ANGELA WANJIRU KAMAU - 0 2025','CASH','MEMBER_DEPOSITS',1000.00,'deposit',381,1,'2026-03-14 11:41:17'),(309,'TXN1773488477343','2025-08-01','Monthly contribution - ANGELA WANJIRU KAMAU - 0 2025','CASH','MEMBER_DEPOSITS',1000.00,'deposit',382,1,'2026-03-14 11:41:17'),(310,'TXN1773488477457','2025-09-01','Monthly contribution - ANGELA WANJIRU KAMAU - 0 2025','CASH','MEMBER_DEPOSITS',1000.00,'deposit',383,1,'2026-03-14 11:41:17'),(311,'TXN1773488477677','2025-10-01','Monthly contribution - ANGELA WANJIRU KAMAU - 0 2025','CASH','MEMBER_DEPOSITS',1000.00,'deposit',384,1,'2026-03-14 11:41:17'),(312,'TXN1773488477204','2025-11-01','Monthly contribution - ANGELA WANJIRU KAMAU - 0 2025','CASH','MEMBER_DEPOSITS',1000.00,'deposit',385,1,'2026-03-14 11:41:17'),(313,'TXN1773488477789','2025-12-01','Monthly contribution - ANGELA WANJIRU KAMAU - 0 2025','CASH','MEMBER_DEPOSITS',1000.00,'deposit',386,1,'2026-03-14 11:41:17'),(314,'TXN1773488477358','2025-07-01','Monthly contribution - EUNICE WANJA WAIGANJO - 0 2025','CASH','MEMBER_DEPOSITS',1000.00,'deposit',387,1,'2026-03-14 11:41:17'),(315,'TXN1773488477698','2025-08-01','Monthly contribution - EUNICE WANJA WAIGANJO - 0 2025','CASH','MEMBER_DEPOSITS',1000.00,'deposit',388,1,'2026-03-14 11:41:17'),(316,'TXN1773488477615','2025-09-01','Monthly contribution - EUNICE WANJA WAIGANJO - 0 2025','CASH','MEMBER_DEPOSITS',1000.00,'deposit',389,1,'2026-03-14 11:41:17'),(317,'TXN1773488477513','2025-11-01','Monthly contribution - EUNICE WANJA WAIGANJO - 0 2025','CASH','MEMBER_DEPOSITS',1000.00,'deposit',390,1,'2026-03-14 11:41:17'),(318,'TXN1773488477446','2025-01-01','Monthly contribution - RUTH WANGUI MAINA - 0 2025','CASH','MEMBER_DEPOSITS',3000.00,'deposit',391,1,'2026-03-14 11:41:17'),(319,'TXN1773488477194','2025-02-01','Monthly contribution - RUTH WANGUI MAINA - 0 2025','CASH','MEMBER_DEPOSITS',1000.00,'deposit',392,1,'2026-03-14 11:41:17'),(320,'TXN1773488477758','2025-03-01','Monthly contribution - RUTH WANGUI MAINA - 0 2025','CASH','MEMBER_DEPOSITS',1000.00,'deposit',393,1,'2026-03-14 11:41:17'),(321,'TXN1773488477344','2025-04-01','Monthly contribution - RUTH WANGUI MAINA - 0 2025','CASH','MEMBER_DEPOSITS',1000.00,'deposit',394,1,'2026-03-14 11:41:17'),(322,'TXN1773488477640','2025-05-01','Monthly contribution - RUTH WANGUI MAINA - 0 2025','CASH','MEMBER_DEPOSITS',1000.00,'deposit',395,1,'2026-03-14 11:41:17'),(323,'TXN1773488477683','2025-06-01','Monthly contribution - RUTH WANGUI MAINA - 0 2025','CASH','MEMBER_DEPOSITS',1000.00,'deposit',396,1,'2026-03-14 11:41:17'),(324,'TXN1773488477366','2025-07-01','Monthly contribution - RUTH WANGUI MAINA - 0 2025','CASH','MEMBER_DEPOSITS',1000.00,'deposit',397,1,'2026-03-14 11:41:17'),(325,'TXN1773488477767','2025-08-01','Monthly contribution - RUTH WANGUI MAINA - 0 2025','CASH','MEMBER_DEPOSITS',1000.00,'deposit',398,1,'2026-03-14 11:41:17'),(326,'TXN1773488477813','2025-11-01','Monthly contribution - RUTH WANGUI MAINA - 0 2025','CASH','MEMBER_DEPOSITS',2000.00,'deposit',399,1,'2026-03-14 11:41:17'),(327,'TXN1773488477970','2025-01-01','Monthly contribution - JACKSON NDAGURI KAMAU - 0 2025','CASH','MEMBER_DEPOSITS',1000.00,'deposit',400,1,'2026-03-14 11:41:17'),(328,'TXN1773488477468','2025-04-01','Monthly contribution - JACKSON NDAGURI KAMAU - 0 2025','CASH','MEMBER_DEPOSITS',1000.00,'deposit',401,1,'2026-03-14 11:41:17'),(329,'TXN1773488477937','2025-06-01','Monthly contribution - JACKSON NDAGURI KAMAU - 0 2025','CASH','MEMBER_DEPOSITS',2552.00,'deposit',402,1,'2026-03-14 11:41:17'),(330,'TXN1773488477979','2025-09-01','Monthly contribution - JACKSON NDAGURI KAMAU - 0 2025','CASH','MEMBER_DEPOSITS',4000.00,'deposit',403,1,'2026-03-14 11:41:17'),(331,'TXN1773488477324','2025-02-01','Monthly contribution - FLORENCE WAIRIMU WAROTHE - 0 2025','CASH','MEMBER_DEPOSITS',1000.00,'deposit',404,1,'2026-03-14 11:41:17'),(332,'TXN1773488477524','2025-04-01','Monthly contribution - FLORENCE WAIRIMU WAROTHE - 0 2025','CASH','MEMBER_DEPOSITS',1000.00,'deposit',405,1,'2026-03-14 11:41:17'),(333,'TXN1773488477172','2025-05-01','Monthly contribution - FLORENCE WAIRIMU WAROTHE - 0 2025','CASH','MEMBER_DEPOSITS',1000.00,'deposit',406,1,'2026-03-14 11:41:17'),(334,'TXN1773488477687','2025-06-01','Monthly contribution - FLORENCE WAIRIMU WAROTHE - 0 2025','CASH','MEMBER_DEPOSITS',1000.00,'deposit',407,1,'2026-03-14 11:41:17'),(335,'TXN1773488477700','2025-07-01','Monthly contribution - FLORENCE WAIRIMU WAROTHE - 0 2025','CASH','MEMBER_DEPOSITS',1000.00,'deposit',408,1,'2026-03-14 11:41:17'),(336,'TXN1773488477124','2025-08-01','Monthly contribution - FLORENCE WAIRIMU WAROTHE - 0 2025','CASH','MEMBER_DEPOSITS',1000.00,'deposit',409,1,'2026-03-14 11:41:17'),(337,'TXN1773488477716','2025-09-01','Monthly contribution - FLORENCE WAIRIMU WAROTHE - 0 2025','CASH','MEMBER_DEPOSITS',1000.00,'deposit',410,1,'2026-03-14 11:41:17'),(339,'TXN1773488477165','2025-12-01','Monthly contribution - FLORENCE WAIRIMU WAROTHE - 0 2025','CASH','MEMBER_DEPOSITS',1000.00,'deposit',412,1,'2026-03-14 11:41:17'),(340,'TXN1773488477607','2025-01-01','Monthly contribution - CATHERINE NJERI NJAGI - 0 2025','CASH','MEMBER_DEPOSITS',1000.00,'deposit',413,1,'2026-03-14 11:41:17'),(341,'TXN1773488477697','2025-02-01','Monthly contribution - CATHERINE NJERI NJAGI - 0 2025','CASH','MEMBER_DEPOSITS',1000.00,'deposit',414,1,'2026-03-14 11:41:17'),(342,'TXN1773488477318','2025-03-01','Monthly contribution - CATHERINE NJERI NJAGI - 0 2025','CASH','MEMBER_DEPOSITS',1000.00,'deposit',415,1,'2026-03-14 11:41:17'),(344,'TXN1773488477887','2025-05-01','Monthly contribution - CATHERINE NJERI NJAGI - 0 2025','CASH','MEMBER_DEPOSITS',1000.00,'deposit',417,1,'2026-03-14 11:41:17'),(345,'TXN1773488477355','2025-06-01','Monthly contribution - CATHERINE NJERI NJAGI - 0 2025','CASH','MEMBER_DEPOSITS',1000.00,'deposit',418,1,'2026-03-14 11:41:17'),(346,'TXN1773488477949','2025-07-01','Monthly contribution - CATHERINE NJERI NJAGI - 0 2025','CASH','MEMBER_DEPOSITS',1000.00,'deposit',419,1,'2026-03-14 11:41:17'),(347,'TXN1773488477373','2025-08-01','Monthly contribution - CATHERINE NJERI NJAGI - 0 2025','CASH','MEMBER_DEPOSITS',1000.00,'deposit',420,1,'2026-03-14 11:41:17'),(348,'TXN1773488477425','2025-09-01','Monthly contribution - CATHERINE NJERI NJAGI - 0 2025','CASH','MEMBER_DEPOSITS',1000.00,'deposit',421,1,'2026-03-14 11:41:17'),(349,'TXN1773488477517','2025-10-01','Monthly contribution - CATHERINE NJERI NJAGI - 0 2025','CASH','MEMBER_DEPOSITS',1000.00,'deposit',422,1,'2026-03-14 11:41:17'),(350,'TXN1773488477353','2025-11-01','Monthly contribution - CATHERINE NJERI NJAGI - 0 2025','CASH','MEMBER_DEPOSITS',1000.00,'deposit',423,1,'2026-03-14 11:41:17'),(351,'TXN1773488477173','2025-12-01','Monthly contribution - CATHERINE NJERI NJAGI - 0 2025','CASH','MEMBER_DEPOSITS',1000.00,'deposit',424,1,'2026-03-14 11:41:17'),(352,'TXN1773488477917','2025-01-01','Monthly contribution - LLOYD NJAGI - 0 2025','CASH','MEMBER_DEPOSITS',1000.00,'deposit',425,1,'2026-03-14 11:41:17'),(353,'TXN1773488477641','2025-02-01','Monthly contribution - LLOYD NJAGI - 0 2025','CASH','MEMBER_DEPOSITS',1000.00,'deposit',426,1,'2026-03-14 11:41:17'),(354,'TXN1773488477692','2025-03-01','Monthly contribution - LLOYD NJAGI - 0 2025','CASH','MEMBER_DEPOSITS',1000.00,'deposit',427,1,'2026-03-14 11:41:17'),(355,'TXN1773488477480','2025-04-01','Monthly contribution - LLOYD NJAGI - 0 2025','CASH','MEMBER_DEPOSITS',1000.00,'deposit',428,1,'2026-03-14 11:41:17'),(356,'TXN1773488477719','2025-05-01','Monthly contribution - LLOYD NJAGI - 0 2025','CASH','MEMBER_DEPOSITS',1000.00,'deposit',429,1,'2026-03-14 11:41:17'),(357,'TXN1773488477788','2025-06-01','Monthly contribution - LLOYD NJAGI - 0 2025','CASH','MEMBER_DEPOSITS',1000.00,'deposit',430,1,'2026-03-14 11:41:17'),(358,'TXN1773488477134','2025-07-01','Monthly contribution - LLOYD NJAGI - 0 2025','CASH','MEMBER_DEPOSITS',1000.00,'deposit',431,1,'2026-03-14 11:41:17'),(359,'TXN1773488477765','2025-08-01','Monthly contribution - LLOYD NJAGI - 0 2025','CASH','MEMBER_DEPOSITS',1000.00,'deposit',432,1,'2026-03-14 11:41:17'),(360,'TXN1773488477674','2025-09-01','Monthly contribution - LLOYD NJAGI - 0 2025','CASH','MEMBER_DEPOSITS',1000.00,'deposit',433,1,'2026-03-14 11:41:17'),(361,'TXN1773488477290','2025-10-01','Monthly contribution - LLOYD NJAGI - 0 2025','CASH','MEMBER_DEPOSITS',1000.00,'deposit',434,1,'2026-03-14 11:41:17'),(362,'TXN1773488477495','2025-11-01','Monthly contribution - LLOYD NJAGI - 0 2025','CASH','MEMBER_DEPOSITS',1000.00,'deposit',435,1,'2026-03-14 11:41:17'),(363,'TXN1773488477320','2025-12-01','Monthly contribution - LLOYD NJAGI - 0 2025','CASH','MEMBER_DEPOSITS',1000.00,'deposit',436,1,'2026-03-14 11:41:17'),(364,'TXN1773488477551','2025-01-01','Monthly contribution - JOHN NJOROGE GACHIE - 0 2025','CASH','MEMBER_DEPOSITS',1000.00,'deposit',437,1,'2026-03-14 11:41:17'),(365,'TXN1773488477202','2025-02-01','Monthly contribution - JOHN NJOROGE GACHIE - 0 2025','CASH','MEMBER_DEPOSITS',1000.00,'deposit',438,1,'2026-03-14 11:41:17'),(366,'TXN1773488477595','2025-03-01','Monthly contribution - JOHN NJOROGE GACHIE - 0 2025','CASH','MEMBER_DEPOSITS',1000.00,'deposit',439,1,'2026-03-14 11:41:17'),(367,'TXN1773488477359','2025-04-01','Monthly contribution - JOHN NJOROGE GACHIE - 0 2025','CASH','MEMBER_DEPOSITS',1000.00,'deposit',440,1,'2026-03-14 11:41:17'),(368,'TXN1773488477993','2025-05-01','Monthly contribution - JOHN NJOROGE GACHIE - 0 2025','CASH','MEMBER_DEPOSITS',1000.00,'deposit',441,1,'2026-03-14 11:41:17'),(369,'TXN1773488477708','2025-06-01','Monthly contribution - JOHN NJOROGE GACHIE - 0 2025','CASH','MEMBER_DEPOSITS',1000.00,'deposit',442,1,'2026-03-14 11:41:17'),(371,'TXN1773488477511','2025-08-01','Monthly contribution - JOHN NJOROGE GACHIE - 0 2025','CASH','MEMBER_DEPOSITS',1000.00,'deposit',444,1,'2026-03-14 11:41:17'),(372,'TXN1773488477323','2025-09-01','Monthly contribution - JOHN NJOROGE GACHIE - 0 2025','CASH','MEMBER_DEPOSITS',1000.00,'deposit',445,1,'2026-03-14 11:41:17'),(373,'TXN1773488477477','2025-10-01','Monthly contribution - JOHN NJOROGE GACHIE - 0 2025','CASH','MEMBER_DEPOSITS',1000.00,'deposit',446,1,'2026-03-14 11:41:17'),(375,'TXN1773488477198','2025-12-01','Monthly contribution - JOHN NJOROGE GACHIE - 0 2025','CASH','MEMBER_DEPOSITS',1000.00,'deposit',448,1,'2026-03-14 11:41:17'),(376,'TXN1773488477782','2025-08-01','Monthly contribution - EUNICE NJAMBI RWERIA - 0 2025','CASH','MEMBER_DEPOSITS',1000.00,'deposit',449,1,'2026-03-14 11:41:17'),(380,'TXN1773488477583','2025-03-01','Monthly contribution - JOHN MURIITHI - 0 2025','CASH','MEMBER_DEPOSITS',1000.00,'deposit',453,1,'2026-03-14 11:41:17'),(381,'TXN1773488477157','2025-05-01','Monthly contribution - JOHN MURIITHI - 0 2025','CASH','MEMBER_DEPOSITS',1400.00,'deposit',454,1,'2026-03-14 11:41:17'),(382,'TXN1773488477869','2025-07-01','Monthly contribution - JOHN MURIITHI - 0 2025','CASH','MEMBER_DEPOSITS',3000.00,'deposit',455,1,'2026-03-14 11:41:17'),(383,'TXN1773488477694','2025-08-01','Monthly contribution - JOHN MURIITHI - 0 2025','CASH','MEMBER_DEPOSITS',1000.00,'deposit',456,1,'2026-03-14 11:41:17'),(384,'TXN1773488477292','2025-09-01','Monthly contribution - JOHN MURIITHI - 0 2025','CASH','MEMBER_DEPOSITS',1000.00,'deposit',457,1,'2026-03-14 11:41:17'),(385,'TXN1773488477890','2025-10-01','Monthly contribution - JOHN MURIITHI - 0 2025','CASH','MEMBER_DEPOSITS',1000.00,'deposit',458,1,'2026-03-14 11:41:17'),(386,'TXN1773488477341','2025-11-01','Monthly contribution - JOHN MURIITHI - 0 2025','CASH','MEMBER_DEPOSITS',1000.00,'deposit',459,1,'2026-03-14 11:41:17'),(387,'TXN1773488477892','2025-12-01','Monthly contribution - JOHN MURIITHI - 0 2025','CASH','MEMBER_DEPOSITS',1000.00,'deposit',460,1,'2026-03-14 11:41:17'),(388,'TXN1773488477795','2025-01-01','Monthly contribution - ESTHER NDUTA MWANIKI - 0 2025','CASH','MEMBER_DEPOSITS',1000.00,'deposit',461,1,'2026-03-14 11:41:17'),(389,'TXN1773488477667','2025-02-01','Monthly contribution - ESTHER NDUTA MWANIKI - 0 2025','CASH','MEMBER_DEPOSITS',1000.00,'deposit',462,1,'2026-03-14 11:41:17'),(390,'TXN1773488477205','2025-03-01','Monthly contribution - ESTHER NDUTA MWANIKI - 0 2025','CASH','MEMBER_DEPOSITS',1000.00,'deposit',463,1,'2026-03-14 11:41:17'),(392,'TXN1773488477416','2025-09-01','Monthly contribution - ESTHER NDUTA MWANIKI - 0 2025','CASH','MEMBER_DEPOSITS',1000.00,'deposit',465,1,'2026-03-14 11:41:17'),(393,'TXN1773488477166','2025-01-01','Monthly contribution - BETHSAIDA CHURCH - 0 2025','CASH','MEMBER_DEPOSITS',1000.00,'deposit',466,1,'2026-03-14 11:41:17'),(394,'TXN1773488477105','2025-01-01','Monthly contribution - CECILIA NYAMBURA MACHARIA - 0 2025','CASH','MEMBER_DEPOSITS',1000.00,'deposit',467,1,'2026-03-14 11:41:17'),(395,'TXN1773488477920','2025-02-01','Monthly contribution - CECILIA NYAMBURA MACHARIA - 0 2025','CASH','MEMBER_DEPOSITS',1000.00,'deposit',468,1,'2026-03-14 11:41:17'),(397,'TXN1773488477161','2025-01-01','Monthly contribution - TERESIA NJOKI WAMBUI - 0 2025','CASH','MEMBER_DEPOSITS',2000.00,'deposit',470,1,'2026-03-14 11:41:17'),(398,'TXN1773488477117','2025-02-01','Monthly contribution - TERESIA NJOKI WAMBUI - 0 2025','CASH','MEMBER_DEPOSITS',1000.00,'deposit',471,1,'2026-03-14 11:41:17'),(399,'TXN1773488477109','2025-03-01','Monthly contribution - TERESIA NJOKI WAMBUI - 0 2025','CASH','MEMBER_DEPOSITS',1000.00,'deposit',472,1,'2026-03-14 11:41:17'),(400,'TXN1773488477978','2025-04-01','Monthly contribution - TERESIA NJOKI WAMBUI - 0 2025','CASH','MEMBER_DEPOSITS',1000.00,'deposit',473,1,'2026-03-14 11:41:17'),(401,'TXN1773488477398','2025-05-01','Monthly contribution - TERESIA NJOKI WAMBUI - 0 2025','CASH','MEMBER_DEPOSITS',1000.00,'deposit',474,1,'2026-03-14 11:41:17'),(402,'TXN1773488477243','2025-06-01','Monthly contribution - TERESIA NJOKI WAMBUI - 0 2025','CASH','MEMBER_DEPOSITS',1000.00,'deposit',475,1,'2026-03-14 11:41:17'),(403,'TXN1773488477500','2025-07-01','Monthly contribution - TERESIA NJOKI WAMBUI - 0 2025','CASH','MEMBER_DEPOSITS',1000.00,'deposit',476,1,'2026-03-14 11:41:17'),(404,'TXN1773488477325','2025-08-01','Monthly contribution - TERESIA NJOKI WAMBUI - 0 2025','CASH','MEMBER_DEPOSITS',1000.00,'deposit',477,1,'2026-03-14 11:41:17'),(405,'TXN1773488477861','2025-09-01','Monthly contribution - TERESIA NJOKI WAMBUI - 0 2025','CASH','MEMBER_DEPOSITS',2000.00,'deposit',478,1,'2026-03-14 11:41:17'),(407,'TXN1773488477464','2025-11-01','Monthly contribution - TERESIA NJOKI WAMBUI - 0 2025','CASH','MEMBER_DEPOSITS',2000.00,'deposit',480,1,'2026-03-14 11:41:17'),(408,'TXN1773488477941','2025-12-01','Monthly contribution - TERESIA NJOKI WAMBUI - 0 2025','CASH','MEMBER_DEPOSITS',2000.00,'deposit',481,1,'2026-03-14 11:41:17'),(409,'TXN1773488477259','2025-01-01','Monthly contribution - STANSLAUS MASILA NGULA - 0 2025','CASH','MEMBER_DEPOSITS',2000.00,'deposit',482,1,'2026-03-14 11:41:17'),(410,'TXN1773488477658','2025-04-01','Monthly contribution - STANSLAUS MASILA NGULA - 0 2025','CASH','MEMBER_DEPOSITS',6000.00,'deposit',483,1,'2026-03-14 11:41:17'),(411,'TXN1773488477177','2025-05-01','Monthly contribution - STANSLAUS MASILA NGULA - 0 2025','CASH','MEMBER_DEPOSITS',2000.00,'deposit',484,1,'2026-03-14 11:41:17'),(412,'TXN1773488477277','2025-06-01','Monthly contribution - STANSLAUS MASILA NGULA - 0 2025','CASH','MEMBER_DEPOSITS',2000.00,'deposit',485,1,'2026-03-14 11:41:17'),(413,'TXN1773488477983','2025-07-01','Monthly contribution - STANSLAUS MASILA NGULA - 0 2025','CASH','MEMBER_DEPOSITS',2000.00,'deposit',486,1,'2026-03-14 11:41:17'),(414,'TXN1773488477508','2025-08-01','Monthly contribution - PRINCE MICHAEL MWENDA GITAU - 0 2025','CASH','MEMBER_DEPOSITS',3000.00,'deposit',487,1,'2026-03-14 11:41:17'),(416,'TXN1773488477880','2025-10-01','Monthly contribution - PRINCE MICHAEL MWENDA GITAU - 0 2025','CASH','MEMBER_DEPOSITS',1000.00,'deposit',489,1,'2026-03-14 11:41:17'),(417,'TXN1773488477665','2025-11-01','Monthly contribution - PRINCE MICHAEL MWENDA GITAU - 0 2025','CASH','MEMBER_DEPOSITS',2000.00,'deposit',490,1,'2026-03-14 11:41:17'),(418,'TXN1773488477849','2025-12-01','Monthly contribution - PRINCE MICHAEL MWENDA GITAU - 0 2025','CASH','MEMBER_DEPOSITS',1000.00,'deposit',491,1,'2026-03-14 11:41:17'),(419,'TXN1773489394663','2026-03-31','Withdrawal - BETHSAIDA CHURCH','MEMBER_DEPOSITS','CASH',1000000.00,'deposit',492,1,'2026-03-14 11:56:34'),(420,'TXN1773493236198','2025-01-01','Deposit - MARAGARA GACHIE','CASH','MEMBER_DEPOSITS',1000.00,'deposit',493,1,'2026-03-14 13:00:36'),(421,'TXN1774560403241','2025-12-31','Withdrawal - SUSAN W. GITAU','MEMBER_DEPOSITS','CASH',120000.00,'deposit',598,1,'2026-03-26 21:26:43'),(422,'TXN1774560449276','2025-12-31','Withdrawal - CHRISTINE NJERI MAHUGU','MEMBER_DEPOSITS','CASH',22200.00,'deposit',599,1,'2026-03-26 21:27:29'),(423,'TXN1774560501675','2025-12-31','Withdrawal - SALOME WAMBUI KINGI','MEMBER_DEPOSITS','CASH',65792.00,'deposit',600,1,'2026-03-26 21:28:21'),(424,'TXN1774560542788','2025-12-31','Withdrawal - SUSAN WARUKIRA MAINA','MEMBER_DEPOSITS','CASH',194997.00,'deposit',601,1,'2026-03-26 21:29:02'),(425,'TXN1774560614869','2025-12-31','Withdrawal - JOHN NJUENI KARANJA','MEMBER_DEPOSITS','CASH',58504.00,'deposit',602,1,'2026-03-26 21:30:14'),(426,'TXN1774560653843','2025-12-31','Withdrawal - JOHN NDUNGU NJOROGE','MEMBER_DEPOSITS','CASH',23108.00,'deposit',603,1,'2026-03-26 21:30:53'),(427,'TXN1774560689741','2025-12-31','Withdrawal - LUCY KIENDE','MEMBER_DEPOSITS','CASH',26264.00,'deposit',604,1,'2026-03-26 21:31:29'),(428,'TXN1774560734363','2025-12-31','Withdrawal - WILSON KAMAU KARANJA','MEMBER_DEPOSITS','CASH',99927.00,'deposit',605,1,'2026-03-26 21:32:14'),(429,'TXN1774560871930','2025-12-31','Withdrawal - MARGARET WAMBUI KIBE','MEMBER_DEPOSITS','CASH',29598.00,'deposit',606,1,'2026-03-26 21:34:31');
/*!40000 ALTER TABLE `transactions` ENABLE KEYS */;
UNLOCK TABLES;

--
-- Table structure for table `users`
--

DROP TABLE IF EXISTS `users`;
/*!40101 SET @saved_cs_client     = @@character_set_client */;
/*!40101 SET character_set_client = utf8mb4 */;
CREATE TABLE `users` (
  `id` int(11) NOT NULL AUTO_INCREMENT,
  `username` varchar(50) NOT NULL,
  `password` varchar(255) NOT NULL,
  `email` varchar(100) DEFAULT NULL,
  `full_name` varchar(100) DEFAULT NULL,
  `role` enum('admin','officer','accountant','member') DEFAULT 'member',
  `status` tinyint(1) DEFAULT 1,
  `last_login` datetime DEFAULT NULL,
  `created_at` timestamp NOT NULL DEFAULT current_timestamp(),
  `failed_attempts` int(11) DEFAULT 0,
  `locked_until` datetime DEFAULT NULL,
  `password_updated_at` datetime DEFAULT NULL,
  `two_factor_secret` varchar(255) DEFAULT NULL,
  `two_factor_enabled` tinyint(1) DEFAULT 0,
  `calculated_by` int(11) DEFAULT NULL,
  PRIMARY KEY (`id`),
  UNIQUE KEY `username` (`username`)
) ENGINE=InnoDB AUTO_INCREMENT=6 DEFAULT CHARSET=utf8mb4 COLLATE=utf8mb4_general_ci;
/*!40101 SET character_set_client = @saved_cs_client */;

--
-- Dumping data for table `users`
--

LOCK TABLES `users` WRITE;
/*!40000 ALTER TABLE `users` DISABLE KEYS */;
INSERT INTO `users` VALUES (1,'admin','$2y$10$fVdBu3X.d0bsjspaFEOf/eTHE2BWqVVbfimkD7PEBib.BEYGEgdW2',NULL,'System Administrator','admin',1,'2026-04-27 16:18:52','2026-03-12 13:02:54',0,'2026-03-14 08:45:16',NULL,NULL,0,NULL),(2,'MEM2026038357','$2y$10$6QpeXniKazRIpzMqL3H.WOKAD8.gQD/mDPjKEJpQC7X3P4snziW76','emwenotikenda@gmail.com','Michael','member',1,NULL,'2026-03-12 14:51:51',0,NULL,NULL,NULL,0,NULL),(3,'MEM2026034838','$2y$10$3dsLBOwQJ9Nrf9Tc82yuL.D/Te9lOCs/BL5WYlkJoCQymU4Q.VFki','nguremike@gmail.com','Michael','member',1,NULL,'2026-03-12 15:12:51',0,NULL,NULL,NULL,0,NULL),(4,'MEM2026036874','$2y$10$nrOMTqW6Cx35ucZ5WsYRjubY.SER/baT.hTNZ9XS8y2WQcZV085ra','emwenotikenda@gmail.com','Teresi','member',1,NULL,'2026-03-12 15:13:57',0,NULL,NULL,NULL,0,NULL),(5,'MEM2026039597','$2y$10$ALguB0b7YNNMnDfYFFB2rOEu0xgyyafB1bYEwMwxqKbtNbFYD/iEu','emwenotikenda@gmail.com','James','member',1,NULL,'2026-03-12 22:14:41',0,NULL,NULL,NULL,0,NULL);
/*!40000 ALTER TABLE `users` ENABLE KEYS */;
UNLOCK TABLES;

--
-- Table structure for table `withdrawal_requests`
--

DROP TABLE IF EXISTS `withdrawal_requests`;
/*!40101 SET @saved_cs_client     = @@character_set_client */;
/*!40101 SET character_set_client = utf8mb4 */;
CREATE TABLE `withdrawal_requests` (
  `id` int(11) NOT NULL AUTO_INCREMENT,
  `member_id` int(11) NOT NULL,
  `request_date` date NOT NULL,
  `amount` decimal(10,2) NOT NULL,
  `fee_amount` decimal(10,2) DEFAULT 0.00,
  `net_amount` decimal(10,2) NOT NULL,
  `payment_method` varchar(50) NOT NULL,
  `reference_no` varchar(50) DEFAULT NULL,
  `description` text DEFAULT NULL,
  `withdrawal_type` varchar(50) DEFAULT 'regular',
  `status` enum('pending','approved','rejected','cancelled') DEFAULT 'pending',
  `approved_by` int(11) DEFAULT NULL,
  `approved_at` datetime DEFAULT NULL,
  `approval_notes` text DEFAULT NULL,
  `rejected_by` int(11) DEFAULT NULL,
  `rejected_at` datetime DEFAULT NULL,
  `rejection_reason` text DEFAULT NULL,
  `notes` text DEFAULT NULL,
  `created_by` int(11) DEFAULT NULL,
  `created_at` timestamp NOT NULL DEFAULT current_timestamp(),
  PRIMARY KEY (`id`),
  UNIQUE KEY `reference_no` (`reference_no`),
  KEY `member_id` (`member_id`),
  KEY `approved_by` (`approved_by`),
  KEY `rejected_by` (`rejected_by`),
  KEY `created_by` (`created_by`),
  CONSTRAINT `withdrawal_requests_ibfk_1` FOREIGN KEY (`member_id`) REFERENCES `members` (`id`),
  CONSTRAINT `withdrawal_requests_ibfk_2` FOREIGN KEY (`approved_by`) REFERENCES `users` (`id`),
  CONSTRAINT `withdrawal_requests_ibfk_3` FOREIGN KEY (`rejected_by`) REFERENCES `users` (`id`),
  CONSTRAINT `withdrawal_requests_ibfk_4` FOREIGN KEY (`created_by`) REFERENCES `users` (`id`)
) ENGINE=InnoDB DEFAULT CHARSET=utf8mb4 COLLATE=utf8mb4_general_ci;
/*!40101 SET character_set_client = @saved_cs_client */;

--
-- Dumping data for table `withdrawal_requests`
--

LOCK TABLES `withdrawal_requests` WRITE;
/*!40000 ALTER TABLE `withdrawal_requests` DISABLE KEYS */;
/*!40000 ALTER TABLE `withdrawal_requests` ENABLE KEYS */;
UNLOCK TABLES;

--
-- Table structure for table `year_end_processing_log`
--

DROP TABLE IF EXISTS `year_end_processing_log`;
/*!40101 SET @saved_cs_client     = @@character_set_client */;
/*!40101 SET character_set_client = utf8mb4 */;
CREATE TABLE `year_end_processing_log` (
  `id` int(11) NOT NULL AUTO_INCREMENT,
  `process_year` year(4) NOT NULL,
  `process_type` enum('admin_charges','share_capital_charge','both') NOT NULL,
  `processed_at` datetime NOT NULL,
  `processed_by` int(11) NOT NULL,
  `members_processed` int(11) DEFAULT 0,
  `total_admin_charges` decimal(10,2) DEFAULT 0.00,
  `total_share_charges` decimal(10,2) DEFAULT 0.00,
  `status` enum('pending','processing','completed','failed') DEFAULT 'pending',
  `error_log` text DEFAULT NULL,
  `completed_at` datetime DEFAULT NULL,
  `approved_by` datetime DEFAULT NULL,
  PRIMARY KEY (`id`),
  KEY `processed_by` (`processed_by`),
  CONSTRAINT `year_end_processing_log_ibfk_1` FOREIGN KEY (`processed_by`) REFERENCES `users` (`id`)
) ENGINE=InnoDB AUTO_INCREMENT=5 DEFAULT CHARSET=utf8mb4 COLLATE=utf8mb4_general_ci;
/*!40101 SET character_set_client = @saved_cs_client */;

--
-- Dumping data for table `year_end_processing_log`
--

LOCK TABLES `year_end_processing_log` WRITE;
/*!40000 ALTER TABLE `year_end_processing_log` DISABLE KEYS */;
INSERT INTO `year_end_processing_log` VALUES (2,2025,'both','2026-03-16 12:54:46',1,0,0.00,0.00,'processing',NULL,NULL,NULL),(4,2025,'both','2026-03-27 03:04:06',1,93,70000.00,23000.00,'completed','Member 13: Insufficient balance for admin charge (KES 1,000)\nMember 13: Insufficient balance for share capital charge (KES 1,000)\nMember 25: Insufficient balance for admin charge (KES 1,000)\nMember 67: Insufficient balance for admin charge (KES 1,000)\nMember 67: Insufficient balance for share capital charge (KES 1,000)\nMember 74: Insufficient balance for admin charge (KES 1,000)\nMember 74: Insufficient balance for share capital charge (KES 1,000)\nMember 84: Insufficient balance for admin charge (KES 1,000)\nMember 94: Insufficient balance for admin charge (KES 1,000)\nMember 94: Insufficient balance for share capital charge (KES 1,000)\nMember 114: Insufficient balance for admin charge (KES 1,000)\nMember 135: Insufficient balance for admin charge (KES 1,000)\nMember 135: Insufficient balance for share capital charge (KES 1,000)\nMember 155: Insufficient balance for admin charge (KES 1,000)\nMember 155: Insufficient balance for share capital charge (KES 1,000)\nMember 160: Insufficient balance for admin charge (KES 1,000)\nMember 161: Insufficient balance for admin charge (KES 1,000)\nMember 165: Insufficient balance for admin charge (KES 1,000)\nMember 165: Insufficient balance for share capital charge (KES 1,000)\nMember 166: Insufficient balance for admin charge (KES 1,000)\nMember 166: Insufficient balance for share capital charge (KES 1,000)\nMember 181: Insufficient balance for admin charge (KES 1,000)\nMember 181: Insufficient balance for share capital charge (KES 1,000)','2026-03-27 03:04:06',NULL);
/*!40000 ALTER TABLE `year_end_processing_log` ENABLE KEYS */;
UNLOCK TABLES;

--
-- Table structure for table `year_end_processing_members`
--

DROP TABLE IF EXISTS `year_end_processing_members`;
/*!40101 SET @saved_cs_client     = @@character_set_client */;
/*!40101 SET character_set_client = utf8mb4 */;
CREATE TABLE `year_end_processing_members` (
  `id` int(11) NOT NULL AUTO_INCREMENT,
  `log_id` int(11) NOT NULL,
  `member_id` int(11) NOT NULL,
  `admin_charge` decimal(10,2) DEFAULT 0.00,
  `share_charge` decimal(10,2) DEFAULT 0.00,
  `status` enum('processed','skipped','failed') DEFAULT 'processed',
  `error_message` text DEFAULT NULL,
  `created_at` timestamp NOT NULL DEFAULT current_timestamp(),
  PRIMARY KEY (`id`),
  KEY `member_id` (`member_id`),
  KEY `idx_log` (`log_id`),
  CONSTRAINT `year_end_processing_members_ibfk_1` FOREIGN KEY (`log_id`) REFERENCES `year_end_processing_log` (`id`) ON DELETE CASCADE,
  CONSTRAINT `year_end_processing_members_ibfk_2` FOREIGN KEY (`member_id`) REFERENCES `members` (`id`)
) ENGINE=InnoDB DEFAULT CHARSET=utf8mb4 COLLATE=utf8mb4_general_ci;
/*!40101 SET character_set_client = @saved_cs_client */;

--
-- Dumping data for table `year_end_processing_members`
--

LOCK TABLES `year_end_processing_members` WRITE;
/*!40000 ALTER TABLE `year_end_processing_members` DISABLE KEYS */;
/*!40000 ALTER TABLE `year_end_processing_members` ENABLE KEYS */;
UNLOCK TABLES;
/*!40103 SET TIME_ZONE=@OLD_TIME_ZONE */;

/*!40101 SET SQL_MODE=@OLD_SQL_MODE */;
/*!40014 SET FOREIGN_KEY_CHECKS=@OLD_FOREIGN_KEY_CHECKS */;
/*!40014 SET UNIQUE_CHECKS=@OLD_UNIQUE_CHECKS */;
/*!40101 SET CHARACTER_SET_CLIENT=@OLD_CHARACTER_SET_CLIENT */;
/*!40101 SET CHARACTER_SET_RESULTS=@OLD_CHARACTER_SET_RESULTS */;
/*!40101 SET COLLATION_CONNECTION=@OLD_COLLATION_CONNECTION */;
/*!40111 SET SQL_NOTES=@OLD_SQL_NOTES */;

-- Dump completed on 2026-04-27 16:25:24
